date,signal,price,stop_loss,tp,ticker,net_profit
2018-01-03 15:00:00,Long,1,0.951298857905428,0,5,-4.870%
2018-01-03 17:00:00,Long,1,0.965250869499065,1,5,0.174%
2018-01-06 15:00:00,Short,1,1.03817930503332,1,3,0.191%
2018-01-07 08:00:00,Short,1,1.02228925758338,0,2,-2.229%
2018-01-11 12:00:00,Short,1,1.02876448511983,4,7,7.047%
2018-01-12 18:00:00,Long,1,0.963471872661724,0,6,-3.653%
2018-01-13 16:00:00,Long,1,0.971611285143953,0,5,-2.839%
2018-01-15 00:00:00,Short,1,1.02749627421759,4,6,6.737%
2018-01-15 04:00:00,Short,1,1.04287369640788,4,1,10.504%
2018-01-18 14:00:00,Long,1,0.961600102570678,4,1,9.408%
2018-01-18 18:00:00,Long,1,0.961610376844422,4,1,9.405%
2018-01-19 01:00:00,Long,1,0.97200774276804,4,1,6.858%
2018-01-19 18:00:00,Long,1,0.964193120931036,4,7,8.773%
2018-01-20 12:00:00,Short,1,1.02264642937576,1,3,0.113%
2018-01-20 18:00:00,Short,1,1.02432778489117,2,2,0.365%
2018-01-21 16:00:00,Short,1,1.02950875116259,2,6,0.443%
2018-01-21 22:00:00,Short,1,1.03133999661189,2,6,0.470%
2018-01-22 07:00:00,Short,1,1.03421760861207,1,2,0.171%
2018-01-23 04:00:00,Short,1,1.01666666666667,2,2,0.250%
2018-01-23 18:00:00,Short,1,1.01744186046512,1,2,0.087%
2018-01-24 03:00:00,Short,1,1.02081389386259,1,1,0.104%
2018-01-25 08:00:00,Long,1,0.979029795608512,2,3,0.315%
2018-01-25 12:00:00,Long,1,0.984009840098401,0,2,-1.599%
2018-01-25 15:00:00,Short,1,1.03562538816826,1,4,0.178%
2018-01-25 18:00:00,Long,1,0.963463103064536,0,7,-3.654%
2018-01-25 18:00:00,Short,1,1.03497705646654,1,4,0.175%
2018-01-26 04:00:00,Long,1,0.967779730521383,1,1,0.161%
2018-01-26 12:00:00,Short,1,1.0446782851546,1,4,0.223%
2018-01-26 13:00:00,Short,1,1.04262325070886,0,5,-4.262%
2018-01-26 15:00:00,Short,1,1.03759355154822,0,7,-3.759%
2018-01-27 02:00:00,Long,1,0.972298436699985,2,3,0.416%
2018-01-27 08:00:00,Long,1,0.982144244665807,0,1,-1.786%
2018-01-28 14:00:00,Short,1,1.0143952140587,1,2,0.072%
2018-01-28 19:00:00,Short,1,1.02011656326377,2,2,0.302%
2018-01-29 01:00:00,Short,1,1.02427232444364,1,1,0.121%
2018-01-29 12:00:00,Long,1,0.981858019281332,0,6,-1.814%
2018-01-29 18:00:00,Short,1,1.01601525262154,4,2,3.924%
2018-01-30 00:00:00,Long,1,0.968325791081462,1,3,0.158%
2018-01-30 06:00:00,Short,1,1.02084085943817,4,7,5.106%
2018-01-30 14:00:00,Short,1,1.03773925604912,2,6,0.566%
2018-01-31 08:00:00,Short,1,1.03104644576607,0,1,-3.105%
2018-01-31 13:00:00,Short,1,1.02846648301194,1,6,0.142%
2018-02-01 00:00:00,Short,1,1.02406427179964,4,5,5.896%
2018-02-01 00:00:00,Short,1,1.01467772814295,4,6,3.596%
2018-02-01 01:00:00,Short,1,1.03740036787247,4,2,9.163%
2018-02-02 20:00:00,Long,1,0.980695827666389,0,1,-1.930%
2018-02-03 23:00:00,Long,1,0.961188585398934,0,5,-3.881%
2018-02-05 08:00:00,Short,1,1.02301501258705,1,1,0.115%
2018-02-05 15:00:00,Short,1,1.04615384615385,2,6,0.692%
2018-02-06 18:00:00,Short,1,1.01741344195519,4,6,4.266%
2018-02-11 17:00:00,Short,1,1.0161662817552,4,2,3.961%
2018-02-11 18:00:00,Short,1,1.01527264280599,3,1,0.535%
2018-02-12 02:00:00,Short,1,1.01513577538082,3,1,0.530%
2018-02-12 15:00:00,Short,1,1.03345734296347,0,4,-3.346%
2018-02-12 15:00:00,Short,1,1.03345734296347,0,4,-3.346%
2018-02-12 19:00:00,Short,1,1.02558576914035,2,1,0.384%
2018-02-12 19:00:00,Short,1,1.02558576914035,0,1,-2.559%
2018-02-13 17:00:00,Short,1,1.02167472687034,0,5,-2.167%
2018-02-13 20:00:00,Short,1,1.01644541974843,2,3,0.247%
2018-02-13 21:00:00,Short,1,1.03411306042885,1,2,0.171%
2018-02-13 23:00:00,Short,1,1.02909796314258,1,2,0.145%
2018-02-14 03:00:00,Short,1,1.0287451150673,1,6,0.144%
2018-02-14 11:00:00,Long,1,0.955717168640292,0,1,-4.428%
2018-02-14 14:00:00,Short,1,1.01681684074617,2,3,0.252%
2018-02-14 21:00:00,Short,1,1.0274106133271,4,1,6.716%
2018-02-15 18:00:00,Long,1,0.975027699650558,0,7,-2.497%
2018-02-16 08:00:00,Long,1,0.968975081163596,2,7,0.465%
2018-02-16 09:00:00,Long,1,0.962750921814585,4,5,9.126%
2018-02-16 11:00:00,Short,1,1.00857260896509,1,1,0.043%
2018-02-16 15:00:00,Short,1,1.0119170984456,4,1,2.920%
2018-02-16 16:00:00,Short,1,1.02129240831454,1,3,0.106%
2018-02-16 16:00:00,Short,1,1.02159590043924,3,6,0.756%
2018-02-16 19:00:00,Short,1,1.029450433868,2,2,0.442%
2018-02-17 18:00:00,Short,1,1.04418052256532,4,6,10.824%
2018-02-18 15:00:00,Short,1,1.02158838856946,2,7,0.324%
2018-02-19 02:00:00,Short,1,1.01627204521095,4,6,3.987%
2018-02-19 02:00:00,Short,1,1.01682764564578,2,3,0.252%
2018-02-19 18:00:00,Long,1,0.983051919973845,1,7,0.085%
2018-02-21 09:00:00,Short,1,1.03276627408719,0,1,-3.277%
2018-02-21 11:00:00,Short,1,1.03406326034063,1,6,0.170%
2018-02-21 21:00:00,Short,1,1.01973156211193,1,3,0.099%
2018-02-21 22:00:00,Short,1,1.03391442155309,1,2,0.170%
2018-02-22 01:00:00,Short,1,1.02099988524653,1,1,0.105%
2018-02-22 20:00:00,Short,1,1.01920614596671,0,2,-1.921%
2018-02-23 03:00:00,Short,1,1.01660280970626,0,2,-1.660%
2018-02-24 03:00:00,Long,1,0.973228860935267,1,3,0.134%
2018-02-24 06:00:00,Long,1,0.981629565593257,1,6,0.092%
2018-02-24 16:00:00,Short,1,1.00805931656996,0,2,-0.806%
2018-02-25 03:00:00,Long,1,0.984771448922948,0,1,-1.523%
2018-02-25 03:00:00,Short,1,1.02444860590928,2,5,0.367%
2018-02-25 07:00:00,Short,1,1.03139721237434,0,7,-3.140%
2018-02-27 04:00:00,Short,1,1.04225895671191,0,1,-4.226%
2018-02-27 15:00:00,Long,1,0.981276257522425,1,7,0.094%
2018-02-27 16:00:00,Long,1,0.982067978045205,1,7,0.090%
2018-02-27 16:00:00,Short,1,1.02079272254711,4,2,5.094%
2018-02-27 18:00:00,Long,1,0.990173468364584,1,1,0.049%
2018-02-27 19:00:00,Short,1,1.02445386371047,4,2,5.991%
2018-02-27 21:00:00,Short,1,1.04205540909537,3,4,1.472%
2018-02-27 21:00:00,Long,1,0.979632367046185,0,7,-2.037%
2018-02-28 13:00:00,Short,1,1.0118646039316,2,6,0.178%
2018-02-28 23:00:00,Short,1,1.01286986988591,4,3,3.153%
2018-03-01 01:00:00,Short,1,1.01633439021729,4,3,4.002%
2018-03-01 14:00:00,Short,1,1.03103486869989,2,4,0.466%
2018-03-01 17:00:00,Short,1,1.03316326530612,3,2,1.161%
2018-03-02 14:00:00,Short,1,1.01397230052703,1,6,0.070%
2018-03-02 14:00:00,Long,1,0.973351673676847,2,5,0.400%
2018-03-02 17:00:00,Short,1,1.01751713632902,1,2,0.088%
2018-03-03 00:00:00,Short,1,1.04400783585645,1,4,0.220%
2018-03-03 17:00:00,Long,1,0.982861848073354,0,5,-1.714%
2018-03-04 13:00:00,Short,1,1.02197865756673,1,1,0.110%
2018-03-04 14:00:00,Short,1,1.02316100991288,1,3,0.116%
2018-03-04 14:00:00,Short,1,1.02031645095275,1,4,0.102%
2018-03-04 19:00:00,Short,1,1.04717348927875,1,2,0.236%
2018-03-05 11:00:00,Short,1,1.02715562744678,1,4,0.136%
2018-03-06 02:00:00,Long,1,0.961376673040153,0,2,-3.862%
2018-03-06 02:00:00,Short,1,1.01770015767978,0,4,-1.770%
2018-03-06 10:00:00,Short,1,1.03686112202241,1,4,0.184%
2018-03-06 10:00:00,Short,1,1.03616034257167,0,6,-3.616%
2018-03-06 17:00:00,Short,1,1.04913741820345,1,6,0.246%
2018-03-07 20:00:00,Short,1,1.01421639303598,1,1,0.071%
2018-03-07 23:00:00,Short,1,1.01258931609391,0,1,-1.259%
2018-03-08 08:00:00,Short,1,1.03918528038657,4,5,9.600%
2018-03-08 08:00:00,Short,1,1.04223926131915,4,7,10.349%
2018-03-08 09:00:00,Long,1,0.967333777637892,2,4,0.490%
2018-03-08 11:00:00,Long,1,0.979988499137435,1,6,0.100%
2018-03-08 22:00:00,Long,1,0.984565768256162,1,6,0.077%
2018-03-09 07:00:00,Long,1,0.979718116191131,3,6,0.710%
2018-03-09 10:00:00,Short,1,1.03243243243243,0,2,-3.243%
2018-03-10 03:00:00,Long,1,0.9771292378042,0,3,-2.287%
2018-03-10 10:00:00,Long,1,0.975385036413118,1,1,0.123%
2018-03-12 23:00:00,Short,1,1.03009122141926,2,6,0.451%
2018-03-13 01:00:00,Short,1,1.02423003410445,0,3,-2.423%
2018-03-13 01:00:00,Short,1,1.02659156195336,0,1,-2.659%
2018-03-13 18:00:00,Short,1,1.01015948021264,0,6,-1.016%
2018-03-13 18:00:00,Long,1,0.970612930310663,2,2,0.441%
2018-03-14 00:00:00,Short,1,1.01825284221534,0,3,-1.825%
2018-03-14 02:00:00,Short,1,1.02795839610922,4,5,6.850%
2018-03-14 05:00:00,Long,1,0.982489633049057,2,1,0.263%
2018-03-14 07:00:00,Short,1,1.02074934787764,3,6,0.726%
2018-03-14 09:00:00,Short,1,1.03540272919154,1,3,0.177%
2018-03-16 04:00:00,Short,1,1.04150006957252,1,3,0.208%
2018-03-16 04:00:00,Short,1,1.02433823651902,0,7,-2.434%
2018-03-16 04:00:00,Short,1,1.04761904761905,4,6,11.667%
2018-03-16 05:00:00,Short,1,1.02906997585846,0,5,-2.907%
2018-03-16 12:00:00,Long,1,0.955016201622659,1,4,0.225%
2018-03-16 13:00:00,Short,1,1.01353160094019,2,1,0.203%
2018-03-17 01:00:00,Short,1,1.01581987659183,1,1,0.079%
2018-03-17 02:00:00,Short,1,1.0143119266055,4,6,3.506%
2018-03-17 10:00:00,Short,1,1.01735250371839,2,1,0.260%
2018-03-17 11:00:00,Short,1,1.02426537575122,4,3,5.945%
2018-03-19 15:00:00,Long,1,0.953419593345656,1,7,0.233%
2018-03-20 06:00:00,Long,1,0.972287458900892,3,5,0.970%
2018-03-21 09:00:00,Long,1,0.967977306291947,4,1,7.846%
2018-03-21 20:00:00,Long,1,0.965058456475539,0,5,-3.494%
2018-03-21 20:00:00,Long,1,0.951691749013583,0,7,-4.831%
2018-03-22 03:00:00,Long,1,0.972879379494337,0,7,-2.712%
2018-03-22 14:00:00,Short,1,1.02742721001502,1,4,0.137%
2018-03-22 19:00:00,Short,1,1.02934637616719,4,2,7.190%
2018-03-23 11:00:00,Short,1,1.03344932577572,1,4,0.167%
2018-03-24 00:00:00,Short,1,1.04706526200575,1,6,0.235%
2018-03-24 04:00:00,Short,1,1.04864346396273,1,6,0.243%
2018-03-24 08:00:00,Long,1,0.975670141474311,0,7,-2.433%
2018-03-24 15:00:00,Long,1,0.97298952996213,0,7,-2.701%
2018-03-25 02:00:00,Short,1,1.03998118532455,3,2,1.399%
2018-03-25 06:00:00,Short,1,1.01962016203976,1,1,0.098%
2018-03-25 08:00:00,Short,1,1.01564548147228,0,4,-1.565%
2018-03-25 09:00:00,Long,1,0.992278515307505,2,6,0.116%
2018-03-25 10:00:00,Short,1,1.01922169811321,0,5,-1.922%
2018-03-25 11:00:00,Long,1,0.990014842801241,3,6,0.349%
2018-03-25 20:00:00,Short,1,1.03343230632785,4,7,8.191%
2018-03-25 21:00:00,Short,1,1.0267229254571,4,2,6.547%
2018-03-26 02:00:00,Short,1,1.01517235905712,4,1,3.717%
2018-03-28 10:00:00,Short,1,1.03167807674545,4,5,7.761%
2018-03-28 10:00:00,Short,1,1.04404713895237,4,7,10.792%
2018-03-28 14:00:00,Short,1,1.02646349212779,4,5,6.484%
2018-03-28 20:00:00,Short,1,1.01561400327421,4,5,3.825%
2018-03-29 01:00:00,Long,1,0.975508905852417,4,1,6.000%
2018-03-29 08:00:00,Long,1,0.975446854525794,4,1,6.016%
2018-03-30 09:00:00,Short,1,1.0201850294365,0,6,-2.019%
2018-03-31 00:00:00,Long,1,0.988280755827995,2,1,0.176%
2018-03-31 01:00:00,Short,1,1.04741309560587,0,5,-4.741%
2018-03-31 16:00:00,Long,1,0.987978444106674,0,6,-1.202%
2018-03-31 22:00:00,Short,1,1.01183844011142,4,6,2.900%
2018-04-01 00:00:00,Short,1,1.00972897845726,4,6,2.384%
2018-04-01 00:00:00,Long,1,0.983708967263042,1,3,0.081%
2018-04-01 16:00:00,Short,1,1.02667231160034,0,7,-2.667%
2018-04-01 18:00:00,Long,1,0.967144840351689,1,2,0.164%
2018-04-02 12:00:00,Short,1,1.01938262742283,1,6,0.097%
2018-04-02 12:00:00,Short,1,1.02615012989612,2,3,0.392%
2018-04-02 17:00:00,Long,1,0.977573602616982,4,5,5.494%
2018-04-02 17:00:00,Short,1,1.01103626200373,0,6,-1.104%
2018-04-02 22:00:00,Long,1,0.959275555100788,2,7,0.611%
2018-04-02 22:00:00,Short,1,1.01563172235767,1,6,0.078%
2018-04-03 10:00:00,Long,1,0.979498861047836,4,2,5.023%
2018-04-04 01:00:00,Short,1,1.02674858809657,0,1,-2.675%
2018-04-04 03:00:00,Long,1,0.985194423725807,3,4,0.518%
2018-04-04 12:00:00,Long,1,0.970481298940752,1,3,0.148%
2018-04-04 14:00:00,Long,1,0.972850055126792,0,6,-2.715%
2018-04-05 07:00:00,Long,1,0.966793970327539,4,1,8.135%
2018-04-05 11:00:00,Short,1,1.03152985074627,2,7,0.473%
2018-04-05 23:00:00,Short,1,1.02630342883983,0,2,-2.630%
2018-04-06 00:00:00,Short,1,1.02523843681092,2,7,0.379%
2018-04-06 04:00:00,Long,1,0.979839051784375,1,3,0.101%
2018-04-06 05:00:00,Short,1,1.01585081585082,0,2,-1.585%
2018-04-06 14:00:00,Long,1,0.981961553654285,1,3,0.090%
2018-04-06 20:00:00,Short,1,1.02294007490637,0,2,-2.294%
2018-04-07 01:00:00,Short,1,1.01512602445518,2,4,0.227%
2018-04-07 03:00:00,Short,1,1.01396332863188,2,6,0.209%
2018-04-07 13:00:00,Short,1,1.01138119548058,0,3,-1.138%
2018-04-08 04:00:00,Long,1,0.978712673239034,1,5,0.106%
2018-04-08 17:00:00,Long,1,0.987196527678953,2,5,0.192%
2018-04-08 22:00:00,Short,1,1.0136641113004,2,1,0.205%
2018-04-09 16:00:00,Long,1,0.988895771091357,1,4,0.056%
2018-04-09 23:00:00,Long,1,0.979392296056315,1,3,0.103%
2018-04-10 01:00:00,Short,1,1.01851851851852,0,5,-1.852%
2018-04-10 03:00:00,Short,1,1.02037878787879,1,7,0.102%
2018-04-10 04:00:00,Long,1,0.984619641663016,4,1,3.768%
2018-04-10 05:00:00,Short,1,1.02488205752549,0,7,-2.488%
2018-04-10 06:00:00,Short,1,1.01262063845583,0,5,-1.262%
2018-04-10 08:00:00,Long,1,0.98463669685895,4,3,3.764%
2018-04-10 08:00:00,Long,1,0.989532449406839,4,6,2.565%
2018-04-10 16:00:00,Long,1,0.991357680512964,0,6,-0.864%
2018-04-10 23:00:00,Long,1,0.986368932478139,4,1,3.340%
2018-04-11 06:00:00,Long,1,0.990518055391369,3,5,0.332%
2018-04-11 06:00:00,Long,1,0.989670575097711,4,6,2.531%
2018-04-11 07:00:00,Short,1,1.00892180945895,2,4,0.134%
2018-04-11 09:00:00,Long,1,0.981321423396765,1,3,0.093%
2018-04-14 03:00:00,Long,1,0.950394521949588,2,7,0.744%
2018-04-14 11:00:00,Long,1,0.9811825,1,5,0.094%
2018-04-14 13:00:00,Long,1,0.97776033881415,3,5,0.778%
2018-04-14 14:00:00,Long,1,0.963452380952381,2,7,0.548%
2018-04-15 09:00:00,Short,1,1.01225791453511,1,4,0.061%
2018-04-15 09:00:00,Long,1,0.971104953967031,1,3,0.144%
2018-04-15 11:00:00,Long,1,0.971858812057309,1,3,0.141%
2018-04-16 02:00:00,Long,1,0.984284271244681,2,3,0.236%
2018-04-16 13:00:00,Long,1,0.981709547616144,4,6,4.481%
2018-04-17 00:00:00,Short,1,1.01290367029939,0,5,-1.290%
2018-04-17 22:00:00,Long,1,0.978874538745387,2,1,0.317%
2018-04-17 23:00:00,Long,1,0.975658346621511,1,4,0.122%
2018-04-18 07:00:00,Long,1,0.970738486089139,4,3,7.169%
2018-04-18 09:00:00,Long,1,0.971857875904773,4,3,6.895%
2018-04-18 11:00:00,Long,1,0.977535301668806,4,2,5.504%
2018-04-18 12:00:00,Long,1,0.983119464595176,1,4,0.084%
2018-04-18 15:00:00,Long,1,0.98598727034016,4,3,3.433%
2018-04-18 16:00:00,Long,1,0.982146127082951,2,1,0.268%
2018-04-19 05:00:00,Long,1,0.980992703360057,4,1,4.657%
2018-04-19 07:00:00,Long,1,0.976880394574599,2,2,0.347%
2018-04-19 08:00:00,Long,1,0.978624218305856,4,6,5.237%
2018-04-19 08:00:00,Long,1,0.974563642363601,2,4,0.382%
2018-04-21 10:00:00,Long,1,0.970186447973539,1,5,0.149%
2018-04-21 12:00:00,Long,1,0.950568889589178,3,3,1.730%
2018-04-21 17:00:00,Long,1,0.985659114110482,1,5,0.072%
2018-04-21 18:00:00,Long,1,0.969933274378969,4,1,7.366%
2018-04-21 21:00:00,Long,1,0.976831351476856,4,7,5.676%
2018-04-22 17:00:00,Short,1,1.02102659245516,1,2,0.105%
2018-04-22 18:00:00,Short,1,1.02224554358422,0,4,-2.225%
2018-04-22 21:00:00,Long,1,0.975926633549866,4,1,5.898%
2018-04-23 02:00:00,Long,1,0.975989640353418,4,5,5.883%
2018-04-23 04:00:00,Long,1,0.983745474154534,2,1,0.244%
2018-04-23 15:00:00,Long,1,0.986159964411017,4,5,3.391%
2018-04-23 17:00:00,Long,1,0.981502801442935,4,1,4.532%
2018-04-23 17:00:00,Long,1,0.986394944492219,0,3,-1.361%
2018-04-24 03:00:00,Short,1,1.01868576767362,0,2,-1.869%
2018-04-24 12:00:00,Long,1,0.979149959903769,2,6,0.313%
2018-04-26 04:00:00,Short,1,1.02498192625914,0,7,-2.498%
2018-04-26 16:00:00,Long,1,0.970664768875621,1,3,0.147%
2018-04-26 19:00:00,Short,1,1.02041338212395,2,4,0.306%
2018-04-26 22:00:00,Short,1,1.02444419865059,0,6,-2.444%
2018-04-27 03:00:00,Long,1,0.965181391708089,2,3,0.522%
2018-04-27 05:00:00,Long,1,0.984126984126984,4,2,3.889%
2018-04-27 15:00:00,Short,1,1.01686507936508,1,6,0.084%
2018-04-28 00:00:00,Long,1,0.972495163455046,1,3,0.138%
2018-04-28 01:00:00,Long,1,0.951782095601383,1,7,0.241%
2018-04-28 01:00:00,Long,1,0.96802040373108,1,5,0.160%
2018-04-29 17:00:00,Long,1,0.970972423802612,0,7,-2.903%
2018-04-29 17:00:00,Long,1,0.981451350471852,0,6,-1.855%
2018-04-29 17:00:00,Long,1,0.978687888405127,0,5,-2.131%
2018-04-29 17:00:00,Long,1,0.981984830058008,2,3,0.270%
2018-04-30 04:00:00,Long,1,0.978459302325581,0,7,-2.154%
2018-04-30 16:00:00,Short,1,1.01635752013096,3,5,0.573%
2018-05-01 06:00:00,Short,1,1.02320787036335,2,7,0.348%
2018-05-01 10:00:00,Short,1,1.01461306961667,1,4,0.073%
2018-05-01 12:00:00,Short,1,1.0145347362923,0,4,-1.453%
2018-05-01 14:00:00,Short,1,1.01142154591782,0,5,-1.142%
2018-05-02 19:00:00,Long,1,0.982118934426397,4,3,4.381%
2018-05-02 22:00:00,Long,1,0.981124026874267,0,6,-1.888%
2018-05-04 15:00:00,Short,1,1.02887168766597,1,1,0.144%
2018-05-04 15:00:00,Long,1,0.985545483942058,3,5,0.506%
2018-05-04 16:00:00,Short,1,1.02427839223091,1,2,0.121%
2018-05-04 16:00:00,Long,1,0.964388689362133,2,7,0.534%
2018-05-04 21:00:00,Long,1,0.969597773337001,1,3,0.152%
2018-05-05 03:00:00,Short,1,1.02226445832202,1,2,0.111%
2018-05-05 13:00:00,Short,1,1.02167434299648,4,2,5.310%
2018-05-05 15:00:00,Long,1,0.989745337416542,0,3,-1.025%
2018-05-05 17:00:00,Long,1,0.983864381898832,2,3,0.242%
2018-05-05 18:00:00,Long,1,0.975729103111654,2,7,0.364%
2018-05-05 19:00:00,Short,1,1.02864157119476,4,2,7.017%
2018-05-05 19:00:00,Long,1,0.977293272050847,0,5,-2.271%
2018-05-06 17:00:00,Short,1,1.01200111638292,4,2,2.940%
2018-05-07 01:00:00,Long,1,0.970494505494506,4,1,7.229%
2018-05-08 01:00:00,Short,1,1.01452890792291,1,5,0.073%
2018-05-08 04:00:00,Short,1,1.01779806659506,3,5,0.623%
2018-05-08 04:00:00,Short,1,1.01947830048981,4,6,4.772%
2018-05-08 05:00:00,Short,1,1.02970894013546,1,3,0.149%
2018-05-09 16:00:00,Short,1,1.01740208027226,1,4,0.087%
2018-05-09 18:00:00,Short,1,1.02166783790115,4,6,5.309%
2018-05-09 21:00:00,Short,1,1.02188054405677,1,2,0.109%
2018-05-10 03:00:00,Short,1,1.02246418471253,1,4,0.112%
2018-05-10 13:00:00,Short,1,1.00905562742561,1,6,0.045%
2018-05-10 21:00:00,Long,1,0.98305954825462,1,1,0.085%
2018-05-10 22:00:00,Long,1,0.977170451180427,1,3,0.114%
2018-05-11 20:00:00,Short,1,1.01679858777974,4,1,4.116%
2018-05-12 10:00:00,Short,1,1.03140309006406,0,6,-3.140%
2018-05-12 20:00:00,Short,1,1.03137907650576,0,1,-3.138%
2018-05-12 21:00:00,Short,1,1.01654906273955,1,5,0.083%
2018-05-12 23:00:00,Short,1,1.02230122818358,0,2,-2.230%
2018-05-12 23:00:00,Short,1,1.01673953778888,0,6,-1.674%
2018-05-13 10:00:00,Long,1,0.951916262416187,1,4,0.240%
2018-05-14 01:00:00,Long,1,0.97631359362326,1,3,0.118%
2018-05-14 22:00:00,Long,1,0.984273382996334,1,6,0.079%
2018-05-15 00:00:00,Long,1,0.983700282585432,0,3,-1.630%
2018-05-15 05:00:00,Long,1,0.980395505505403,0,5,-1.960%
2018-05-15 06:00:00,Short,1,1.0196311347296,1,1,0.098%
2018-05-15 07:00:00,Long,1,0.982966134516934,2,3,0.256%
2018-05-15 09:00:00,Short,1,1.02446982055465,1,2,0.122%
2018-05-16 14:00:00,Short,1,1.02429358182185,0,5,-2.429%
2018-05-17 03:00:00,Short,1,1.0239535446407,2,5,0.359%
2018-05-17 05:00:00,Long,1,0.987215069450988,1,4,0.064%
2018-05-17 05:00:00,Short,1,1.02520062146329,3,7,0.882%
2018-05-17 09:00:00,Long,1,0.985092952079028,1,4,0.075%
2018-05-17 10:00:00,Long,1,0.98440532003796,0,7,-1.559%
2018-05-17 10:00:00,Long,1,0.98692349659541,1,3,0.065%
2018-05-18 00:00:00,Long,1,0.958912890199346,1,1,0.205%
2018-05-18 07:00:00,Short,1,1.0411468878584,0,1,-4.115%
2018-05-18 08:00:00,Short,1,1.01318037588479,2,6,0.198%
2018-05-18 09:00:00,Short,1,1.02034636884565,1,3,0.102%
2018-05-18 17:00:00,Short,1,1.00938909889038,2,6,0.141%
2018-05-18 21:00:00,Short,1,1.01850582590816,0,2,-1.851%
2018-05-19 02:00:00,Short,1,1.01880378561294,1,4,0.094%
2018-05-19 07:00:00,Long,1,0.97190618445306,1,1,0.140%
2018-05-19 12:00:00,Short,1,1.01709717097171,0,6,-1.710%
2018-05-19 19:00:00,Short,1,1.0119780971937,0,2,-1.198%
2018-05-19 21:00:00,Long,1,0.966101694915254,1,7,0.169%
2018-05-19 21:00:00,Long,1,0.973295820380976,0,3,-2.670%
2018-05-20 03:00:00,Long,1,0.984906520802846,3,5,0.528%
2018-05-21 01:00:00,Long,1,0.980853315509511,0,7,-1.915%
2018-05-22 09:00:00,Short,1,1.01658968092421,3,3,0.581%
2018-05-22 11:00:00,Short,1,1.01757921835058,1,4,0.088%
2018-05-22 12:00:00,Short,1,1.01662404092072,4,1,4.073%
2018-05-22 14:00:00,Short,1,1.0091697645601,2,6,0.138%
2018-05-22 14:00:00,Short,1,1.02587263694432,4,1,6.339%
2018-05-22 16:00:00,Short,1,1.00979541227526,2,6,0.147%
2018-05-23 18:00:00,Short,1,1.02573807721423,0,2,-2.574%
2018-05-23 23:00:00,Short,1,1.02703174384412,1,4,0.135%
2018-05-24 12:00:00,Short,1,1.03225585887421,0,7,-3.226%
2018-05-25 04:00:00,Short,1,1.0416519054608,1,7,0.208%
2018-05-25 07:00:00,Long,1,0.959581202824446,2,1,0.606%
2018-05-25 11:00:00,Short,1,1.03781766841468,2,7,0.567%
2018-05-26 17:00:00,Short,1,1.01241068070703,1,2,0.062%
2018-05-26 23:00:00,Long,1,0.982548410231891,2,1,0.262%
2018-05-27 01:00:00,Long,1,0.988491413028986,1,3,0.058%
2018-05-27 09:00:00,Long,1,0.99025096961887,2,4,0.146%
2018-05-27 14:00:00,Short,1,1.01543739279588,0,5,-1.544%
2018-05-27 16:00:00,Long,1,0.985170743235259,3,1,0.519%
2018-05-27 18:00:00,Long,1,0.986919981060606,3,1,0.458%
2018-05-28 15:00:00,Long,1,0.952380952380953,0,1,-4.762%
2018-05-30 02:00:00,Long,1,0.981788606386364,2,7,0.273%
2018-05-30 04:00:00,Long,1,0.983640019345789,1,4,0.082%
2018-05-30 05:00:00,Long,1,0.973833742546475,0,7,-2.617%
2018-05-30 15:00:00,Long,1,0.968436154949784,1,2,0.158%
2018-05-30 18:00:00,Long,1,0.979130861772649,4,6,5.113%
2018-05-30 21:00:00,Long,1,0.966704772792226,4,7,8.157%
2018-05-30 22:00:00,Long,1,0.987533942236485,1,6,0.062%
2018-05-30 23:00:00,Long,1,0.973176229289293,1,5,0.134%
2018-05-31 22:00:00,Long,1,0.984727715241862,0,1,-1.527%
2018-05-31 22:00:00,Short,1,1.01704102796526,1,4,0.085%
2018-06-01 01:00:00,Long,1,0.978062472018459,1,7,0.110%
2018-06-01 02:00:00,Long,1,0.97994477086247,0,5,-2.006%
2018-06-01 03:00:00,Long,1,0.97013422818792,0,2,-2.987%
2018-06-01 04:00:00,Long,1,0.992398234428641,2,6,0.114%
2018-06-01 14:00:00,Short,1,1.03377750232414,0,1,-3.378%
2018-06-01 18:00:00,Long,1,0.975699481865285,4,7,5.954%
2018-06-01 20:00:00,Long,1,0.979749775902624,0,3,-2.025%
2018-06-02 02:00:00,Long,1,0.969937532613764,1,4,0.150%
2018-06-02 02:00:00,Long,1,0.980245231607629,1,2,0.099%
2018-06-02 03:00:00,Long,1,0.970443858754221,2,3,0.443%
2018-06-02 12:00:00,Long,1,0.9890896692806,4,2,2.673%
2018-06-03 00:00:00,Long,1,0.991016815390525,0,4,-0.898%
2018-06-03 01:00:00,Long,1,0.991725768321513,4,6,2.027%
2018-06-03 15:00:00,Long,1,0.989145091780969,0,5,-1.085%
2018-06-03 17:00:00,Long,1,0.990067186839574,1,5,0.050%
2018-06-03 19:00:00,Long,1,0.989917020893208,0,5,-1.008%
2018-06-03 20:00:00,Long,1,0.979870884641428,0,4,-2.013%
2018-06-04 16:00:00,Long,1,0.955673358899165,0,6,-4.433%
2018-06-04 18:00:00,Short,1,1.01935160985375,2,1,0.290%
2018-06-06 00:00:00,Short,1,1.01865686093174,0,4,-1.866%
2018-06-06 00:00:00,Short,1,1.02271114265437,1,2,0.114%
2018-06-06 01:00:00,Long,1,0.98504084799358,1,3,0.075%
2018-06-06 06:00:00,Long,1,0.991862449140307,1,5,0.041%
2018-06-06 07:00:00,Long,1,0.979667010461175,0,7,-2.033%
2018-06-06 07:00:00,Long,1,0.983797796500324,0,1,-1.620%
2018-06-06 08:00:00,Long,1,0.985620881701481,2,3,0.216%
2018-06-06 10:00:00,Long,1,0.985492577597841,0,6,-1.451%
2018-06-06 16:00:00,Long,1,0.974176091553936,1,5,0.129%
2018-06-06 17:00:00,Long,1,0.978029766123317,1,7,0.110%
2018-06-07 11:00:00,Long,1,0.990986685317584,0,5,-0.901%
2018-06-07 21:00:00,Short,1,1.01477061658104,1,4,0.074%
2018-06-07 22:00:00,Short,1,1.00799756955548,1,3,0.040%
2018-06-08 08:00:00,Short,1,1.00976208773263,2,3,0.146%
2018-06-08 10:00:00,Short,1,1.01024822349343,0,4,-1.025%
2018-06-08 10:00:00,Short,1,1.0086827373472,0,6,-0.868%
2018-06-08 13:00:00,Short,1,1.01080879612374,0,2,-1.081%
2018-06-08 15:00:00,Long,1,0.972552409768748,3,1,0.961%
2018-06-09 04:00:00,Short,1,1.00842465708087,2,4,0.126%
2018-06-09 05:00:00,Short,1,1.01524730383042,1,2,0.076%
2018-06-09 22:00:00,Short,1,1.01158522596926,3,6,0.405%
2018-06-10 15:00:00,Short,1,1.03020369936783,2,6,0.453%
2018-06-10 17:00:00,Short,1,1.0484564282923,1,2,0.242%
2018-06-11 02:00:00,Short,1,1.03204446021048,0,6,-3.204%
2018-06-11 07:00:00,Short,1,1.01022658319644,2,5,0.153%
2018-06-11 09:00:00,Short,1,1.01875191258462,1,5,0.094%
2018-06-11 09:00:00,Short,1,1.02911445922054,1,7,0.146%
2018-06-11 22:00:00,Short,1,1.04775757575758,3,1,1.672%
2018-06-12 04:00:00,Short,1,1.03994225216554,3,1,1.398%
2018-06-12 05:00:00,Short,1,1.03829451243585,3,2,1.340%
2018-06-12 08:00:00,Short,1,1.03338638847872,4,7,8.180%
2018-06-12 10:00:00,Short,1,1.02096660835193,1,4,0.105%
2018-06-12 11:00:00,Short,1,1.02948996395999,2,3,0.442%
2018-06-14 05:00:00,Short,1,1.0224870843969,2,3,0.337%
2018-06-14 09:00:00,Short,1,1.02201747038411,1,6,0.110%
2018-06-14 15:00:00,Long,1,0.97424081295049,0,6,-2.576%
2018-06-15 00:00:00,Long,1,0.986105093922057,1,4,0.069%
2018-06-15 10:00:00,Long,1,0.97330562574856,0,4,-2.669%
2018-06-15 11:00:00,Long,1,0.982318271119843,0,2,-1.768%
2018-06-15 11:00:00,Long,1,0.972017673048601,0,1,-2.798%
2018-06-15 14:00:00,Short,1,1.01586919932676,4,6,3.888%
2018-06-15 15:00:00,Short,1,1.01502570185844,1,2,0.075%
2018-06-15 22:00:00,Short,1,1.01672640382318,1,2,0.084%
2018-06-16 08:00:00,Short,1,1.02605006017829,1,7,0.130%
2018-06-16 19:00:00,Short,1,1.01051473285243,2,6,0.158%
2018-06-16 21:00:00,Long,1,0.964035686437371,2,3,0.539%
2018-06-17 03:00:00,Short,1,1.01473674183582,1,4,0.074%
2018-06-17 04:00:00,Short,1,1.00803779604859,4,1,1.969%
2018-06-17 09:00:00,Long,1,0.989540186304875,1,3,0.052%
2018-06-17 14:00:00,Long,1,0.986386789314833,0,5,-1.361%
2018-06-17 18:00:00,Short,1,1.00804181745074,2,2,0.121%
2018-06-17 18:00:00,Long,1,0.987999505863834,1,3,0.060%
2018-06-17 20:00:00,Short,1,1.01170298627926,1,2,0.059%
2018-06-18 12:00:00,Short,1,1.01763668430335,2,1,0.265%
2018-06-18 17:00:00,Short,1,1.01769029525352,0,6,-1.769%
2018-06-18 18:00:00,Short,1,1.01555464592714,1,2,0.078%
2018-06-18 19:00:00,Short,1,1.02029333670502,1,1,0.101%
2018-06-18 20:00:00,Short,1,1.01597051597052,1,2,0.080%
2018-06-18 22:00:00,Short,1,1.02080602020532,0,4,-2.081%
2018-06-19 01:00:00,Short,1,1.01285411206789,0,6,-1.285%
2018-06-19 12:00:00,Short,1,1.02240753708065,1,1,0.112%
2018-06-19 15:00:00,Short,1,1.03039014373717,1,2,0.152%
2018-06-19 16:00:00,Long,1,0.990327449620273,1,5,0.048%
2018-06-19 21:00:00,Short,1,1.02008733309072,2,4,0.301%
2018-06-20 04:00:00,Long,1,0.97961691294517,0,3,-2.038%
2018-06-20 09:00:00,Long,1,0.966846468171161,0,3,-3.315%
2018-06-20 23:00:00,Short,1,1.0128652613771,1,4,0.064%
2018-06-21 01:00:00,Short,1,1.01088102517165,2,4,0.163%
2018-06-21 03:00:00,Short,1,1.01276755538866,2,6,0.192%
2018-06-21 05:00:00,Long,1,0.983527902365578,0,3,-1.647%
2018-06-21 07:00:00,Short,1,1.0262261361445,4,1,6.425%
2018-06-22 16:00:00,Short,1,1.02044422009086,2,6,0.307%
2018-06-22 22:00:00,Short,1,1.02328198123608,2,4,0.349%
2018-06-22 23:00:00,Long,1,0.98263585259213,0,6,-1.736%
2018-06-22 23:00:00,Short,1,1.01054018445323,4,2,2.582%
2018-06-23 18:00:00,Short,1,1.00942972608891,0,2,-0.943%
2018-06-23 20:00:00,Short,1,1.02345889143787,4,1,5.747%
2018-06-23 22:00:00,Short,1,1.01443220660843,3,6,0.505%
2018-06-24 20:00:00,Short,1,1.03271692745377,0,2,-3.272%
2018-06-24 20:00:00,Short,1,1.04745279192582,0,4,-4.745%
2018-06-24 20:00:00,Short,1,1.01554404145078,0,6,-1.554%
2018-06-25 04:00:00,Short,1,1.02889174466152,0,4,-2.889%
2018-06-25 09:00:00,Short,1,1.01957733696357,1,6,0.098%
2018-06-25 16:00:00,Short,1,1.04841505384889,2,4,0.726%
2018-06-25 19:00:00,Short,1,1.0289990645463,4,2,7.105%
2018-06-27 07:00:00,Short,1,1.02280612480918,2,7,0.342%
2018-06-27 21:00:00,Short,1,1.01949317738791,1,2,0.097%
2018-06-27 22:00:00,Short,1,1.01568209225822,4,5,3.842%
2018-06-27 22:00:00,Short,1,1.03085991678225,3,7,1.080%
2018-06-27 23:00:00,Short,1,1.02633954939655,0,3,-2.634%
2018-06-28 02:00:00,Long,1,0.976601457614116,0,1,-2.340%
2018-06-28 04:00:00,Short,1,1.02390868648562,0,3,-2.391%
2018-06-28 04:00:00,Short,1,1.02770032032816,3,7,0.970%
2018-06-28 11:00:00,Long,1,0.980763620611376,1,4,0.096%
2018-06-28 12:00:00,Short,1,1.00926829268293,0,2,-0.927%
2018-06-28 13:00:00,Short,1,1.00828460038986,0,2,-0.828%
2018-06-28 14:00:00,Short,1,1.01474299375747,3,6,0.516%
2018-06-28 15:00:00,Short,1,1.01340457874614,4,7,3.284%
2018-06-28 16:00:00,Short,1,1.01520353114272,2,2,0.228%
2018-06-29 11:00:00,Short,1,1.02724795640327,1,6,0.136%
2018-06-29 12:00:00,Short,1,1.02585034013605,2,6,0.388%
2018-06-29 15:00:00,Short,1,1.03075871496924,1,6,0.154%
2018-06-29 18:00:00,Short,1,1.03047697143638,1,6,0.152%
2018-06-30 09:00:00,Short,1,1.02093822424678,0,1,-2.094%
2018-06-30 10:00:00,Short,1,1.02623435760278,2,3,0.394%
2018-06-30 18:00:00,Long,1,0.971173115461693,3,7,1.009%
2018-07-01 00:00:00,Long,1,0.979420018709074,4,2,5.042%
2018-07-01 00:00:00,Long,1,0.987019715382255,0,5,-1.298%
2018-07-01 10:00:00,Long,1,0.99099180863652,0,3,-0.901%
2018-07-01 15:00:00,Short,1,1.01080631753948,1,6,0.054%
2018-07-01 16:00:00,Long,1,0.979406701099192,4,7,5.045%
2018-07-01 16:00:00,Long,1,0.981010671688638,4,5,4.652%
2018-07-01 19:00:00,Long,1,0.98678192271128,2,3,0.198%
2018-07-02 01:00:00,Short,1,1.01576517383764,1,4,0.079%
2018-07-02 02:00:00,Long,1,0.977140295831466,4,2,5.601%
2018-07-02 03:00:00,Long,1,0.985576709714641,4,7,3.534%
2018-07-02 03:00:00,Long,1,0.988218499020703,4,5,2.886%
2018-07-02 06:00:00,Long,1,0.985554840570706,4,7,3.539%
2018-07-02 06:00:00,Long,1,0.988592352762221,4,5,2.795%
2018-07-02 06:00:00,Long,1,0.971912617030763,3,2,0.983%
2018-07-02 23:00:00,Long,1,0.985820302146833,1,6,0.071%
2018-07-03 09:00:00,Long,1,0.990639487413579,1,4,0.047%
2018-07-03 11:00:00,Long,1,0.985607294737324,2,4,0.216%
2018-07-03 16:00:00,Long,1,0.986559281952871,0,5,-1.344%
2018-07-04 06:00:00,Long,1,0.976526162790698,1,1,0.117%
2018-07-04 10:00:00,Short,1,1.02526217287081,1,3,0.126%
2018-07-04 22:00:00,Short,1,1.01597280682088,0,3,-1.597%
2018-07-04 23:00:00,Long,1,0.976184433164129,1,7,0.119%
2018-07-04 23:00:00,Long,1,0.981953678673193,0,1,-1.805%
2018-07-05 03:00:00,Long,1,0.975276815146649,1,7,0.124%
2018-07-05 07:00:00,Long,1,0.986438911860456,0,5,-1.356%
2018-07-06 00:00:00,Short,1,1.01330763708828,2,4,0.200%
2018-07-06 03:00:00,Short,1,1.01071975497703,2,6,0.161%
2018-07-06 10:00:00,Short,1,1.0165216066677,1,4,0.083%
2018-07-06 17:00:00,Short,1,1.01731042019637,2,3,0.260%
2018-07-06 20:00:00,Short,1,1.02306273062731,2,2,0.346%
2018-07-06 21:00:00,Short,1,1.01852382901102,2,3,0.278%
2018-07-07 01:00:00,Short,1,1.01420345489443,2,1,0.213%
2018-07-07 03:00:00,Short,1,1.00925276882097,0,6,-0.925%
2018-07-07 03:00:00,Short,1,1.01435921062735,2,1,0.215%
2018-07-07 12:00:00,Short,1,1.04166666666667,0,2,-4.167%
2018-07-07 12:00:00,Short,1,1.02546332346986,0,1,-2.546%
2018-07-07 19:00:00,Long,1,0.967816091954023,0,2,-3.218%
2018-07-08 16:00:00,Long,1,0.992176714219972,1,2,0.039%
2018-07-09 09:00:00,Long,1,0.9891427900667,1,5,0.054%
2018-07-09 11:00:00,Short,1,1.00821342555912,2,4,0.123%
2018-07-09 16:00:00,Long,1,0.990184388390162,2,5,0.147%
2018-07-10 21:00:00,Short,1,1.01967535661584,2,2,0.295%
2018-07-11 11:00:00,Short,1,1.01066515208886,1,5,0.053%
2018-07-11 14:00:00,Short,1,1.0378751404269,2,7,0.568%
2018-07-11 14:00:00,Short,1,1.03103448275862,0,2,-3.103%
2018-07-11 19:00:00,Long,1,0.977730830797124,1,4,0.111%
2018-07-11 20:00:00,Short,1,1.01827160493827,1,2,0.091%
2018-07-11 20:00:00,Short,1,1.00855227699831,4,5,2.095%
2018-07-11 21:00:00,Short,1,1.01691742197667,3,7,0.592%
2018-07-11 21:00:00,Short,1,1.02386156648452,2,1,0.358%
2018-07-11 23:00:00,Short,1,1.01478595675848,4,7,3.623%
2018-07-12 04:00:00,Long,1,0.977647208923636,1,4,0.112%
2018-07-12 16:00:00,Short,1,1.00941993058999,1,2,0.047%
2018-07-12 17:00:00,Short,1,1.02353701310689,0,1,-2.354%
2018-07-12 22:00:00,Long,1,0.952758973466056,1,3,0.236%
2018-07-13 14:00:00,Short,1,1.02741663968922,0,5,-2.742%
2018-07-14 07:00:00,Long,1,0.988018433179724,3,2,0.419%
2018-07-14 11:00:00,Long,1,0.973672265093055,1,2,0.132%
2018-07-14 16:00:00,Short,1,1.01398041507167,1,4,0.070%
2018-07-14 18:00:00,Short,1,1.02123813827384,0,1,-2.124%
2018-07-15 03:00:00,Long,1,0.977313974591652,4,2,5.558%
2018-07-15 05:00:00,Short,1,1.01291048562333,1,4,0.065%
2018-07-15 23:00:00,Long,1,0.989732142857143,2,2,0.154%
2018-07-16 01:00:00,Long,1,0.985548632744894,4,1,3.541%
2018-07-16 01:00:00,Long,1,0.977221708701967,4,7,5.581%
2018-07-16 01:00:00,Long,1,0.980656604534759,0,3,-1.934%
2018-07-16 09:00:00,Long,1,0.988577069524749,0,6,-1.142%
2018-07-16 19:00:00,Long,1,0.981018248787087,0,4,-1.898%
2018-07-17 09:00:00,Long,1,0.990208132995525,4,5,2.399%
2018-07-18 02:00:00,Short,1,1.03702627502743,4,4,9.071%
2018-07-18 08:00:00,Short,1,1.03929708046314,4,4,9.628%
2018-07-19 04:00:00,Long,1,0.980909371799732,1,5,0.095%
2018-07-19 08:00:00,Short,1,1.01478343563586,4,1,3.622%
2018-07-20 03:00:00,Long,1,0.982714303127231,2,5,0.259%
2018-07-20 23:00:00,Short,1,1.01010924506767,2,6,0.152%
2018-07-21 02:00:00,Short,1,1.01653967664003,1,1,0.083%
2018-07-21 17:00:00,Short,1,1.02656461053579,0,2,-2.656%
2018-07-21 18:00:00,Short,1,1.02536332500231,2,1,0.380%
2018-07-21 19:00:00,Short,1,1.02277142105766,2,4,0.342%
2018-07-21 21:00:00,Short,1,1.02148653633346,2,1,0.322%
2018-07-21 23:00:00,Short,1,1.0126540673788,4,6,3.100%
2018-07-22 00:00:00,Long,1,0.981468712290984,1,7,0.093%
2018-07-22 01:00:00,Short,1,1.02503352704515,0,2,-2.503%
2018-07-22 03:00:00,Long,1,0.98595030885676,2,5,0.211%
2018-07-22 06:00:00,Long,1,0.988294891140332,2,7,0.176%
2018-07-22 07:00:00,Short,1,1.00892528524107,4,1,2.187%
2018-07-22 10:00:00,Short,1,1.01013357899585,4,1,2.483%
2018-07-22 18:00:00,Short,1,1.0275105463299,1,4,0.138%
2018-07-22 19:00:00,Short,1,1.03028570969476,1,4,0.151%
2018-07-22 20:00:00,Long,1,0.976236548550318,4,5,5.822%
2018-07-22 21:00:00,Long,1,0.974447543445612,0,7,-2.555%
2018-07-23 01:00:00,Short,1,1.03345722355712,1,4,0.167%
2018-07-24 05:00:00,Short,1,1.02227791389094,1,3,0.111%
2018-07-24 14:00:00,Short,1,1.03201146679408,1,2,0.160%
2018-07-25 16:00:00,Long,1,0.974053237047611,1,7,0.130%
2018-07-25 17:00:00,Long,1,0.973296610026043,0,5,-2.670%
2018-07-25 19:00:00,Long,1,0.976622922856495,0,5,-2.338%
2018-07-25 19:00:00,Long,1,0.975732851074568,1,7,0.121%
2018-07-25 22:00:00,Short,1,1.01836145858231,1,4,0.092%
2018-07-26 09:00:00,Long,1,0.986396499238965,0,1,-1.360%
2018-07-26 13:00:00,Long,1,0.98560393258427,0,6,-1.440%
2018-07-26 14:00:00,Long,1,0.989803092106139,0,5,-1.020%
2018-07-27 07:00:00,Long,1,0.986632940984295,1,3,0.067%
2018-07-27 19:00:00,Short,1,1.02236580516899,4,2,5.480%
2018-07-28 01:00:00,Short,1,1.00797679477883,0,6,-0.798%
2018-07-28 06:00:00,Short,1,1.00819573176738,1,3,0.041%
2018-07-28 09:00:00,Short,1,1.01829838337722,1,4,0.091%
2018-07-28 13:00:00,Long,1,0.984542908227713,1,5,0.077%
2018-07-28 14:00:00,Short,1,1.00986327129164,1,3,0.049%
2018-07-28 18:00:00,Long,1,0.980785503778705,0,5,-1.921%
2018-07-28 18:00:00,Long,1,0.980785503778705,0,5,-1.921%
2018-07-28 20:00:00,Short,1,1.01035046304703,0,6,-1.035%
2018-07-28 20:00:00,Short,1,1.0093094609669,1,3,0.047%
2018-07-28 22:00:00,Short,1,1.01584021949014,1,4,0.079%
2018-07-28 22:00:00,Short,1,1.01584021949014,1,4,0.079%
2018-07-28 23:00:00,Short,1,1.0150974235451,1,7,0.075%
2018-07-29 01:00:00,Short,1,1.01415955823897,1,7,0.071%
2018-07-29 07:00:00,Short,1,1.00763876305082,0,3,-0.764%
2018-07-29 07:00:00,Short,1,1.00924918389554,0,6,-0.925%
2018-07-29 09:00:00,Long,1,0.98771051987775,1,5,0.061%
2018-07-29 13:00:00,Long,1,0.988070103665174,1,5,0.060%
2018-07-29 19:00:00,Short,1,1.01422558014031,4,7,3.485%
2018-07-29 20:00:00,Short,1,1.02497760971241,4,1,6.120%
2018-07-29 20:00:00,Short,1,1.01630157921549,4,2,3.994%
2018-07-29 22:00:00,Short,1,1.0088717957439,1,3,0.044%
2018-07-30 03:00:00,Short,1,1.01318277356978,2,4,0.198%
2018-07-30 03:00:00,Short,1,1.00947246349403,1,3,0.047%
2018-07-31 03:00:00,Short,1,1.02077145425077,1,5,0.104%
2018-07-31 10:00:00,Short,1,1.01824419073979,1,3,0.091%
2018-08-01 10:00:00,Short,1,1.017013554695,2,3,0.255%
2018-08-01 11:00:00,Short,1,1.03000545553737,3,2,1.050%
2018-08-01 15:00:00,Short,1,1.02571115973742,4,2,6.299%
2018-08-01 23:00:00,Short,1,1.01633705932932,4,7,4.003%
2018-08-02 03:00:00,Short,1,1.01879474226064,3,7,0.658%
2018-08-02 05:00:00,Short,1,1.01799642685956,1,5,0.090%
2018-08-03 12:00:00,Long,1,0.985357584351944,4,4,3.587%
2018-08-03 16:00:00,Long,1,0.982874412357287,3,6,0.599%
2018-08-04 01:00:00,Short,1,1.01008084894764,4,5,2.470%
2018-08-04 05:00:00,Short,1,1.01210915661284,4,5,2.967%
2018-08-04 07:00:00,Long,1,0.982626127631139,3,6,0.608%
2018-08-04 07:00:00,Long,1,0.986032578404264,3,4,0.489%
2018-08-04 07:00:00,Long,1,0.988675330621253,4,3,2.775%
2018-08-04 10:00:00,Long,1,0.973698936765529,1,2,0.132%
2018-08-04 19:00:00,Long,1,0.984341992468936,1,4,0.078%
2018-08-05 06:00:00,Long,1,0.982826997426129,1,4,0.086%
2018-08-05 09:00:00,Short,1,1.01396627293663,0,7,-1.397%
2018-08-05 09:00:00,Short,1,1.02454768786127,0,5,-2.455%
2018-08-05 09:00:00,Long,1,0.983531474822862,0,3,-1.647%
2018-08-05 09:00:00,Long,1,0.987281399046105,2,1,0.191%
2018-08-05 09:00:00,Long,1,0.983193277310924,0,6,-1.681%
2018-08-05 15:00:00,Long,1,0.988402970799215,1,3,0.058%
2018-08-05 16:00:00,Long,1,0.986861313868613,0,6,-1.314%
2018-08-06 02:00:00,Long,1,0.986685730042296,1,3,0.067%
2018-08-06 03:00:00,Short,1,1.02702687195729,1,5,0.135%
2018-08-06 04:00:00,Long,1,0.984375,0,6,-1.562%
2018-08-06 04:00:00,Long,1,0.992214791895399,1,1,0.039%
2018-08-06 07:00:00,Long,1,0.992016764793933,1,1,0.040%
2018-08-06 18:00:00,Long,1,0.989399729488841,1,4,0.053%
2018-08-09 03:00:00,Short,1,1.02364864864865,2,1,0.355%
2018-08-09 05:00:00,Short,1,1.0100409430214,4,3,2.460%
2018-08-09 07:00:00,Short,1,1.0214050555393,1,5,0.107%
2018-08-09 07:00:00,Short,1,1.02742437093582,0,7,-2.742%
2018-08-09 21:00:00,Short,1,1.02961643378055,1,7,0.148%
2018-08-09 23:00:00,Short,1,1.03030486884744,1,5,0.152%
2018-08-10 08:00:00,Short,1,1.01699563042388,1,3,0.085%
2018-08-10 12:00:00,Short,1,1.01945747963143,0,3,-1.946%
2018-08-10 18:00:00,Short,1,1.03652456792546,3,4,1.278%
2018-08-11 10:00:00,Short,1,1.01022174121623,1,5,0.051%
2018-08-12 06:00:00,Short,1,1.01974859922043,1,3,0.099%
2018-08-12 06:00:00,Short,1,1.0156087408949,1,6,0.078%
2018-08-12 07:00:00,Short,1,1.0112676056338,1,2,0.056%
2018-08-12 08:00:00,Short,1,1.01431594671978,2,1,0.215%
2018-08-12 09:00:00,Short,1,1.03547454155914,1,4,0.177%
2018-08-12 11:00:00,Long,1,0.97989380788824,2,5,0.302%
2018-08-13 06:00:00,Short,1,1.00869196523214,4,6,2.130%
2018-08-13 08:00:00,Short,1,1.01388626487814,4,7,3.402%
2018-08-13 09:00:00,Short,1,1.01105442176871,4,6,2.708%
2018-08-13 10:00:00,Short,1,1.01782531194296,4,1,4.367%
2018-08-14 15:00:00,Short,1,1.01907420330309,0,6,-1.907%
2018-08-15 08:00:00,Short,1,1.02844818631319,0,4,-2.845%
2018-08-15 16:00:00,Long,1,0.967805953693495,1,6,0.161%
2018-08-15 20:00:00,Short,1,1.04247277174153,0,3,-4.247%
2018-08-16 02:00:00,Short,1,1.02221616464495,2,1,0.333%
2018-08-16 03:00:00,Long,1,0.951413518818222,1,7,0.243%
2018-08-16 04:00:00,Long,1,0.971446462116468,1,5,0.143%
2018-08-16 09:00:00,Short,1,1.02422611036339,0,2,-2.423%
2018-08-16 11:00:00,Short,1,1.04399100304167,0,4,-4.399%
2018-08-16 21:00:00,Long,1,0.971299260920489,1,5,0.144%
2018-08-19 01:00:00,Long,1,0.96925586648262,2,1,0.461%
2018-08-19 01:00:00,Long,1,0.963799143635656,2,6,0.543%
2018-08-19 02:00:00,Short,1,1.02195075221266,0,4,-2.195%
2018-08-19 04:00:00,Short,1,1.01077637064422,0,5,-1.078%
2018-08-19 12:00:00,Short,1,1.01779839809697,0,5,-1.780%
2018-08-19 13:00:00,Short,1,1.04143375004235,3,7,1.450%
2018-08-20 12:00:00,Long,1,0.986053328509742,0,5,-1.395%
2018-08-21 08:00:00,Short,1,1.02758755625122,4,6,6.759%
2018-08-21 09:00:00,Short,1,1.02005699343396,1,4,0.100%
2018-08-21 12:00:00,Short,1,1.02321452329702,0,4,-2.321%
2018-08-21 19:00:00,Short,1,1.01523545706371,1,2,0.076%
2018-08-21 22:00:00,Short,1,1.03044997673098,0,4,-3.045%
2018-08-21 22:00:00,Short,1,1.01365054602184,4,6,3.344%
2018-08-21 23:00:00,Short,1,1.03311762602918,1,3,0.166%
2018-08-22 00:00:00,Short,1,1.03055555555556,2,2,0.458%
2018-08-22 08:00:00,Short,1,1.02516556291391,2,1,0.377%
2018-08-22 21:00:00,Short,1,1.02292291051073,0,4,-2.292%
2018-08-23 03:00:00,Short,1,1.00997008973081,2,6,0.150%
2018-08-23 04:00:00,Short,1,1.01506872739284,1,3,0.075%
2018-08-23 04:00:00,Short,1,1.01662427660437,1,7,0.083%
2018-08-23 05:00:00,Short,1,1.00999550901847,1,4,0.050%
2018-08-23 15:00:00,Short,1,1.01180968643569,0,5,-1.181%
2018-08-23 17:00:00,Short,1,1.02699851280505,1,3,0.135%
2018-08-23 19:00:00,Short,1,1.01186883926775,1,6,0.059%
2018-08-23 21:00:00,Short,1,1.0349750178444,1,2,0.175%
2018-08-24 04:00:00,Short,1,1.01637010676157,2,2,0.246%
2018-08-24 09:00:00,Short,1,1.01781895937277,2,2,0.267%
2018-08-24 13:00:00,Long,1,0.976826418693953,0,4,-2.317%
2018-08-24 18:00:00,Short,1,1.00955794807012,4,3,2.342%
2018-08-25 12:00:00,Long,1,0.986771067968108,0,7,-1.323%
2018-08-25 16:00:00,Short,1,1.00778564534056,1,3,0.039%
2018-08-25 17:00:00,Long,1,0.991078400894837,1,5,0.045%
2018-08-25 17:00:00,Short,1,1.01026792032058,2,4,0.154%
2018-08-25 20:00:00,Short,1,1.01661849710983,1,2,0.083%
2018-08-25 20:00:00,Short,1,1.01635356129207,2,1,0.245%
2018-08-26 07:00:00,Long,1,0.981763826606876,1,5,0.091%
2018-08-26 10:00:00,Short,1,1.01016639239349,1,7,0.051%
2018-08-26 15:00:00,Short,1,1.01413466480652,0,7,-1.413%
2018-08-26 20:00:00,Short,1,1.01006021442209,0,7,-1.006%
2018-08-26 22:00:00,Short,1,1.00894617414416,1,4,0.045%
2018-08-26 23:00:00,Long,1,0.990964201295941,1,5,0.045%
2018-08-28 13:00:00,Long,1,0.9769137549352,2,4,0.346%
2018-08-28 14:00:00,Long,1,0.977004599080184,0,6,-2.300%
2018-08-29 00:00:00,Long,1,0.992356951335763,2,5,0.115%
2018-08-29 03:00:00,Long,1,0.989967571233777,1,5,0.050%
2018-08-29 04:00:00,Long,1,0.978378378378378,2,2,0.324%
2018-08-29 04:00:00,Long,1,0.97768800675824,0,4,-2.231%
2018-08-29 08:00:00,Long,1,0.966780752969599,0,6,-3.322%
2018-08-29 16:00:00,Long,1,0.9779495869765,0,4,-2.205%
2018-08-29 18:00:00,Short,1,1.02001633986928,4,6,4.904%
2018-08-30 10:00:00,Long,1,0.954540236482608,3,1,1.591%
2018-08-30 18:00:00,Short,1,1.01414433504434,1,4,0.071%
2018-08-30 20:00:00,Short,1,1.01677852348993,4,6,4.111%
2018-08-30 20:00:00,Short,1,1.02879396859992,1,3,0.144%
2018-08-31 03:00:00,Short,1,1.01817466280276,1,7,0.091%
2018-08-31 03:00:00,Short,1,1.01116538729937,0,2,-1.117%
2018-08-31 07:00:00,Short,1,1.02056277056277,0,7,-2.056%
2018-08-31 07:00:00,Short,1,1.01709053887116,0,5,-1.709%
2018-08-31 09:00:00,Short,1,1.01328671328671,0,2,-1.329%
2018-08-31 11:00:00,Long,1,0.985568461809222,4,5,3.536%
2018-08-31 18:00:00,Short,1,1.03452753008557,0,3,-3.453%
2018-09-01 21:00:00,Long,1,0.989755899372738,1,3,0.051%
2018-09-02 00:00:00,Long,1,0.972233848092488,0,4,-2.777%
2018-09-02 12:00:00,Long,1,0.9768031650492,0,7,-2.320%
2018-09-02 16:00:00,Short,1,1.01348790547319,0,1,-1.349%
2018-09-02 18:00:00,Long,1,0.977861277546461,0,7,-2.214%
2018-09-02 23:00:00,Short,1,1.02685464921114,1,1,0.134%
2018-09-03 08:00:00,Long,1,0.987046408116376,1,5,0.065%
2018-09-03 12:00:00,Short,1,1.01262272089762,0,2,-1.262%
2018-09-03 19:00:00,Short,1,1.01450742240216,2,1,0.218%
2018-09-03 22:00:00,Short,1,1.0172101037815,2,3,0.258%
2018-09-03 22:00:00,Short,1,1.01751586833617,2,7,0.263%
2018-09-04 01:00:00,Short,1,1.01051156271899,0,2,-1.051%
2018-09-04 01:00:00,Long,1,0.990701577112334,1,5,0.046%
2018-09-04 13:00:00,Short,1,1.02235885969816,1,7,0.112%
2018-09-04 14:00:00,Short,1,1.02020431328036,4,1,4.950%
2018-09-04 20:00:00,Short,1,1.01369552914544,4,1,3.355%
2018-09-06 01:00:00,Short,1,1.03072196620584,0,2,-3.072%
2018-09-06 07:00:00,Short,1,1.0315907983308,1,3,0.158%
2018-09-06 10:00:00,Short,1,1.01358277758957,1,4,0.068%
2018-09-06 11:00:00,Short,1,1.02293096413151,2,3,0.344%
2018-09-06 12:00:00,Short,1,1.01632196831702,0,4,-1.632%
2018-09-06 16:00:00,Short,1,1.02790519877676,0,1,-2.791%
2018-09-07 02:00:00,Short,1,1.03766717871214,1,3,0.188%
2018-09-07 02:00:00,Short,1,1.0398316349136,4,7,9.759%
2018-09-07 02:00:00,Short,1,1.03169811320755,4,2,7.766%
2018-09-07 03:00:00,Short,1,1.0150583534463,2,5,0.226%
2018-09-07 04:00:00,Short,1,1.02742388715787,1,4,0.137%
2018-09-08 02:00:00,Short,1,1.01141812443874,0,4,-1.142%
2018-09-08 07:00:00,Short,1,1.01103271107532,4,5,2.703%
2018-09-08 08:00:00,Short,1,1.00849420849421,1,2,0.042%
2018-09-08 08:00:00,Short,1,1.01304147465438,4,7,3.195%
2018-09-08 09:00:00,Short,1,1.0141878406432,4,3,3.476%
2018-09-08 09:00:00,Short,1,1.01408808224394,2,1,0.211%
2018-09-08 11:00:00,Short,1,1.02121676891616,2,1,0.318%
2018-09-09 12:00:00,Short,1,1.0369155045119,4,2,9.044%
2018-09-09 13:00:00,Short,1,1.0234551195309,4,6,5.747%
2018-09-09 18:00:00,Short,1,1.02962656039777,0,5,-2.963%
2018-09-09 22:00:00,Short,1,1.02067235323633,1,7,0.103%
2018-09-09 23:00:00,Short,1,1.02624197496459,2,3,0.394%
2018-09-10 02:00:00,Short,1,1.02090659934716,3,3,0.732%
2018-09-10 09:00:00,Long,1,0.986633354153654,0,1,-1.337%
2018-09-10 19:00:00,Long,1,0.980235176382287,0,1,-1.976%
2018-09-10 22:00:00,Short,1,1.02571092875648,1,3,0.129%
2018-09-10 22:00:00,Short,1,1.02091165413534,3,6,0.732%
2018-09-10 23:00:00,Short,1,1.03494623655914,4,7,8.562%
2018-09-11 19:00:00,Short,1,1.01018748682033,1,5,0.051%
2018-09-11 19:00:00,Short,1,1.01512241958713,2,6,0.227%
2018-09-11 23:00:00,Short,1,1.03100374628601,1,1,0.155%
2018-09-12 01:00:00,Short,1,1.01114861785602,1,5,0.056%
2018-09-13 02:00:00,Short,1,1.02042927333851,0,1,-2.043%
2018-09-14 13:00:00,Long,1,0.975201563645248,2,1,0.372%
2018-09-14 14:00:00,Long,1,0.981193406083121,1,6,0.094%
2018-09-14 14:00:00,Long,1,0.980707395498392,0,5,-1.929%
2018-09-15 01:00:00,Short,1,1.02396931927133,0,2,-2.397%
2018-09-16 05:00:00,Long,1,0.978410324448197,1,1,0.108%
2018-09-16 06:00:00,Long,1,0.969429003070854,1,4,0.153%
2018-09-16 06:00:00,Long,1,0.987459359033906,1,6,0.063%
2018-09-16 11:00:00,Long,1,0.975377924722514,1,3,0.123%
2018-09-16 11:00:00,Long,1,0.974827223213877,2,7,0.378%
2018-09-17 04:00:00,Long,1,0.992384029540734,1,6,0.038%
2018-09-19 19:00:00,Long,1,0.976222958487624,4,6,5.825%
2018-09-19 21:00:00,Short,1,1.0364180877211,0,4,-3.642%
2018-09-20 02:00:00,Long,1,0.984747751271021,4,6,3.737%
2018-09-20 05:00:00,Long,1,0.98758865248227,4,2,3.041%
2018-09-20 12:00:00,Short,1,1.02729382834848,1,3,0.136%
2018-09-20 12:00:00,Short,1,1.01814543203346,2,4,0.272%
2018-09-20 14:00:00,Long,1,0.985503802281369,0,7,-1.450%
2018-09-21 13:00:00,Long,1,0.971509273597947,3,4,0.997%
2018-09-22 04:00:00,Long,1,0.977336474812072,0,1,-2.266%
2018-09-22 11:00:00,Long,1,0.960173112370024,2,4,0.597%
2018-09-22 14:00:00,Long,1,0.986922983135927,1,5,0.065%
2018-09-22 18:00:00,Long,1,0.979212480809925,2,7,0.312%
2018-09-22 18:00:00,Long,1,0.984755074127689,3,3,0.534%
2018-09-23 00:00:00,Long,1,0.983280089615401,3,7,0.585%
2018-09-23 03:00:00,Long,1,0.971582009398075,1,1,0.142%
2018-09-23 13:00:00,Long,1,0.989454790217635,2,1,0.158%
2018-09-23 17:00:00,Long,1,0.979681112019624,0,7,-2.032%
2018-09-23 21:00:00,Long,1,0.97740840454173,1,6,0.113%
2018-09-25 21:00:00,Short,1,1.04955559121432,1,3,0.248%
2018-09-25 22:00:00,Short,1,1.00899773100696,0,5,-0.900%
2018-09-26 03:00:00,Short,1,1.04218833012593,1,3,0.211%
2018-09-26 07:00:00,Short,1,1.01489464761443,0,1,-1.489%
2018-09-26 11:00:00,Long,1,0.968217583965473,1,4,0.159%
2018-09-26 18:00:00,Short,1,1.03016303501742,2,3,0.452%
2018-09-26 18:00:00,Short,1,1.04281317041321,2,7,0.642%
2018-09-26 19:00:00,Long,1,0.988010196634004,4,5,2.938%
2018-09-26 20:00:00,Long,1,0.98999077753537,1,5,0.050%
2018-09-26 21:00:00,Long,1,0.9878477823355,4,5,2.977%
2018-09-26 22:00:00,Long,1,0.971819645732689,3,2,0.986%
2018-09-26 23:00:00,Short,1,1.0233945166212,3,7,0.819%
2018-09-27 00:00:00,Short,1,1.01937453425473,3,3,0.678%
2018-09-28 02:00:00,Long,1,0.982211910286156,0,2,-1.779%
2018-09-29 04:00:00,Long,1,0.966080257560078,1,1,0.170%
2018-09-30 01:00:00,Long,1,0.981886240426814,2,7,0.272%
2018-09-30 01:00:00,Long,1,0.982838672916425,2,3,0.257%
2018-09-30 04:00:00,Long,1,0.980410127162333,1,1,0.098%
2018-10-01 01:00:00,Short,1,1.01394120720042,1,4,0.070%
2018-10-01 04:00:00,Long,1,0.975225225225225,0,6,-2.477%
2018-10-01 19:00:00,Short,1,1.00785545954438,2,2,0.118%
2018-10-02 02:00:00,Short,1,1.01576044129236,1,2,0.079%
2018-10-02 02:00:00,Short,1,1.0123611290443,1,3,0.062%
2018-10-02 04:00:00,Short,1,1.01719310525855,4,7,4.212%
2018-10-02 06:00:00,Short,1,1.02795239816423,4,4,6.848%
2018-10-02 16:00:00,Short,1,1.008681925809,4,2,2.127%
2018-10-02 18:00:00,Short,1,1.0131425913003,2,1,0.197%
2018-10-03 07:00:00,Short,1,1.02424542305789,1,6,0.121%
2018-10-03 12:00:00,Short,1,1.01430749384309,0,1,-1.431%
2018-10-03 13:00:00,Short,1,1.01826608505998,1,7,0.091%
2018-10-03 14:00:00,Short,1,1.0308764940239,0,6,-3.088%
2018-10-03 15:00:00,Short,1,1.00961485064819,1,5,0.048%
2018-10-03 15:00:00,Short,1,1.01538461538462,0,2,-1.538%
2018-10-04 06:00:00,Short,1,1.02928456690968,4,6,7.175%
2018-10-04 06:00:00,Short,1,1.01618122977346,1,2,0.081%
2018-10-04 12:00:00,Short,1,1.01012693673901,2,3,0.152%
2018-10-05 01:00:00,Long,1,0.991375757575758,2,5,0.129%
2018-10-05 09:00:00,Long,1,0.986529680365296,1,1,0.067%
2018-10-06 02:00:00,Short,1,1.01764029144829,4,6,4.322%
2018-10-06 22:00:00,Long,1,0.992023518326173,1,3,0.040%
2018-10-06 22:00:00,Long,1,0.990484199344959,0,7,-0.952%
2018-10-07 04:00:00,Short,1,1.01110189071418,0,4,-1.110%
2018-10-07 06:00:00,Short,1,1.0136795733828,0,1,-1.368%
2018-10-07 14:00:00,Short,1,1.00781494216943,0,7,-0.781%
2018-10-09 12:00:00,Long,1,0.985239852398524,1,1,0.074%
2018-10-09 13:00:00,Long,1,0.98159509202454,0,2,-1.840%
2018-10-10 19:00:00,Short,1,1.01290400257257,4,5,3.161%
2018-10-11 14:00:00,Short,1,1.01047628012626,2,4,0.157%
2018-10-12 09:00:00,Short,1,1.01797152837601,0,3,-1.797%
2018-10-12 12:00:00,Short,1,1.01786148238153,0,1,-1.786%
2018-10-12 16:00:00,Short,1,1.02120441051739,2,2,0.318%
2018-10-12 17:00:00,Short,1,1.01482606182776,0,3,-1.483%
2018-10-12 17:00:00,Short,1,1.02008113590264,0,7,-2.008%
2018-10-13 03:00:00,Short,1,1.01441899915182,1,2,0.072%
2018-10-13 05:00:00,Long,1,0.979540400296516,0,6,-2.046%
2018-10-13 17:00:00,Long,1,0.990242154136101,0,4,-0.976%
2018-10-14 05:00:00,Short,1,1.01581087185665,4,6,3.874%
2018-10-14 08:00:00,Short,1,1.01519939804364,4,6,3.724%
2018-10-14 22:00:00,Long,1,0.987460815047022,4,5,3.072%
2018-10-15 22:00:00,Short,1,1.02418074125697,1,4,0.121%
2018-10-16 02:00:00,Long,1,0.974400377451935,0,5,-2.560%
2018-10-16 06:00:00,Long,1,0.984178937613086,0,5,-1.582%
2018-10-16 11:00:00,Short,1,1.02695546674163,1,4,0.135%
2018-10-16 18:00:00,Long,1,0.989351600090202,1,3,0.053%
2018-10-16 19:00:00,Long,1,0.986643086517429,1,7,0.067%
2018-10-16 20:00:00,Long,1,0.987732568815491,1,5,0.061%
2018-10-17 03:00:00,Long,1,0.990792242212874,1,3,0.046%
2018-10-18 02:00:00,Short,1,1.01097387691764,2,4,0.165%
2018-10-19 12:00:00,Short,1,1.00965972525606,2,7,0.145%
2018-10-20 14:00:00,Long,1,0.987731387032759,0,4,-1.227%
2018-10-20 17:00:00,Long,1,0.991445800028047,0,6,-0.855%
2018-10-20 21:00:00,Long,1,0.988225399495374,0,2,-1.177%
2018-10-21 03:00:00,Long,1,0.990725126475548,0,2,-0.927%
2018-10-22 01:00:00,Long,1,0.988822720196937,0,5,-1.118%
2018-10-22 12:00:00,Short,1,1.00856164383562,0,2,-0.856%
2018-10-22 22:00:00,Short,1,1.00839520551269,3,7,0.294%
2018-10-22 22:00:00,Short,1,1.00858737655646,4,6,2.104%
2018-10-22 22:00:00,Short,1,1.01198630136986,4,2,2.937%
2018-10-24 09:00:00,Short,1,1.01212121212121,1,2,0.061%
2018-10-25 19:00:00,Short,1,1.01027471828885,2,4,0.154%
2018-10-25 20:00:00,Short,1,1.01140350877193,2,2,0.171%
2018-10-26 08:00:00,Short,1,1.01039636624725,4,5,2.547%
2018-10-26 09:00:00,Long,1,0.986241752070757,1,6,0.069%
2018-10-26 13:00:00,Short,1,1.00920517447017,4,5,2.255%
2018-10-26 21:00:00,Short,1,1.01231310466139,4,2,3.017%
2018-10-28 05:00:00,Short,1,1.0108630809781,1,4,0.054%
2018-10-28 10:00:00,Short,1,1.00972145047112,1,4,0.049%
2018-10-29 06:00:00,Short,1,1.01168136362929,3,5,0.409%
2018-10-30 11:00:00,Short,1,1.00868505256742,1,7,0.043%
2018-10-30 12:00:00,Short,1,1.00927055299971,0,4,-0.927%
2018-10-31 01:00:00,Short,1,1.00813256074006,1,7,0.041%
2018-10-31 01:00:00,Short,1,1.00867821165399,0,4,-0.868%
2018-10-31 01:00:00,Short,1,1.0096245436904,1,3,0.048%
2018-10-31 08:00:00,Short,1,1.0091270498605,0,4,-0.913%
2018-10-31 21:00:00,Short,1,1.01000909918107,1,2,0.050%
2018-11-01 11:00:00,Long,1,0.991255674274964,1,4,0.044%
2018-11-01 17:00:00,Long,1,0.991762568140521,1,1,0.041%
2018-11-02 08:00:00,Long,1,0.991039426523298,4,2,2.195%
2018-11-03 07:00:00,Long,1,0.986398443075069,4,4,3.332%
2018-11-03 14:00:00,Long,1,0.987129266864797,4,4,3.153%
2018-11-03 19:00:00,Long,1,0.992,1,2,0.040%
2018-11-04 01:00:00,Long,1,0.982589195681913,4,4,4.266%
2018-11-05 02:00:00,Long,1,0.989762036524626,4,6,2.508%
2018-11-05 04:00:00,Long,1,0.991805413821055,2,3,0.123%
2018-11-05 05:00:00,Long,1,0.975568660488626,2,2,0.366%
2018-11-05 08:00:00,Long,1,0.985556660510489,0,7,-1.444%
2018-11-05 08:00:00,Long,1,0.986965474665181,0,3,-1.303%
2018-11-05 09:00:00,Long,1,0.984585741811176,4,6,3.776%
2018-11-05 16:00:00,Long,1,0.988457964996709,4,3,2.828%
2018-11-05 16:00:00,Long,1,0.986740173946105,4,7,3.249%
2018-11-05 17:00:00,Long,1,0.991475817836374,4,4,2.088%
2018-11-05 18:00:00,Long,1,0.983382094792276,3,1,0.582%
2018-11-05 23:00:00,Long,1,0.989958119169998,4,7,2.460%
2018-11-07 02:00:00,Long,1,0.982546594469278,0,3,-1.745%
2018-11-07 15:00:00,Long,1,0.983668494820232,1,6,0.082%
2018-11-08 09:00:00,Short,1,1.00957315937766,1,4,0.048%
2018-11-08 12:00:00,Short,1,1.02773109243698,1,2,0.139%
2018-11-08 17:00:00,Short,1,1.01407952394832,1,3,0.070%
2018-11-08 17:00:00,Short,1,1.03119730185498,1,2,0.156%
2018-11-08 17:00:00,Short,1,1.0099706744868,1,1,0.050%
2018-11-09 02:00:00,Short,1,1.00929502898997,1,3,0.046%
2018-11-09 03:00:00,Short,1,1.01686340640809,2,2,0.253%
2018-11-09 05:00:00,Short,1,1.01224393689663,2,1,0.184%
2018-11-09 09:00:00,Short,1,1.03007037747921,0,6,-3.007%
2018-11-09 15:00:00,Short,1,1.01378782075833,1,6,0.069%
2018-11-10 04:00:00,Short,1,1.00892939312703,0,4,-0.893%
2018-11-10 20:00:00,Short,1,1.01539777587682,0,2,-1.540%
2018-11-11 12:00:00,Long,1,0.982338099243061,1,2,0.088%
2018-11-12 02:00:00,Short,1,1.01158645276292,0,6,-1.159%
2018-11-12 08:00:00,Long,1,0.980753138075314,0,2,-1.925%
2018-11-12 09:00:00,Short,1,1.00962947818718,1,4,0.048%
2018-11-12 10:00:00,Short,1,1.01303874975625,2,4,0.196%
2018-11-13 08:00:00,Short,1,1.01404485612871,3,4,0.492%
2018-11-13 12:00:00,Short,1,1.01887152115898,4,7,4.624%
2018-11-16 00:00:00,Short,1,1.02538531278332,1,2,0.127%
2018-11-16 02:00:00,Short,1,1.02818083383265,4,5,6.904%
2018-11-16 09:00:00,Long,1,0.983394182075138,4,6,4.068%
2018-11-17 05:00:00,Short,1,1.01055076809638,2,3,0.158%
2018-11-17 08:00:00,Short,1,1.00923361034164,0,2,-0.923%
2018-11-17 16:00:00,Short,1,1.00845674398992,1,3,0.042%
2018-11-18 04:00:00,Short,1,1.01264551959842,0,5,-1.265%
2018-11-18 05:00:00,Short,1,1.01350878524296,1,4,0.068%
2018-11-18 05:00:00,Short,1,1.01526372321782,0,7,-1.526%
2018-11-18 07:00:00,Short,1,1.01549335595137,0,7,-1.549%
2018-11-18 08:00:00,Short,1,1.0092153945215,1,3,0.046%
2018-11-18 12:00:00,Long,1,0.980233602875112,0,2,-1.977%
2018-11-20 20:00:00,Long,1,0.969060547075095,0,6,-3.094%
2018-11-21 03:00:00,Long,1,0.988052136133237,1,1,0.060%
2018-11-21 21:00:00,Long,1,0.990400767938565,0,1,-0.960%
2018-11-21 23:00:00,Long,1,0.988283658787256,1,6,0.059%
2018-11-22 01:00:00,Short,1,1.01811807127255,1,3,0.091%
2018-11-22 06:00:00,Long,1,0.991358617378781,0,1,-0.864%
2018-11-23 05:00:00,Short,1,1.03011929502853,1,4,0.151%
2018-11-23 11:00:00,Short,1,1.02903344358692,0,1,-2.903%
2018-11-23 15:00:00,Long,1,0.979944758016092,0,1,-2.006%
2018-11-23 17:00:00,Long,1,0.985507246376812,1,1,0.072%
2018-11-23 19:00:00,Short,1,1.01194284495628,1,6,0.060%
2018-11-23 20:00:00,Short,1,1.01311806256307,4,2,3.214%
2018-11-23 21:00:00,Short,1,1.0110775427996,4,2,2.714%
2018-11-24 01:00:00,Short,1,1.03569011885429,0,4,-3.569%
2018-11-24 01:00:00,Short,1,1.0224032586558,2,2,0.336%
2018-11-24 01:00:00,Short,1,1.03143284180595,4,5,7.701%
2018-11-24 03:00:00,Short,1,1.03186907435273,0,3,-3.187%
2018-11-24 04:00:00,Short,1,1.03360176079894,4,5,8.232%
2018-11-24 09:00:00,Long,1,0.98452680820439,0,1,-1.547%
2018-11-24 10:00:00,Short,1,1.01235745757798,0,3,-1.236%
2018-11-24 19:00:00,Short,1,1.03182751540041,3,2,1.114%
2018-11-26 06:00:00,Short,1,1.04061623258932,3,5,1.422%
2018-11-26 06:00:00,Short,1,1.04258443465492,3,7,1.490%
2018-11-26 08:00:00,Short,1,1.03218884120172,0,2,-3.219%
2018-11-26 15:00:00,Short,1,1.01808510638298,1,2,0.090%
2018-11-26 19:00:00,Long,1,0.990839369407754,0,6,-0.916%
2018-11-27 04:00:00,Short,1,1.01500535905681,1,2,0.075%
2018-11-28 10:00:00,Long,1,0.963350785340314,2,2,0.550%
2018-11-28 18:00:00,Short,1,1.0186131865251,4,1,4.560%
2018-11-29 22:00:00,Short,1,1.01506399365727,0,6,-1.506%
2018-11-29 22:00:00,Long,1,0.965105524257967,0,7,-3.489%
2018-11-29 22:00:00,Long,1,0.969814093887935,0,5,-3.019%
2018-11-30 12:00:00,Short,1,1.02085505735141,0,2,-2.086%
2018-11-30 20:00:00,Short,1,1.01894283319113,1,5,0.095%
2018-11-30 20:00:00,Short,1,1.02231995750954,0,4,-2.232%
2018-11-30 22:00:00,Short,1,1.01612224870321,4,1,3.950%
2018-11-30 23:00:00,Short,1,1.01461377870564,0,2,-1.461%
2018-12-01 03:00:00,Long,1,0.98342522061896,0,3,-1.657%
2018-12-02 03:00:00,Short,1,1.01686622178816,0,3,-1.687%
2018-12-02 03:00:00,Short,1,1.02089959109496,0,6,-2.090%
2018-12-02 09:00:00,Long,1,0.979815910154982,2,4,0.303%
2018-12-02 10:00:00,Short,1,1.01467765609123,1,6,0.073%
2018-12-02 11:00:00,Long,1,0.981963927855712,1,2,0.090%
2018-12-02 12:00:00,Short,1,1.01063678910793,4,1,2.606%
2018-12-02 14:00:00,Long,1,0.972187602181773,0,5,-2.781%
2018-12-02 15:00:00,Long,1,0.98438560760353,0,7,-1.561%
2018-12-04 01:00:00,Short,1,1.01666732457785,1,3,0.083%
2018-12-04 02:00:00,Short,1,1.02026452780113,1,4,0.101%
2018-12-04 04:00:00,Short,1,1.01697406966613,1,3,0.085%
2018-12-04 08:00:00,Short,1,1.01843476757771,1,4,0.092%
2018-12-04 12:00:00,Short,1,1.01860795545662,1,4,0.093%
2018-12-04 14:00:00,Short,1,1.04208651996673,1,5,0.210%
2018-12-04 14:00:00,Short,1,1.03181113845593,4,7,7.794%
2018-12-04 17:00:00,Short,1,1.01595183208724,2,3,0.239%
2018-12-04 17:00:00,Short,1,1.00763016157989,2,6,0.114%
2018-12-06 06:00:00,Short,1,1.0340933497021,4,5,8.353%
2018-12-06 12:00:00,Short,1,1.01203193522996,3,6,0.421%
2018-12-06 13:00:00,Short,1,1.01100876207594,3,6,0.385%
2018-12-06 14:00:00,Short,1,1.0130571814498,3,6,0.457%
2018-12-06 16:00:00,Short,1,1.01936799184506,2,6,0.291%
2018-12-07 02:00:00,Short,1,1.02508797820411,0,6,-2.509%
2018-12-08 03:00:00,Short,1,1.03142374842114,2,5,0.471%
2018-12-09 03:00:00,Short,1,1.02971428571429,1,2,0.149%
2018-12-09 04:00:00,Short,1,1.02390620330145,1,3,0.120%
2018-12-09 12:00:00,Short,1,1.04198916245492,2,4,0.630%
2018-12-10 08:00:00,Short,1,1.00918484500574,2,2,0.138%
2018-12-10 17:00:00,Short,1,1.02243258104879,0,4,-2.243%
2018-12-11 02:00:00,Short,1,1.01873773417696,1,4,0.094%
2018-12-11 14:00:00,Short,1,1.01511627906977,0,2,-1.512%
2018-12-11 17:00:00,Long,1,0.991978307535872,2,6,0.120%
2018-12-11 21:00:00,Short,1,1.02416399450298,0,7,-2.416%
2018-12-12 20:00:00,Long,1,0.991326875422393,1,6,0.043%
2018-12-13 01:00:00,Long,1,0.984198645598194,1,2,0.079%
2018-12-13 06:00:00,Long,1,0.971453590192645,0,1,-2.855%
2018-12-13 06:00:00,Long,1,0.97187465396966,0,7,-2.813%
2018-12-13 16:00:00,Short,1,1.02979759752241,1,4,0.149%
2018-12-14 01:00:00,Long,1,0.972217337787938,0,1,-2.778%
2018-12-14 19:00:00,Short,1,1.00802752293578,1,2,0.040%
2018-12-15 01:00:00,Short,1,1.01671984881812,2,5,0.251%
2018-12-15 03:00:00,Short,1,1.00802752293578,0,2,-0.803%
2018-12-15 09:00:00,Short,1,1.01857394093041,0,3,-1.857%
2018-12-16 22:00:00,Long,1,0.97002609714229,2,4,0.450%
2018-12-17 01:00:00,Long,1,0.975787766450417,4,7,5.932%
2018-12-17 03:00:00,Long,1,0.98572202971572,0,3,-1.428%
2018-12-17 07:00:00,Short,1,1.01359003397509,0,6,-1.359%
2018-12-18 00:00:00,Long,1,0.989759780374747,2,3,0.154%
2018-12-18 01:00:00,Long,1,0.989555264323715,2,3,0.157%
2018-12-18 07:00:00,Long,1,0.977443609022556,3,2,0.789%
2018-12-18 15:00:00,Long,1,0.976370409792443,4,7,5.789%
2018-12-18 16:00:00,Long,1,0.982851018220793,3,2,0.600%
2018-12-19 07:00:00,Long,1,0.96696568418055,0,1,-3.303%
2018-12-20 19:00:00,Short,1,1.01935874168179,0,1,-1.936%
2018-12-21 07:00:00,Long,1,0.968114596822688,0,5,-3.189%
2018-12-21 11:00:00,Short,1,1.01847802317953,0,6,-1.848%
2018-12-21 20:00:00,Short,1,1.02216641188032,1,6,0.111%
2018-12-22 08:00:00,Short,1,1.02788579133871,0,5,-2.789%
2018-12-22 11:00:00,Long,1,0.980676328502416,4,2,4.734%
2018-12-22 17:00:00,Short,1,1.01674800354925,0,6,-1.675%
2018-12-25 06:00:00,Long,1,0.971797179717972,1,6,0.141%
2018-12-25 14:00:00,Long,1,0.978746757134305,1,6,0.106%
2018-12-25 16:00:00,Short,1,1.01671928101267,1,4,0.084%
2018-12-26 02:00:00,Short,1,1.03020141435728,1,5,0.151%
2018-12-26 03:00:00,Short,1,1.0419776119403,1,2,0.210%
2018-12-26 09:00:00,Short,1,1.02164179104478,1,1,0.108%
2018-12-26 14:00:00,Short,1,1.0146300220467,0,5,-1.463%
2018-12-26 20:00:00,Short,1,1.01522842639594,1,1,0.076%
2018-12-26 21:00:00,Short,1,1.04862444017914,1,7,0.243%
2018-12-26 21:00:00,Short,1,1.02758655993792,2,5,0.414%
2018-12-26 21:00:00,Short,1,1.04318208339815,1,3,0.216%
2018-12-28 04:00:00,Short,1,1.02116082224909,2,7,0.317%
2018-12-28 04:00:00,Short,1,1.02106934886183,1,6,0.105%
2018-12-28 06:00:00,Short,1,1.02281308999371,0,1,-2.281%
2018-12-29 07:00:00,Long,1,0.981447124304267,3,2,0.649%
2018-12-29 09:00:00,Long,1,0.975131655939146,2,1,0.373%
2018-12-29 15:00:00,Long,1,0.974196741104625,0,5,-2.580%
2018-12-29 17:00:00,Long,1,0.986106791083463,0,6,-1.389%
2018-12-29 22:00:00,Long,1,0.980415083308974,1,1,0.098%
2018-12-29 22:00:00,Long,1,0.977272727272727,2,2,0.341%
2018-12-30 02:00:00,Long,1,0.979945305378304,2,2,0.301%
2018-12-30 03:00:00,Long,1,0.97827038063293,1,1,0.109%
2018-12-30 12:00:00,Long,1,0.980550138194854,0,4,-1.945%
2018-12-30 21:00:00,Short,1,1.02447773791939,1,6,0.122%
2018-12-31 06:00:00,Long,1,0.979123324572875,1,3,0.104%
2018-12-31 11:00:00,Long,1,0.985028164838423,0,7,-1.497%
2018-12-31 23:00:00,Long,1,0.972770076658596,1,3,0.136%
2019-01-01 03:00:00,Short,1,1.00844335734267,0,5,-0.844%
2019-01-01 09:00:00,Short,1,1.02018405424414,1,5,0.101%
2019-01-01 12:00:00,Short,1,1.0299909118449,0,7,-2.999%
2019-01-01 12:00:00,Short,1,1.0127970749543,0,2,-1.280%
2019-01-02 01:00:00,Long,1,0.985640436530729,4,1,3.518%
2019-01-03 00:00:00,Long,1,0.985418345581986,0,4,-1.458%
2019-01-03 16:00:00,Long,1,0.974876902936197,2,3,0.377%
2019-01-03 18:00:00,Long,1,0.979747147634066,3,3,0.709%
2019-01-04 03:00:00,Short,1,1.01222651222651,1,6,0.061%
2019-01-04 03:00:00,Short,1,1.00947042650126,2,5,0.142%
2019-01-04 05:00:00,Short,1,1.03004721705537,0,1,-3.005%
2019-01-04 05:00:00,Short,1,1.01129725486021,2,5,0.169%
2019-01-04 10:00:00,Long,1,0.985915492957746,1,2,0.070%
2019-01-04 14:00:00,Long,1,0.978483920510624,4,4,5.271%
2019-01-04 22:00:00,Short,1,1.01246775580396,2,6,0.187%
2019-01-05 00:00:00,Short,1,1.02298686464877,1,1,0.115%
2019-01-05 07:00:00,Long,1,0.982502187226597,4,2,4.287%
2019-01-05 08:00:00,Long,1,0.984295415959253,1,1,0.079%
2019-01-05 12:00:00,Long,1,0.989755895217142,0,5,-1.024%
2019-01-05 14:00:00,Long,1,0.978645397825947,0,7,-2.135%
2019-01-05 15:00:00,Long,1,0.979746816319224,0,3,-2.025%
2019-01-05 16:00:00,Short,1,1.01144090663788,1,6,0.057%
2019-01-06 16:00:00,Long,1,0.974422442244224,2,2,0.384%
2019-01-07 16:00:00,Short,1,1.0133686885427,0,6,-1.337%
2019-01-08 04:00:00,Long,1,0.985256324908496,2,5,0.221%
2019-01-08 11:00:00,Short,1,1.02723023775655,4,7,6.671%
2019-01-08 11:00:00,Short,1,1.00819944598338,0,6,-0.820%
2019-01-08 13:00:00,Long,1,0.990618995402553,0,5,-0.938%
2019-01-08 13:00:00,Short,1,1.0204912076733,0,1,-2.049%
2019-01-08 14:00:00,Short,1,1.02584049245755,4,7,6.331%
2019-01-08 15:00:00,Short,1,1.02004648460198,0,1,-2.005%
2019-01-08 18:00:00,Long,1,0.98517647629067,1,4,0.074%
2019-01-08 21:00:00,Long,1,0.98039954484141,0,5,-1.960%
2019-01-09 07:00:00,Short,1,1.01311723405624,1,3,0.066%
2019-01-09 07:00:00,Short,1,1.01642102429504,1,7,0.082%
2019-01-10 19:00:00,Short,1,1.01568951279934,3,2,0.549%
2019-01-11 03:00:00,Short,1,1.01538227231191,2,1,0.231%
2019-01-11 07:00:00,Short,1,1.01830141161508,0,5,-1.830%
2019-01-11 13:00:00,Short,1,1.01959361393324,1,7,0.098%
2019-01-11 14:00:00,Short,1,1.00948494540642,1,6,0.047%
2019-01-11 18:00:00,Short,1,1.01830282861897,1,2,0.092%
2019-01-11 19:00:00,Short,1,1.01889325575112,1,5,0.094%
2019-01-11 22:00:00,Short,1,1.01884217416129,1,5,0.094%
2019-01-12 02:00:00,Short,1,1.0173863820152,0,7,-1.739%
2019-01-12 10:00:00,Short,1,1.01889382317319,1,7,0.094%
2019-01-12 10:00:00,Short,1,1.01876328162342,1,3,0.094%
2019-01-12 16:00:00,Short,1,1.01545923006972,3,1,0.541%
2019-01-12 19:00:00,Short,1,1.01689189189189,4,2,4.139%
2019-01-12 23:00:00,Short,1,1.00841089144842,1,5,0.042%
2019-01-13 05:00:00,Short,1,1.00840336134454,4,2,2.059%
2019-01-13 07:00:00,Short,1,1.02627399141702,2,4,0.394%
2019-01-13 08:00:00,Short,1,1.01089530762728,4,5,2.669%
2019-01-14 03:00:00,Short,1,1.01721751168022,1,7,0.086%
2019-01-14 05:00:00,Short,1,1.03532161251371,2,4,0.530%
2019-01-14 05:00:00,Short,1,1.013817056117,1,3,0.069%
2019-01-14 08:00:00,Short,1,1.01276359600444,0,6,-1.276%
2019-01-14 08:00:00,Short,1,1.02979842243646,0,2,-2.980%
2019-01-15 07:00:00,Long,1,0.98117998506348,0,1,-1.882%
2019-01-15 08:00:00,Long,1,0.978973927670311,0,2,-2.103%
2019-01-15 08:00:00,Long,1,0.964253428814359,1,4,0.179%
2019-01-15 12:00:00,Long,1,0.967686669265092,1,4,0.162%
2019-01-15 18:00:00,Long,1,0.973927670311186,3,2,0.913%
2019-01-15 19:00:00,Long,1,0.971592626171049,1,1,0.142%
2019-01-16 18:00:00,Short,1,1.02422185194806,1,3,0.121%
2019-01-17 17:00:00,Long,1,0.974959612277868,0,2,-2.504%
2019-01-17 23:00:00,Short,1,1.01472890233203,1,3,0.074%
2019-01-18 04:00:00,Short,1,1.01518306581418,1,3,0.076%
2019-01-18 21:00:00,Short,1,1.01127536958156,0,7,-1.128%
2019-01-18 23:00:00,Short,1,1.00861940853024,4,1,2.112%
2019-01-19 00:00:00,Short,1,1.01079622132254,0,6,-1.080%
2019-01-19 04:00:00,Short,1,1.01296066719261,1,6,0.065%
2019-01-19 05:00:00,Short,1,1.0081954999255,4,1,2.008%
2019-01-19 20:00:00,Short,1,1.01002252252252,1,6,0.050%
2019-01-20 17:00:00,Short,1,1.00990099009901,2,2,0.149%
2019-01-20 18:00:00,Short,1,1.00823723228995,1,2,0.041%
2019-01-20 19:00:00,Short,1,1.01240694789082,1,2,0.062%
2019-01-20 21:00:00,Short,1,1.00990099009901,2,2,0.149%
2019-01-20 22:00:00,Short,1,1.02,1,2,0.100%
2019-01-21 08:00:00,Short,1,1.01788307295115,1,3,0.089%
2019-01-21 08:00:00,Short,1,1.00946360609618,2,5,0.142%
2019-01-21 08:00:00,Short,1,1.02084769124742,1,7,0.104%
2019-01-21 09:00:00,Short,1,1.03166869671133,0,1,-3.167%
2019-01-21 12:00:00,Short,1,1.01586509532855,1,4,0.079%
2019-01-21 13:00:00,Short,1,1.00869695818999,2,5,0.130%
2019-01-21 14:00:00,Short,1,1.01158940397351,1,2,0.058%
2019-01-21 21:00:00,Short,1,1.00942282040472,1,3,0.047%
2019-01-21 21:00:00,Short,1,1.00766392279307,1,5,0.038%
2019-01-21 21:00:00,Short,1,1.01120786274679,1,7,0.056%
2019-01-22 00:00:00,Short,1,1.01208993431937,4,3,2.962%
2019-01-22 04:00:00,Short,1,1.01109752299247,4,3,2.719%
2019-01-23 04:00:00,Long,1,0.990131578947368,1,2,0.049%
2019-01-23 05:00:00,Long,1,0.987254614708468,0,1,-1.275%
2019-01-23 07:00:00,Long,1,0.986648639513267,0,7,-1.335%
2019-01-23 07:00:00,Long,1,0.990289259078553,1,5,0.049%
2019-01-23 13:00:00,Short,1,1.00958718700654,1,6,0.048%
2019-01-23 15:00:00,Long,1,0.987527512839325,1,1,0.062%
2019-01-24 06:00:00,Long,1,0.97677994240079,3,4,0.813%
2019-01-24 10:00:00,Short,1,1.01411133235218,0,7,-1.411%
2019-01-24 14:00:00,Long,1,0.98432464107823,1,1,0.078%
2019-01-24 19:00:00,Short,1,1.00917431192661,4,2,2.248%
2019-01-24 19:00:00,Short,1,1.01014094954152,1,3,0.051%
2019-01-24 23:00:00,Long,1,0.988689776733255,1,1,0.057%
2019-01-25 01:00:00,Short,1,1.00915160392047,1,3,0.046%
2019-01-25 01:00:00,Short,1,1.00863408737696,2,7,0.130%
2019-01-25 07:00:00,Short,1,1.02105465557866,1,3,0.105%
2019-01-25 16:00:00,Long,1,0.980456207893772,2,4,0.293%
2019-01-25 20:00:00,Long,1,0.991074041556921,0,1,-0.893%
2019-01-26 01:00:00,Short,1,1.00926243567753,4,6,2.269%
2019-01-26 01:00:00,Short,1,1.00876405754003,0,3,-0.876%
2019-01-26 16:00:00,Short,1,1.00879874017201,3,3,0.308%
2019-01-26 21:00:00,Short,1,1.00989221910527,4,1,2.424%
2019-01-27 17:00:00,Short,1,1.01947284511266,1,4,0.097%
2019-01-28 06:00:00,Short,1,1.01363636363636,3,1,0.477%
2019-01-28 21:00:00,Short,1,1.02085222121487,1,2,0.104%
2019-01-28 21:00:00,Short,1,1.02693861843371,1,7,0.135%
2019-01-29 01:00:00,Short,1,1.01881624389663,0,6,-1.882%
2019-01-29 05:00:00,Short,1,1.0119881305638,0,6,-1.199%
2019-01-29 11:00:00,Short,1,1.0096926713948,1,6,0.048%
2019-01-29 17:00:00,Short,1,1.01842854580379,1,3,0.092%
2019-01-29 18:00:00,Short,1,1.03342366757001,0,2,-3.342%
2019-01-29 18:00:00,Short,1,1.02598402463671,0,7,-2.598%
2019-01-30 06:00:00,Long,1,0.987069613591941,2,1,0.194%
2019-01-31 07:00:00,Long,1,0.98796612687565,1,1,0.060%
2019-02-01 04:00:00,Long,1,0.991072757030204,2,1,0.134%
2019-02-01 09:00:00,Long,1,0.990630577037478,2,1,0.141%
2019-02-01 10:00:00,Short,1,1.01716562590638,0,3,-1.717%
2019-02-01 11:00:00,Long,1,0.986961031263891,4,1,3.195%
2019-02-01 13:00:00,Short,1,1.01610092088715,0,3,-1.610%
2019-02-01 16:00:00,Short,1,1.01279873145317,1,6,0.064%
2019-02-01 20:00:00,Short,1,1.01353790613718,0,2,-1.354%
2019-02-01 23:00:00,Short,1,1.0095087163233,1,6,0.048%
2019-02-02 03:00:00,Long,1,0.987432507912865,1,7,0.063%
2019-02-02 05:00:00,Long,1,0.989251424085666,2,5,0.161%
2019-02-02 08:00:00,Short,1,1.00825325042397,1,6,0.041%
2019-02-02 20:00:00,Short,1,1.01040841724177,1,6,0.052%
2019-02-03 00:00:00,Short,1,1.01247024146922,4,6,3.055%
2019-02-03 19:00:00,Long,1,0.975172587897034,1,4,0.124%
2019-02-03 21:00:00,Long,1,0.990287039721658,2,1,0.146%
2019-02-04 05:00:00,Short,1,1.02407945282489,3,7,0.843%
2019-02-04 09:00:00,Short,1,1.00999310820124,2,6,0.150%
2019-02-04 12:00:00,Short,1,1.01545454545455,2,2,0.232%
2019-02-05 06:00:00,Short,1,1.01735159817352,3,2,0.607%
2019-02-05 15:00:00,Long,1,0.982397484412916,0,4,-1.760%
2019-02-05 17:00:00,Short,1,1.00883271401952,0,3,-0.883%
2019-02-05 19:00:00,Short,1,1.02145369284877,0,6,-2.145%
2019-02-06 15:00:00,Short,1,1.01458137347131,0,6,-1.458%
2019-02-07 01:00:00,Short,1,1.01008561041398,0,6,-1.009%
2019-02-07 17:00:00,Long,1,0.990501559706985,0,4,-0.950%
2019-02-07 22:00:00,Long,1,0.984491583524451,4,4,3.800%
2019-02-08 03:00:00,Long,1,0.986363111059748,1,6,0.068%
2019-02-08 22:00:00,Long,1,0.978723404255319,1,2,0.106%
2019-02-09 10:00:00,Short,1,1.01271785209609,3,6,0.445%
2019-02-09 13:00:00,Long,1,0.991418977823256,1,3,0.043%
2019-02-09 14:00:00,Long,1,0.988748950461797,1,7,0.056%
2019-02-09 15:00:00,Long,1,0.988910954830895,0,5,-1.109%
2019-02-09 18:00:00,Short,1,1.01463126843658,2,6,0.219%
2019-02-09 20:00:00,Long,1,0.980650835532102,0,2,-1.935%
2019-02-09 22:00:00,Long,1,0.990182092808593,0,7,-0.982%
2019-02-09 23:00:00,Long,1,0.99185994282383,1,3,0.041%
2019-02-10 10:00:00,Long,1,0.974313551815766,2,2,0.385%
2019-02-10 11:00:00,Long,1,0.980812955671416,4,3,4.701%
2019-02-10 12:00:00,Long,1,0.981095451092919,4,7,4.632%
2019-02-10 13:00:00,Long,1,0.991727217618613,2,5,0.124%
2019-02-10 23:00:00,Short,1,1.01356705486853,1,6,0.068%
2019-02-11 03:00:00,Long,1,0.989793213149522,1,1,0.051%
2019-02-11 08:00:00,Long,1,0.990936340670842,0,5,-0.906%
2019-02-11 10:00:00,Short,1,1.01162651324464,1,6,0.058%
2019-02-11 12:00:00,Long,1,0.986171132238548,0,2,-1.383%
2019-02-11 14:00:00,Short,1,1.01138406231276,1,6,0.057%
2019-02-11 16:00:00,Long,1,0.987878787878788,0,2,-1.212%
2019-02-12 00:00:00,Long,1,0.98112791388869,2,3,0.283%
2019-02-12 06:00:00,Long,1,0.985068470549414,2,7,0.224%
2019-02-12 08:00:00,Short,1,1.02744580339128,0,4,-2.745%
2019-02-13 12:00:00,Long,1,0.989798339264532,0,6,-1.020%
2019-02-13 18:00:00,Long,1,0.976695258132384,0,7,-2.330%
2019-02-13 18:00:00,Long,1,0.979232620764988,1,3,0.104%
2019-02-14 17:00:00,Short,1,1.00977777777778,0,2,-0.978%
2019-02-15 05:00:00,Short,1,1.00887311446318,0,2,-0.887%
2019-02-15 09:00:00,Short,1,1.01857384075854,0,1,-1.857%
2019-02-15 09:00:00,Short,1,1.01513802315227,0,2,-1.514%
2019-02-15 16:00:00,Long,1,0.975489980199673,4,4,6.005%
2019-02-17 01:00:00,Long,1,0.985765196336712,3,4,0.498%
2019-02-17 01:00:00,Long,1,0.985499807519569,1,1,0.073%
2019-02-17 12:00:00,Short,1,1.00760318609703,1,6,0.038%
2019-02-17 16:00:00,Long,1,0.983491491979636,1,4,0.083%
2019-02-17 16:00:00,Long,1,0.989874411949677,4,5,2.481%
2019-02-19 05:00:00,Long,1,0.966793805730829,0,4,-3.321%
2019-02-19 14:00:00,Long,1,0.966340933767644,0,1,-3.366%
2019-02-20 01:00:00,Long,1,0.967341606792946,4,1,8.001%
2019-02-20 04:00:00,Long,1,0.975549881920623,1,5,0.122%
2019-02-20 05:00:00,Long,1,0.973041280539174,0,2,-2.696%
2019-02-20 08:00:00,Short,1,1.01543656536421,4,6,3.782%
2019-02-20 12:00:00,Short,1,1.01752265861027,3,6,0.613%
2019-02-20 20:00:00,Short,1,1.01050470900749,4,6,2.574%
2019-02-21 01:00:00,Long,1,0.987470250649669,1,3,0.063%
2019-02-21 17:00:00,Long,1,0.976787564766839,1,1,0.116%
2019-02-22 01:00:00,Short,1,1.01315789473684,0,2,-1.316%
2019-02-22 08:00:00,Short,1,1.01726660745341,1,4,0.086%
2019-02-22 19:00:00,Short,1,1.00898327367506,2,4,0.135%
2019-02-23 03:00:00,Long,1,0.989825152784882,1,3,0.051%
2019-02-23 03:00:00,Long,1,0.984787747969987,4,1,3.727%
2019-02-23 04:00:00,Long,1,0.984467855213398,4,7,3.805%
2019-02-23 10:00:00,Long,1,0.986553069184972,4,1,3.294%
2019-02-25 08:00:00,Short,1,1.02188343424028,0,7,-2.188%
2019-02-25 15:00:00,Short,1,1.0395094367335,2,7,0.593%
2019-02-25 21:00:00,Short,1,1.02044444444444,1,2,0.102%
2019-02-25 23:00:00,Short,1,1.01576901488247,3,5,0.552%
2019-02-26 00:00:00,Short,1,1.02275145002235,1,4,0.114%
2019-02-26 19:00:00,Short,1,1.00804289544236,1,2,0.040%
2019-02-27 08:00:00,Short,1,1.00921994419507,3,6,0.323%
2019-02-27 09:00:00,Short,1,1.00835557283349,4,5,2.047%
2019-02-27 10:00:00,Short,1,1.02957527240383,0,1,-2.958%
2019-02-27 11:00:00,Short,1,1.01367447943289,3,4,0.479%
2019-02-27 12:00:00,Short,1,1.03055902446191,3,7,1.070%
2019-02-27 12:00:00,Short,1,1.02683672650383,2,3,0.403%
2019-02-27 14:00:00,Short,1,1.01340482573727,0,2,-1.340%
2019-02-28 11:00:00,Short,1,1.025149347297,4,7,6.162%
2019-03-01 01:00:00,Short,1,1.00811895866978,2,3,0.122%
2019-03-01 05:00:00,Short,1,1.0098068131544,0,7,-0.981%
2019-03-01 14:00:00,Short,1,1.01252230897387,4,3,3.068%
2019-03-03 07:00:00,Short,1,1.01515951429218,4,7,3.714%
2019-03-03 07:00:00,Short,1,1.01546506115185,1,3,0.077%
2019-03-04 17:00:00,Short,1,1.00762513835936,0,6,-0.763%
2019-03-04 20:00:00,Short,1,1.01109313612202,0,1,-1.109%
2019-03-04 21:00:00,Short,1,1.01018518518519,1,2,0.051%
2019-03-06 06:00:00,Long,1,0.985572587917042,0,2,-1.443%
2019-03-06 16:00:00,Long,1,0.982994186046512,2,7,0.255%
2019-03-06 17:00:00,Long,1,0.987757769942593,1,3,0.061%
2019-03-07 06:00:00,Long,1,0.979339265623402,0,1,-2.066%
2019-03-07 06:00:00,Long,1,0.990822942386035,1,5,0.046%
2019-03-07 08:00:00,Long,1,0.980141263179445,0,1,-1.986%
2019-03-07 15:00:00,Long,1,0.98512876314835,0,7,-1.487%
2019-03-08 13:00:00,Long,1,0.979641455857143,1,4,0.102%
2019-03-09 00:00:00,Long,1,0.971958983330903,1,5,0.140%
2019-03-09 07:00:00,Short,1,1.02494359488594,0,6,-2.494%
2019-03-09 10:00:00,Short,1,1.01879102998828,1,3,0.094%
2019-03-09 16:00:00,Long,1,0.988458728999269,0,7,-1.154%
2019-03-09 19:00:00,Long,1,0.985722610722611,0,7,-1.428%
2019-03-10 16:00:00,Long,1,0.980223559759243,2,2,0.297%
2019-03-10 18:00:00,Short,1,1.00812691155127,2,3,0.122%
2019-03-10 19:00:00,Short,1,1.01060332944545,4,1,2.598%
2019-03-10 23:00:00,Short,1,1.01071049840933,4,1,2.624%
2019-03-11 00:00:00,Short,1,1.01957122581609,2,7,0.294%
2019-03-11 03:00:00,Long,1,0.987982832618026,2,2,0.180%
2019-03-11 04:00:00,Long,1,0.989779384270223,4,6,2.504%
2019-03-12 11:00:00,Short,1,1.01641267044778,1,3,0.082%
2019-03-12 13:00:00,Short,1,1.02043894713025,1,7,0.102%
2019-03-12 16:00:00,Short,1,1.01272015655577,2,7,0.191%
2019-03-12 20:00:00,Short,1,1.00986891667922,2,7,0.148%
2019-03-14 02:00:00,Short,1,1.0188576411598,1,1,0.094%
2019-03-14 02:00:00,Short,1,1.00791115168112,1,7,0.040%
2019-03-14 06:00:00,Short,1,1.01996944565692,0,1,-1.997%
2019-03-16 11:00:00,Long,1,0.977659419810323,1,4,0.112%
2019-03-16 14:00:00,Long,1,0.977890646393718,1,4,0.111%
2019-03-16 15:00:00,Long,1,0.969291338582678,0,2,-3.071%
2019-03-16 16:00:00,Long,1,0.984182220816197,0,1,-1.582%
2019-03-16 16:00:00,Long,1,0.979308954262643,1,4,0.103%
2019-03-16 19:00:00,Short,1,1.00755762690515,2,6,0.113%
2019-03-17 02:00:00,Long,1,0.985185998712458,1,4,0.074%
2019-03-17 05:00:00,Long,1,0.983761372864763,2,4,0.244%
2019-03-17 06:00:00,Long,1,0.982649842271293,0,2,-1.735%
2019-03-17 08:00:00,Long,1,0.990695294728421,2,5,0.140%
2019-03-17 09:00:00,Long,1,0.984360427577301,2,7,0.235%
2019-03-17 13:00:00,Short,1,1.00967237705081,1,3,0.048%
2019-03-18 17:00:00,Short,1,1.00882825040128,0,2,-0.883%
2019-03-18 22:00:00,Short,1,1.01020664265237,2,3,0.153%
2019-03-18 23:00:00,Short,1,1.01772961773238,3,4,0.621%
2019-03-18 23:00:00,Short,1,1.01857835218094,0,2,-1.858%
2019-03-19 00:00:00,Short,1,1.01367272727273,1,7,0.068%
2019-03-19 06:00:00,Short,1,1.01367127273745,1,4,0.068%
2019-03-19 07:00:00,Short,1,1.00872663806269,0,7,-0.873%
2019-03-19 10:00:00,Short,1,1.01132319637658,4,1,2.774%
2019-03-20 05:00:00,Long,1,0.991767865774354,1,5,0.041%
2019-03-20 12:00:00,Short,1,1.0211869814933,4,6,5.191%
2019-03-21 02:00:00,Long,1,0.987906273620559,2,2,0.181%
2019-03-21 20:00:00,Long,1,0.959939531368103,4,2,9.815%
2019-03-22 12:00:00,Short,1,1.00837736821755,3,6,0.293%
2019-03-22 18:00:00,Short,1,1.00897190763348,0,7,-0.897%
2019-03-23 17:00:00,Long,1,0.992353069696308,0,1,-0.765%
2019-03-23 18:00:00,Long,1,0.990166083916084,0,7,-0.983%
2019-03-25 02:00:00,Short,1,1.01929128306414,1,4,0.096%
2019-03-25 13:00:00,Long,1,0.98049896502887,4,1,4.778%
2019-03-25 15:00:00,Short,1,1.01251956181534,2,6,0.188%
2019-03-26 00:00:00,Short,1,1.01354045710405,1,4,0.068%
2019-03-26 06:00:00,Short,1,1.01027217515183,1,7,0.051%
2019-03-28 09:00:00,Long,1,0.992067426871591,1,5,0.040%
2019-03-28 10:00:00,Long,1,0.967173252279635,2,2,0.492%
2019-03-28 19:00:00,Short,1,1.01030110935024,3,6,0.361%
2019-03-29 05:00:00,Long,1,0.977656264730838,0,1,-2.234%
2019-03-29 19:00:00,Short,1,1.01086669705329,1,4,0.054%
2019-03-30 16:00:00,Long,1,0.976409666283084,1,2,0.118%
2019-03-30 16:00:00,Long,1,0.990471424037499,1,5,0.048%
2019-03-30 17:00:00,Long,1,0.984189445576558,0,7,-1.581%
2019-03-31 02:00:00,Long,1,0.989595375722543,1,2,0.052%
2019-03-31 12:00:00,Short,1,1.02572729071839,4,1,6.303%
2019-04-01 02:00:00,Short,1,1.01036958255783,0,6,-1.037%
2019-04-01 04:00:00,Short,1,1.01297679905623,2,1,0.195%
2019-04-01 05:00:00,Short,1,1.01061569059382,4,3,2.601%
2019-04-01 19:00:00,Short,1,1.00898765432099,4,1,2.202%
2019-04-02 17:00:00,Short,1,1.04877014418999,2,6,0.732%
2019-04-03 10:00:00,Long,1,0.977021007808295,1,3,0.115%
2019-04-04 10:00:00,Long,1,0.964883769515713,0,5,-3.512%
2019-04-04 19:00:00,Short,1,1.01772151898734,0,6,-1.772%
2019-04-05 11:00:00,Long,1,0.986363636363636,1,1,0.068%
2019-04-05 15:00:00,Long,1,0.984126984126984,3,1,0.556%
2019-04-05 17:00:00,Long,1,0.985716678101708,0,3,-1.428%
2019-04-05 17:00:00,Long,1,0.980698615949534,2,1,0.290%
2019-04-05 23:00:00,Long,1,0.989130434782609,4,1,2.663%
2019-04-06 09:00:00,Long,1,0.984105272993676,3,5,0.556%
2019-04-06 09:00:00,Long,1,0.965082444228904,2,7,0.524%
2019-04-06 12:00:00,Short,1,1.01858108108108,4,2,4.552%
2019-04-06 19:00:00,Short,1,1.02030456852792,4,2,4.975%
2019-04-06 23:00:00,Short,1,1.03517803517804,4,6,8.619%
2019-04-07 09:00:00,Short,1,1.01800514432695,1,6,0.090%
2019-04-07 13:00:00,Long,1,0.98333532433401,4,7,4.083%
2019-04-07 17:00:00,Short,1,1.0149855907781,4,2,3.671%
2019-04-07 20:00:00,Short,1,1.01803491559659,4,6,4.419%
2019-04-07 22:00:00,Short,1,1.02106567534077,2,1,0.316%
2019-04-08 10:00:00,Long,1,0.962113273398709,1,3,0.189%
2019-04-08 16:00:00,Long,1,0.964078868646912,0,3,-3.592%
2019-04-08 16:00:00,Long,1,0.964499748299827,2,5,0.533%
2019-04-08 21:00:00,Short,1,1.039338270655,0,1,-3.934%
2019-04-09 06:00:00,Long,1,0.968761315609635,0,3,-3.124%
2019-04-09 10:00:00,Short,1,1.01050295857988,0,6,-1.050%
2019-04-09 11:00:00,Short,1,1.03436458618929,1,4,0.172%
2019-04-09 13:00:00,Long,1,0.980609575798931,3,7,0.679%
2019-04-09 14:00:00,Short,1,1.02992983909144,1,4,0.150%
2019-04-09 17:00:00,Short,1,1.02930768190408,1,4,0.147%
2019-04-09 18:00:00,Short,1,1.03480422622747,0,2,-3.480%
2019-04-09 19:00:00,Long,1,0.987646607043647,2,3,0.185%
2019-04-10 06:00:00,Short,1,1.01644509797755,1,4,0.082%
2019-04-10 09:00:00,Short,1,1.01983715766099,4,6,4.860%
2019-04-11 17:00:00,Short,1,1.00984766887213,2,6,0.148%
2019-04-11 23:00:00,Short,1,1.03261538461539,0,2,-3.262%
2019-04-11 23:00:00,Short,1,1.02680473161916,0,4,-2.680%
2019-04-12 02:00:00,Short,1,1.022929412239,1,3,0.115%
2019-04-12 08:00:00,Short,1,1.01318486883096,1,3,0.066%
2019-04-12 13:00:00,Short,1,1.01659554291133,2,1,0.249%
2019-04-12 13:00:00,Short,1,1.01336649051912,1,6,0.067%
2019-04-12 16:00:00,Short,1,1.02976000703995,1,4,0.149%
2019-04-12 18:00:00,Short,1,1.00965360590574,1,1,0.048%
2019-04-12 19:00:00,Short,1,1.01478164867517,1,7,0.074%
2019-04-13 01:00:00,Long,1,0.976477683956574,0,2,-2.352%
2019-04-13 03:00:00,Short,1,1.02292154023264,2,4,0.344%
2019-04-13 04:00:00,Short,1,1.0112517580872,2,7,0.169%
2019-04-13 05:00:00,Short,1,1.03073322932917,2,6,0.461%
2019-04-13 20:00:00,Short,1,1.00961483738731,1,3,0.048%
2019-04-13 21:00:00,Short,1,1.01272154634719,0,7,-1.272%
2019-04-13 22:00:00,Short,1,1.0081409826645,0,1,-0.814%
2019-04-14 02:00:00,Short,1,1.0103102945702,0,3,-1.031%
2019-04-14 03:00:00,Short,1,1.01589032559589,1,6,0.079%
2019-04-14 06:00:00,Short,1,1.01541575833074,1,6,0.077%
2019-04-14 11:00:00,Short,1,1.01138429159093,0,1,-1.138%
2019-04-14 12:00:00,Short,1,1.0077700670743,1,3,0.039%
2019-04-15 05:00:00,Short,1,1.02229102167183,2,2,0.334%
2019-04-15 21:00:00,Short,1,1.01179391682185,2,2,0.177%
2019-04-16 00:00:00,Short,1,1.01143583227446,2,6,0.172%
2019-04-16 07:00:00,Short,1,1.01124911743355,0,5,-1.125%
2019-04-16 08:00:00,Short,1,1.00777160983347,3,6,0.272%
2019-04-16 13:00:00,Short,1,1.01809971597545,1,3,0.090%
2019-04-16 19:00:00,Short,1,1.01557843024688,2,4,0.234%
2019-04-17 09:00:00,Long,1,0.990864541109565,1,7,0.046%
2019-04-17 11:00:00,Long,1,0.990325311404039,1,7,0.048%
2019-04-17 19:00:00,Short,1,1.01582278481013,4,2,3.877%
2019-04-17 19:00:00,Short,1,1.00791876533427,2,3,0.119%
2019-04-18 06:00:00,Short,1,1.01817307692308,1,1,0.091%
2019-04-19 00:00:00,Long,1,0.980554046597939,1,4,0.097%
2019-04-19 01:00:00,Long,1,0.984068947533368,1,3,0.080%
2019-04-19 03:00:00,Long,1,0.973720688460206,1,7,0.131%
2019-04-19 10:00:00,Long,1,0.990586897706899,2,5,0.141%
2019-04-19 14:00:00,Long,1,0.98952940492118,3,7,0.366%
2019-04-19 16:00:00,Long,1,0.990451237263464,4,7,2.339%
2019-04-19 17:00:00,Long,1,0.98797769775816,3,7,0.421%
2019-04-19 20:00:00,Long,1,0.986000471961731,1,3,0.070%
2019-04-20 19:00:00,Long,1,0.987306837016314,0,5,-1.269%
2019-04-21 01:00:00,Long,1,0.987925999523991,0,5,-1.207%
2019-04-21 20:00:00,Short,1,1.02554744525547,0,2,-2.555%
2019-04-21 22:00:00,Short,1,1.01532567049808,0,7,-1.533%
2019-04-21 22:00:00,Short,1,1.01072030974469,0,5,-1.072%
2019-04-21 22:00:00,Short,1,1.01657628159214,0,1,-1.658%
2019-04-21 22:00:00,Short,1,1.01138404366115,0,3,-1.138%
2019-04-22 09:00:00,Short,1,1.01556717338949,1,4,0.078%
2019-04-22 09:00:00,Short,1,1.03394555591997,4,6,8.317%
2019-04-22 11:00:00,Short,1,1.01855534854351,1,3,0.093%
2019-04-22 12:00:00,Short,1,1.01774785801714,4,1,4.348%
2019-04-23 23:00:00,Long,1,0.977324263038549,0,5,-2.268%
2019-04-24 08:00:00,Short,1,1.0219696969697,3,2,0.769%
2019-04-24 22:00:00,Short,1,1.00835755813953,0,6,-0.836%
2019-04-25 01:00:00,Short,1,1.01068029739777,1,5,0.053%
2019-04-25 01:00:00,Short,1,1.02185859833282,4,7,5.355%
2019-04-25 01:00:00,Short,1,1.02518109692998,0,1,-2.518%
2019-04-25 01:00:00,Short,1,1.01325160975184,1,3,0.066%
2019-04-25 09:00:00,Short,1,1.01412169919633,0,1,-1.412%
2019-04-25 09:00:00,Short,1,1.00847769996314,0,7,-0.848%
2019-04-25 12:00:00,Short,1,1.01934837857863,0,4,-1.935%
2019-04-25 14:00:00,Short,1,1.0248413417951,0,6,-2.484%
2019-04-26 00:00:00,Short,1,1.02235039653929,0,6,-2.235%
2019-04-26 22:00:00,Short,1,1.00978202701451,1,5,0.049%
2019-04-27 05:00:00,Short,1,1.00807234639356,1,5,0.040%
2019-04-27 12:00:00,Long,1,0.990552406357675,0,1,-0.945%
2019-04-27 21:00:00,Short,1,1.00943970192006,1,5,0.047%
2019-04-28 02:00:00,Long,1,0.990413533834586,0,7,-0.959%
2019-04-29 04:00:00,Short,1,1.00818459667171,4,4,2.005%
2019-04-29 06:00:00,Short,1,1.01051505970415,2,6,0.158%
2019-04-29 15:00:00,Short,1,1.01364949472364,0,3,-1.365%
2019-05-02 00:00:00,Long,1,0.985990909656933,1,7,0.070%
2019-05-02 19:00:00,Short,1,1.00865051903114,0,1,-0.865%
2019-05-02 23:00:00,Short,1,1.0180472003702,2,1,0.271%
2019-05-03 21:00:00,Short,1,1.01769330838282,3,3,0.619%
2019-05-03 22:00:00,Short,1,1.01921265775099,1,6,0.096%
2019-05-03 23:00:00,Short,1,1.01654259718776,4,2,4.053%
2019-05-04 15:00:00,Short,1,1.02323294950059,1,3,0.116%
2019-05-04 15:00:00,Short,1,1.0190186382655,1,6,0.095%
2019-05-04 16:00:00,Long,1,0.960627254378092,1,5,0.197%
2019-05-04 19:00:00,Short,1,1.01232221677293,0,7,-1.232%
2019-05-05 03:00:00,Short,1,1.01327381651592,1,1,0.066%
2019-05-05 04:00:00,Short,1,1.01435406698565,2,7,0.215%
2019-05-05 13:00:00,Short,1,1.01173754088897,0,6,-1.174%
2019-05-05 15:00:00,Long,1,0.980716253443526,0,5,-1.928%
2019-05-05 19:00:00,Short,1,1.01842805021334,2,7,0.276%
2019-05-06 23:00:00,Short,1,1.04623524568654,1,4,0.231%
2019-05-07 17:00:00,Long,1,0.98044976454096,0,5,-1.955%
2019-05-08 05:00:00,Long,1,0.973854301462587,4,5,6.406%
2019-05-08 05:00:00,Short,1,1.01582591493571,4,6,3.877%
2019-05-08 08:00:00,Short,1,1.01025034496353,1,6,0.051%
2019-05-08 09:00:00,Short,1,1.01190476190476,4,2,2.917%
2019-05-08 09:00:00,Short,1,1.01332364341085,4,1,3.264%
2019-05-09 07:00:00,Short,1,1.02517325119943,1,7,0.126%
2019-05-10 03:00:00,Short,1,1.01919218198918,2,3,0.288%
2019-05-10 11:00:00,Short,1,1.02549560594658,0,4,-2.550%
2019-05-10 17:00:00,Long,1,0.980112656627199,4,7,4.872%
2019-05-10 19:00:00,Long,1,0.973621103117506,1,7,0.132%
2019-05-10 22:00:00,Short,1,1.04840447859642,1,4,0.242%
2019-05-12 12:00:00,Short,1,1.02674787054905,1,3,0.134%
2019-05-12 13:00:00,Short,1,1.0330379178171,1,3,0.165%
2019-05-12 15:00:00,Short,1,1.03922918100482,0,6,-3.923%
2019-05-12 22:00:00,Long,1,0.969097716606022,1,7,0.155%
2019-05-12 23:00:00,Long,1,0.964783911177464,4,5,8.628%
2019-05-13 01:00:00,Short,1,1.02184188169067,1,4,0.109%
2019-05-13 02:00:00,Short,1,1.02628332826522,4,3,6.439%
2019-05-13 02:00:00,Short,1,1.0211137503299,4,1,5.173%
2019-05-13 03:00:00,Short,1,1.02878464818763,0,7,-2.878%
2019-05-13 07:00:00,Short,1,1.03589232303091,3,2,1.256%
2019-05-15 10:00:00,Long,1,0.950901844981513,1,5,0.245%
2019-05-16 09:00:00,Long,1,0.965617433414044,1,1,0.172%
2019-05-16 11:00:00,Short,1,1.02728832966405,1,5,0.136%
2019-05-17 10:00:00,Short,1,1.02102376599634,0,2,-2.102%
2019-05-17 15:00:00,Long,1,0.979462875197472,0,1,-2.054%
2019-05-17 23:00:00,Short,1,1.02894076789504,2,6,0.434%
2019-05-18 12:00:00,Short,1,1.01460351878791,1,5,0.073%
2019-05-18 17:00:00,Short,1,1.00916536661466,4,6,2.246%
2019-05-18 18:00:00,Short,1,1.02097533363959,2,3,0.315%
2019-05-18 19:00:00,Short,1,1.01430811446492,3,6,0.501%
2019-05-18 19:00:00,Short,1,1.01753430826506,3,4,0.614%
2019-05-18 20:00:00,Short,1,1.02078637615828,1,1,0.104%
2019-05-19 06:00:00,Short,1,1.03204617834395,0,6,-3.205%
2019-05-19 10:00:00,Short,1,1.01971760915219,1,3,0.099%
2019-05-19 22:00:00,Short,1,1.01315955966089,1,1,0.066%
2019-05-20 16:00:00,Short,1,1.02513067953357,1,6,0.126%
2019-05-20 16:00:00,Short,1,1.02749360613811,2,1,0.412%
2019-05-21 00:00:00,Short,1,1.02207835427224,0,3,-2.208%
2019-05-21 11:00:00,Long,1,0.985523961026049,3,7,0.507%
2019-05-21 12:00:00,Long,1,0.975943636146712,0,5,-2.406%
2019-05-21 18:00:00,Short,1,1.02583524530066,1,4,0.129%
2019-05-22 04:00:00,Short,1,1.0147343533711,1,4,0.074%
2019-05-22 08:00:00,Short,1,1.01354774645542,2,4,0.203%
2019-05-22 21:00:00,Short,1,1.02484354616947,2,4,0.373%
2019-05-23 20:00:00,Short,1,1.01204085509824,1,3,0.060%
2019-05-23 21:00:00,Short,1,1.01202799595582,1,3,0.060%
2019-05-24 00:00:00,Short,1,1.00942223645569,1,4,0.047%
2019-05-24 00:00:00,Short,1,1.02982107355865,0,2,-2.982%
2019-05-24 13:00:00,Short,1,1.0211970074813,1,6,0.106%
2019-05-24 13:00:00,Short,1,1.01458948897966,1,3,0.073%
2019-05-24 15:00:00,Short,1,1.01275348783627,1,3,0.064%
2019-05-24 17:00:00,Short,1,1.01554726368159,1,6,0.078%
2019-05-24 21:00:00,Long,1,0.978218452594274,2,7,0.327%
2019-05-25 03:00:00,Short,1,1.01016386641776,4,6,2.490%
2019-05-25 03:00:00,Long,1,0.977167859984089,2,7,0.342%
2019-05-25 04:00:00,Long,1,0.980960028240511,0,5,-1.904%
2019-05-25 08:00:00,Short,1,1.01437200583212,1,6,0.072%
2019-05-25 16:00:00,Long,1,0.991136079900125,1,5,0.044%
2019-05-25 18:00:00,Long,1,0.968664768709003,0,4,-3.134%
2019-05-26 02:00:00,Long,1,0.961360658460178,0,4,-3.864%
2019-05-26 05:00:00,Short,1,1.01089159067883,1,1,0.054%
2019-05-26 06:00:00,Short,1,1.0251509054326,0,2,-2.515%
2019-05-27 09:00:00,Short,1,1.01411984312714,2,3,0.212%
2019-05-27 10:00:00,Short,1,1.01595878349097,2,3,0.239%
2019-05-27 13:00:00,Long,1,0.983303281603196,1,5,0.083%
2019-05-27 16:00:00,Long,1,0.970330285501026,1,7,0.148%
2019-05-28 02:00:00,Long,1,0.990147783251232,2,2,0.148%
2019-05-28 02:00:00,Long,1,0.982324823062956,0,7,-1.768%
2019-05-28 05:00:00,Long,1,0.978578383641675,1,2,0.107%
2019-05-28 10:00:00,Long,1,0.976731301939058,1,7,0.116%
2019-05-28 13:00:00,Long,1,0.975931077321722,0,4,-2.407%
2019-05-28 15:00:00,Long,1,0.963039460810958,1,1,0.185%
2019-05-28 17:00:00,Long,1,0.977157337093178,0,5,-2.284%
2019-05-28 23:00:00,Long,1,0.988836782596968,2,3,0.167%
2019-05-29 03:00:00,Long,1,0.965727341964966,1,1,0.171%
2019-05-29 07:00:00,Long,1,0.96357640432785,2,7,0.546%
2019-05-29 07:00:00,Long,1,0.982965799094512,1,3,0.085%
2019-05-29 08:00:00,Long,1,0.962892483349191,1,2,0.186%
2019-05-29 23:00:00,Long,1,0.984250979488361,1,5,0.079%
2019-05-29 23:00:00,Long,1,0.973681395100032,0,1,-2.632%
2019-05-30 10:00:00,Long,1,0.986261672212085,1,1,0.069%
2019-05-30 14:00:00,Long,1,0.955157917430204,0,1,-4.484%
2019-05-31 12:00:00,Short,1,1.01921933822073,0,6,-1.922%
2019-06-01 02:00:00,Short,1,1.01296660117878,3,6,0.454%
2019-06-01 06:00:00,Short,1,1.01179477098486,3,6,0.413%
2019-06-01 16:00:00,Long,1,0.983478911206429,2,5,0.248%
2019-06-02 05:00:00,Short,1,1.01166875062139,1,3,0.058%
2019-06-02 23:00:00,Long,1,0.983539401161925,0,7,-1.646%
2019-06-03 03:00:00,Short,1,1.01766403560619,2,3,0.265%
2019-06-03 05:00:00,Long,1,0.971611721611722,1,2,0.142%
2019-06-03 07:00:00,Long,1,0.966302367941712,1,2,0.168%
2019-06-03 13:00:00,Long,1,0.980821917808219,2,2,0.288%
2019-06-03 16:00:00,Short,1,1.0106124313689,4,5,2.600%
2019-06-04 07:00:00,Long,1,0.981150221196384,0,6,-1.885%
2019-06-05 07:00:00,Short,1,1.01701323251418,1,2,0.085%
2019-06-05 10:00:00,Short,1,1.03757951121527,0,7,-3.758%
2019-06-05 17:00:00,Short,1,1.01038715769594,3,2,0.364%
2019-06-05 19:00:00,Short,1,1.01229895931883,3,2,0.430%
2019-06-05 22:00:00,Short,1,1.0130631180564,3,1,0.457%
2019-06-06 02:00:00,Short,1,1.014453125,0,6,-1.445%
2019-06-06 04:00:00,Short,1,1.01521801550515,3,7,0.533%
2019-06-06 07:00:00,Short,1,1.01583766490305,3,5,0.554%
2019-06-06 09:00:00,Long,1,0.982092395464373,0,3,-1.791%
2019-06-06 10:00:00,Long,1,0.980724518614851,2,4,0.289%
2019-06-07 05:00:00,Short,1,1.01942588468201,0,1,-1.943%
2019-06-08 07:00:00,Long,1,0.976840822471371,2,4,0.347%
2019-06-08 13:00:00,Long,1,0.978958544315321,2,4,0.316%
2019-06-09 08:00:00,Short,1,1.00857142857143,1,2,0.043%
2019-06-09 08:00:00,Short,1,1.00990483589046,4,6,2.427%
2019-06-09 09:00:00,Short,1,1.02259393334166,2,1,0.339%
2019-06-09 14:00:00,Long,1,0.970218129912193,1,4,0.149%
2019-06-10 07:00:00,Short,1,1.01659336265494,0,6,-1.659%
2019-06-11 13:00:00,Short,1,1.01068763863682,1,6,0.053%
2019-06-11 15:00:00,Long,1,0.974188327313438,1,5,0.129%
2019-06-11 15:00:00,Long,1,0.970892519911323,1,7,0.146%
2019-06-11 16:00:00,Long,1,0.968469688711034,2,3,0.473%
2019-06-11 17:00:00,Short,1,1.01007658202338,2,6,0.151%
2019-06-11 19:00:00,Short,1,1.01125422033262,3,1,0.394%
2019-06-13 06:00:00,Short,1,1.01986218078638,4,6,4.866%
2019-06-13 07:00:00,Long,1,0.99225195450997,1,3,0.039%
2019-06-13 08:00:00,Long,1,0.983944423002701,1,7,0.080%
2019-06-13 08:00:00,Long,1,0.987154712814231,4,5,3.147%
2019-06-13 10:00:00,Short,1,1.01759854483331,4,4,4.312%
2019-06-14 08:00:00,Long,1,0.98341767224601,4,7,4.063%
2019-06-14 12:00:00,Short,1,1.01357714644483,0,7,-1.358%
2019-06-15 01:00:00,Short,1,1.01725023988144,1,3,0.086%
2019-06-15 10:00:00,Short,1,1.01940220241217,0,1,-1.940%
2019-06-15 10:00:00,Short,1,1.02549845620322,0,4,-2.550%
2019-06-15 10:00:00,Short,1,1.01935483870968,2,6,0.290%
2019-06-15 14:00:00,Short,1,1.01423934118102,3,3,0.498%
2019-06-15 17:00:00,Short,1,1.01577919273916,4,4,3.866%
2019-06-15 18:00:00,Short,1,1.01583145197514,2,3,0.237%
2019-06-15 19:00:00,Short,1,1.02568720721697,4,4,6.293%
2019-06-16 08:00:00,Long,1,0.976458057881593,0,7,-2.354%
2019-06-16 19:00:00,Long,1,0.967909131010146,0,7,-3.209%
2019-06-16 20:00:00,Long,1,0.968415794298638,1,5,0.158%
2019-06-16 21:00:00,Short,1,1.02389160170081,1,3,0.119%
2019-06-16 22:00:00,Short,1,1.03437993914957,1,4,0.172%
2019-06-16 22:00:00,Long,1,0.96565401121037,1,5,0.172%
2019-06-16 23:00:00,Short,1,1.02686567164179,1,2,0.134%
2019-06-16 23:00:00,Short,1,1.02099087353325,4,1,5.143%
2019-06-17 03:00:00,Long,1,0.98592121794398,2,7,0.211%
2019-06-17 05:00:00,Short,1,1.02392821535394,1,2,0.120%
2019-06-17 18:00:00,Short,1,1.01019474578486,1,1,0.051%
2019-06-18 04:00:00,Short,1,1.01286164880503,1,3,0.064%
2019-06-18 13:00:00,Short,1,1.01421319796954,1,2,0.071%
2019-06-18 13:00:00,Short,1,1.0199518260221,1,3,0.100%
2019-06-19 07:00:00,Short,1,1.01331936200025,1,5,0.067%
2019-06-19 09:00:00,Short,1,1.02147239263804,4,2,5.261%
2019-06-19 11:00:00,Short,1,1.01579229122056,4,1,3.869%
2019-06-19 14:00:00,Short,1,1.01208346872525,4,3,2.960%
2019-06-20 09:00:00,Long,1,0.988688372093023,4,7,2.771%
2019-06-21 07:00:00,Short,1,1.02859778013152,4,4,7.006%
2019-06-21 08:00:00,Short,1,1.02452619843924,4,6,6.009%
2019-06-23 03:00:00,Short,1,1.02273385461917,4,1,5.570%
2019-06-23 07:00:00,Short,1,1.01847223124326,4,4,4.526%
2019-06-23 09:00:00,Long,1,0.978043784406606,2,7,0.329%
2019-06-23 09:00:00,Long,1,0.978943111900889,3,5,0.737%
2019-06-23 13:00:00,Long,1,0.971174320673764,1,7,0.144%
2019-06-24 03:00:00,Long,1,0.971266575217192,1,5,0.144%
2019-06-24 07:00:00,Long,1,0.97738855557706,1,7,0.113%
2019-06-24 21:00:00,Short,1,1.01962174940898,4,6,4.807%
2019-06-25 17:00:00,Long,1,0.967538606996533,4,7,7.953%
2019-06-27 09:00:00,Short,1,1.02124833997344,0,2,-2.125%
2019-06-29 22:00:00,Short,1,1.02769845802399,0,6,-2.770%
2019-06-30 01:00:00,Long,1,0.982149314967821,1,4,0.089%
2019-07-03 07:00:00,Long,1,0.968498317871343,1,7,0.158%
2019-07-03 15:00:00,Long,1,0.970340882569236,2,5,0.445%
2019-07-04 01:00:00,Long,1,0.986628300609343,1,7,0.067%
2019-07-05 07:00:00,Short,1,1.02874743326489,1,6,0.144%
2019-07-05 07:00:00,Short,1,1.03206997084548,1,2,0.160%
2019-07-05 10:00:00,Short,1,1.01540804754249,2,5,0.231%
2019-07-05 15:00:00,Short,1,1.0300754506078,0,7,-3.008%
2019-07-05 16:00:00,Long,1,0.955622521876678,0,4,-4.438%
2019-07-06 05:00:00,Short,1,1.01349951664135,1,7,0.067%
2019-07-07 07:00:00,Short,1,1.01311139981833,2,4,0.197%
2019-07-07 11:00:00,Short,1,1.02529430466186,0,5,-2.529%
2019-07-07 16:00:00,Long,1,0.98419540229885,1,2,0.079%
2019-07-07 21:00:00,Long,1,0.991898148148148,0,1,-0.810%
