date,open,high,low,close,volume
2020-01-01 00:00:00,0.0286,0.02862,0.02857,0.02857,78.0
2020-01-01 01:00:00,0.02857,0.02857,0.02848,0.02851,229.0
2020-01-01 02:00:00,0.02851,0.02859,0.02852,0.02853,66.0
2020-01-01 03:00:00,0.02853,0.02854,0.0285,0.02853,105.0
2020-01-01 04:00:00,0.02853,0.02869,0.02853,0.02858,329.0
2020-01-01 05:00:00,0.02858,0.0286,0.02856,0.02859,250.0
2020-01-01 06:00:00,0.02859,0.02859,0.02857,0.02857,31.0
2020-01-01 07:00:00,0.02857,0.02857,0.02845,0.02845,145.0
2020-01-01 08:00:00,0.02845,0.02849,0.02842,0.02842,247.0
2020-01-01 09:00:00,0.02842,0.02844,0.02842,0.02842,136.0
2020-01-01 10:00:00,0.02842,0.02844,0.02842,0.02842,12.0
2020-01-01 11:00:00,0.02842,0.02843,0.02842,0.02842,27.0
2020-01-01 12:00:00,0.02842,0.02841,0.02837,0.02837,76.0
2020-01-01 13:00:00,0.02837,0.02844,0.02835,0.02844,216.0
2020-01-01 14:00:00,0.02844,0.02842,0.02833,0.02834,129.0
2020-01-01 15:00:00,0.02834,0.02835,0.02833,0.02835,124.0
2020-01-01 16:00:00,0.02835,0.02834,0.02826,0.02831,102.0
2020-01-01 17:00:00,0.02831,0.02835,0.02828,0.02835,46.0
2020-01-01 18:00:00,0.02835,0.02834,0.02833,0.02833,101.0
2020-01-01 19:00:00,0.02833,0.02838,0.02834,0.02834,1384.0
2020-01-01 20:00:00,0.02834,0.02834,0.02815,0.02815,215.0
2020-01-01 21:00:00,0.02815,0.0282,0.02815,0.02819,503.0
2020-01-01 22:00:00,0.02819,0.02825,0.02818,0.02825,158.0
2020-01-01 23:00:00,0.02825,0.02829,0.02825,0.02825,20.0
2020-01-02 00:00:00,0.02825,0.02832,0.02823,0.02829,77.0
2020-01-02 01:00:00,0.02829,0.02836,0.02833,0.02834,51.0
2020-01-02 02:00:00,0.02834,0.02834,0.0283,0.0283,244.0
2020-01-02 03:00:00,0.0283,0.02832,0.0283,0.02832,32.0
2020-01-02 04:00:00,0.02832,0.02838,0.02827,0.02827,389.0
2020-01-02 05:00:00,0.02827,0.02832,0.02828,0.02829,204.0
2020-01-02 06:00:00,0.02829,0.02835,0.02828,0.02828,14.0
2020-01-02 07:00:00,0.02828,0.0284,0.02829,0.02839,282.0
2020-01-02 08:00:00,0.02839,0.02836,0.02835,0.02835,40.0
2020-01-02 09:00:00,0.02835,0.02835,0.02809,0.0281,1417.0
2020-01-02 10:00:00,0.0281,0.02818,0.026,0.02806,13927.0
2020-01-02 11:00:00,0.02806,0.02806,0.02802,0.02802,624.0
2020-01-02 12:00:00,0.02802,0.02802,0.02792,0.02792,379.0
2020-01-02 13:00:00,0.02792,0.02799,0.02761,0.02776,1874.0
2020-01-02 14:00:00,0.02776,0.02776,0.02766,0.02767,295.0
2020-01-02 15:00:00,0.02767,0.02778,0.02767,0.02778,169.0
2020-01-02 16:00:00,0.02778,0.02785,0.02777,0.02785,606.0
2020-01-02 17:00:00,0.02785,0.02785,0.0278,0.02781,221.0
2020-01-02 18:00:00,0.02781,0.02781,0.02773,0.02774,1241.0
2020-01-02 19:00:00,0.02774,0.02781,0.0277,0.02781,363.0
2020-01-02 20:00:00,0.02781,0.02789,0.02783,0.02787,215.0
2020-01-02 21:00:00,0.02787,0.02828,0.0277,0.02795,2372.0
2020-01-02 22:00:00,0.02795,0.02804,0.02795,0.02804,746.0
2020-01-02 23:00:00,0.02804,0.02853,0.02804,0.02838,880.0
2020-01-03 00:00:00,0.02838,0.02849,0.02832,0.02835,725.0
2020-01-03 01:00:00,0.02835,0.02874,0.02826,0.02873,1322.0
2020-01-03 02:00:00,0.02873,0.02922,0.02875,0.02903,4856.0
2020-01-03 03:00:00,0.02903,0.02903,0.02896,0.02898,3622.0
2020-01-03 04:00:00,0.02898,0.02912,0.02898,0.02902,1066.0
2020-01-03 05:00:00,0.02902,0.0291,0.02902,0.02909,1028.0
2020-01-03 06:00:00,0.02909,0.02958,0.02908,0.02946,1924.0
2020-01-03 07:00:00,0.02946,0.02945,0.02913,0.0292,1329.0
2020-01-03 08:00:00,0.0292,0.02945,0.02917,0.02944,664.0
2020-01-03 09:00:00,0.02944,0.03018,0.02945,0.03001,2875.0
2020-01-03 10:00:00,0.03001,0.03026,0.02983,0.02993,2575.0
2020-01-03 11:00:00,0.02993,0.02998,0.02987,0.02989,108.0
2020-01-03 12:00:00,0.02989,0.02991,0.02974,0.02991,366.0
2020-01-03 13:00:00,0.02991,0.0301,0.02991,0.0301,545.0
2020-01-03 14:00:00,0.0301,0.03016,0.03002,0.03008,548.0
2020-01-03 15:00:00,0.03008,0.03025,0.03009,0.03019,1754.0
2020-01-03 16:00:00,0.03019,0.03032,0.03014,0.03014,441.0
2020-01-03 17:00:00,0.03014,0.0302,0.02987,0.03004,1732.0
2020-01-03 18:00:00,0.03004,0.03,0.02995,0.02999,49.0
2020-01-03 19:00:00,0.02999,0.03029,0.0299,0.03029,601.0
2020-01-03 20:00:00,0.03029,0.0303,0.03005,0.03005,1049.0
2020-01-03 21:00:00,0.03005,0.03006,0.03,0.03006,607.0
2020-01-03 22:00:00,0.03006,0.03006,0.03005,0.03005,213.0
2020-01-03 23:00:00,0.03005,0.03025,0.03005,0.03025,4736.0
2020-01-04 00:00:00,0.03025,0.03032,0.03019,0.03019,291.0
2020-01-04 01:00:00,0.03019,0.03029,0.03004,0.03019,1532.0
2020-01-04 02:00:00,0.03019,0.03041,0.03012,0.03029,779.0
2020-01-04 03:00:00,0.03029,0.0307,0.03021,0.03042,2675.0
2020-01-04 04:00:00,0.03042,0.03045,0.03032,0.03045,248.0
2020-01-04 05:00:00,0.03045,0.03044,0.02991,0.02997,1567.0
2020-01-04 06:00:00,0.02997,0.03015,0.02997,0.03005,561.0
2020-01-04 07:00:00,0.03005,0.0301,0.03002,0.03007,73.0
2020-01-04 08:00:00,0.03007,0.03014,0.03,0.03005,293.0
2020-01-04 09:00:00,0.03005,0.0303,0.03006,0.03012,255.0
2020-01-04 10:00:00,0.03012,0.03025,0.03013,0.03021,362.0
2020-01-04 11:00:00,0.03021,0.03053,0.03012,0.03019,1143.0
2020-01-04 12:00:00,0.03019,0.03032,0.03015,0.03032,528.0
2020-01-04 13:00:00,0.03032,0.03033,0.03031,0.03032,79.0
2020-01-04 14:00:00,0.03032,0.03033,0.03025,0.03026,282.0
2020-01-04 15:00:00,0.03026,0.03025,0.03022,0.03025,478.0
2020-01-04 16:00:00,0.03025,0.03029,0.03025,0.03029,109.0
2020-01-04 17:00:00,0.03029,0.03045,0.03029,0.03039,422.0
2020-01-04 18:00:00,0.03039,0.03035,0.0301,0.03014,2626.0
2020-01-04 19:00:00,0.03014,0.03014,0.03009,0.0301,1194.0
2020-01-04 20:00:00,0.0301,0.03011,0.03008,0.03008,229.0
2020-01-04 21:00:00,0.03008,0.03009,0.0298,0.02989,1327.0
2020-01-04 22:00:00,0.02989,0.02988,0.02982,0.02982,154.0
2020-01-04 23:00:00,0.02982,0.02996,0.02983,0.02995,331.0
2020-01-05 00:00:00,0.02995,0.02993,0.02987,0.02987,175.0
2020-01-05 01:00:00,0.02987,0.02986,0.0296,0.02966,509.0
2020-01-05 02:00:00,0.02966,0.0298,0.02966,0.02979,205.0
2020-01-05 03:00:00,0.02979,0.02982,0.0297,0.02973,392.0
2020-01-05 04:00:00,0.02973,0.02976,0.0297,0.02974,155.0
2020-01-05 05:00:00,0.02974,0.02991,0.02976,0.02991,173.0
2020-01-05 06:00:00,0.02991,0.02992,0.02984,0.0299,90.0
2020-01-05 07:00:00,0.0299,0.0299,0.02985,0.02987,271.0
2020-01-05 08:00:00,0.02987,0.03011,0.02987,0.02996,1128.0
2020-01-05 09:00:00,0.02996,0.03004,0.02978,0.02978,355.0
2020-01-05 10:00:00,0.02978,0.0299,0.02978,0.0299,323.0
2020-01-05 11:00:00,0.0299,0.02993,0.0299,0.02992,30.0
2020-01-05 12:00:00,0.02992,0.02993,0.02992,0.02992,55.0
2020-01-05 13:00:00,0.02992,0.02992,0.0299,0.0299,6.0
2020-01-05 14:00:00,0.0299,0.02991,0.02989,0.02989,99.0
2020-01-05 15:00:00,0.02989,0.02998,0.02989,0.02997,740.0
2020-01-05 16:00:00,0.02997,0.03005,0.02998,0.03004,255.0
2020-01-05 17:00:00,0.03004,0.03013,0.03004,0.03011,244.0
2020-01-05 18:00:00,0.03011,0.03146,0.03008,0.03113,4789.0
2020-01-05 19:00:00,0.03113,0.03126,0.03089,0.031,1308.0
2020-01-05 20:00:00,0.031,0.03143,0.031,0.03119,1015.0
2020-01-05 21:00:00,0.03119,0.0313,0.0311,0.03125,587.0
2020-01-05 22:00:00,0.03125,0.03127,0.0311,0.03112,1224.0
2020-01-05 23:00:00,0.03112,0.03112,0.0311,0.0311,173.0
2020-01-06 00:00:00,0.0311,0.0311,0.03109,0.03109,65.0
2020-01-06 01:00:00,0.03109,0.03126,0.03108,0.03126,755.0
2020-01-06 02:00:00,0.03126,0.03119,0.031,0.031,469.0
2020-01-06 03:00:00,0.031,0.03105,0.031,0.03103,351.0
2020-01-06 04:00:00,0.03103,0.03102,0.031,0.031,191.0
2020-01-06 05:00:00,0.031,0.03115,0.03097,0.03115,438.0
2020-01-06 06:00:00,0.03115,0.03124,0.03071,0.03083,1365.0
2020-01-06 07:00:00,0.03083,0.03121,0.03081,0.03112,630.0
2020-01-06 08:00:00,0.03112,0.03112,0.03094,0.03094,154.0
2020-01-06 09:00:00,0.03094,0.03109,0.03084,0.03099,392.0
2020-01-06 10:00:00,0.03099,0.03105,0.03095,0.03095,99.0
2020-01-06 11:00:00,0.03095,0.031,0.03095,0.03095,88.0
2020-01-06 12:00:00,0.03095,0.03105,0.03096,0.03103,60.0
2020-01-06 13:00:00,0.03103,0.03118,0.03102,0.03115,619.0
2020-01-06 14:00:00,0.03115,0.03118,0.03105,0.03105,697.0
2020-01-06 15:00:00,0.03105,0.03194,0.03093,0.03136,1849.0
2020-01-06 16:00:00,0.03136,0.03141,0.03123,0.03126,767.0
2020-01-06 17:00:00,0.03126,0.03126,0.03051,0.03058,2094.0
2020-01-06 18:00:00,0.03058,0.0307,0.03055,0.03065,425.0
2020-01-06 19:00:00,0.03065,0.0308,0.03051,0.03058,541.0
2020-01-06 20:00:00,0.03058,0.03063,0.03048,0.03051,169.0
2020-01-06 21:00:00,0.03051,0.03048,0.03033,0.03039,2175.0
2020-01-06 22:00:00,0.03039,0.03055,0.03039,0.03055,1149.0
2020-01-06 23:00:00,0.03055,0.03054,0.03047,0.03049,259.0
2020-01-07 00:00:00,0.03049,0.03047,0.03042,0.03044,492.0
2020-01-07 01:00:00,0.03044,0.03046,0.03042,0.03042,123.0
2020-01-07 02:00:00,0.03042,0.03048,0.03043,0.03047,114.0
2020-01-07 03:00:00,0.03047,0.03057,0.03049,0.03057,182.0
2020-01-07 04:00:00,0.03057,0.0306,0.03035,0.03041,1149.0
2020-01-07 05:00:00,0.03041,0.03041,0.03014,0.03014,1332.0
2020-01-07 06:00:00,0.03014,0.03014,0.02992,0.03013,1043.0
2020-01-07 07:00:00,0.03013,0.03013,0.02991,0.03005,7440.0
2020-01-07 08:00:00,0.03005,0.03005,0.02992,0.02994,642.0
2020-01-07 09:00:00,0.02994,0.03012,0.02994,0.03011,915.0
2020-01-07 10:00:00,0.03011,0.03053,0.03005,0.0304,1218.0
2020-01-07 11:00:00,0.0304,0.03041,0.02986,0.0299,1041.0
2020-01-07 12:00:00,0.0299,0.03012,0.02982,0.0299,3099.0
2020-01-07 13:00:00,0.0299,0.03002,0.02986,0.02988,377.0
2020-01-07 14:00:00,0.02988,0.02999,0.02981,0.02998,381.0
2020-01-07 15:00:00,0.02998,0.03001,0.02995,0.02999,293.0
2020-01-07 16:00:00,0.02999,0.03018,0.0297,0.02971,1880.0
2020-01-07 17:00:00,0.02971,0.0302,0.02898,0.02995,4921.0
2020-01-07 18:00:00,0.02995,0.02996,0.02953,0.02953,1001.0
2020-01-07 19:00:00,0.02953,0.02953,0.0293,0.02932,2188.0
2020-01-07 20:00:00,0.02932,0.02931,0.02911,0.02923,1260.0
2020-01-07 21:00:00,0.02923,0.02944,0.02922,0.0294,1060.0
2020-01-07 22:00:00,0.0294,0.02939,0.02922,0.02938,765.0
2020-01-07 23:00:00,0.02938,0.02946,0.02925,0.02925,402.0
2020-01-08 00:00:00,0.02925,0.0293,0.0292,0.02921,136.0
2020-01-08 01:00:00,0.02921,0.02949,0.0292,0.02936,1589.0
2020-01-08 02:00:00,0.02936,0.02939,0.0293,0.02931,180.0
2020-01-08 03:00:00,0.02931,0.02931,0.02929,0.02929,365.0
2020-01-08 04:00:00,0.02929,0.02929,0.0292,0.0292,185.0
2020-01-08 05:00:00,0.0292,0.02925,0.02898,0.02898,1297.0
2020-01-08 06:00:00,0.02898,0.02911,0.0288,0.02893,1581.0
2020-01-08 07:00:00,0.02893,0.02892,0.02876,0.02879,624.0
2020-01-08 08:00:00,0.02879,0.02879,0.0284,0.02867,1629.0
2020-01-08 09:00:00,0.02867,0.02875,0.02842,0.02861,878.0
2020-01-08 10:00:00,0.02861,0.02927,0.0287,0.02926,1828.0
2020-01-08 11:00:00,0.02926,0.0293,0.02923,0.02924,237.0
2020-01-08 12:00:00,0.02924,0.02931,0.02894,0.02931,436.0
2020-01-08 13:00:00,0.02931,0.02954,0.02916,0.02916,697.0
2020-01-08 14:00:00,0.02916,0.0294,0.02916,0.02936,322.0
2020-01-08 15:00:00,0.02936,0.02969,0.02934,0.02967,438.0
2020-01-08 16:00:00,0.02967,0.02986,0.02961,0.02973,662.0
2020-01-08 17:00:00,0.02973,0.03024,0.02971,0.03005,1722.0
2020-01-08 18:00:00,0.03005,0.03038,0.03004,0.03018,1056.0
2020-01-08 19:00:00,0.03018,0.03018,0.03002,0.03002,409.0
2020-01-08 20:00:00,0.03002,0.03001,0.02986,0.02987,571.0
2020-01-08 21:00:00,0.02987,0.02994,0.02986,0.02994,75.0
2020-01-08 22:00:00,0.02994,0.02998,0.02986,0.02998,30.0
2020-01-08 23:00:00,0.02998,0.02999,0.02991,0.02999,40.0
2020-01-09 00:00:00,0.02999,0.03002,0.02972,0.02984,1737.0
2020-01-09 01:00:00,0.02984,0.0299,0.02972,0.02972,359.0
2020-01-09 02:00:00,0.02972,0.02983,0.02959,0.02976,233.0
2020-01-09 03:00:00,0.02976,0.02986,0.0297,0.02986,153.0
2020-01-09 04:00:00,0.02986,0.02987,0.02975,0.0298,362.0
2020-01-09 05:00:00,0.0298,0.0298,0.02973,0.02977,232.0
2020-01-09 06:00:00,0.02977,0.02978,0.02976,0.02977,26.0
2020-01-09 07:00:00,0.02977,0.02977,0.02964,0.02965,732.0
2020-01-09 08:00:00,0.02965,0.02968,0.02965,0.02965,361.0
2020-01-09 09:00:00,0.02965,0.02979,0.02958,0.02963,399.0
2020-01-09 10:00:00,0.02963,0.02973,0.0296,0.02961,140.0
2020-01-09 11:00:00,0.02961,0.02965,0.02956,0.02965,147.0
2020-01-09 12:00:00,0.02965,0.02973,0.02964,0.02966,382.0
2020-01-09 13:00:00,0.02966,0.03012,0.02957,0.02991,967.0
2020-01-09 14:00:00,0.02991,0.03009,0.02992,0.02999,121.0
2020-01-09 15:00:00,0.02999,0.0301,0.02992,0.0301,321.0
2020-01-09 16:00:00,0.0301,0.03046,0.03001,0.03034,444.0
2020-01-09 17:00:00,0.03034,0.03049,0.03025,0.03025,723.0
2020-01-09 18:00:00,0.03025,0.03028,0.03026,0.03026,219.0
2020-01-09 19:00:00,0.03026,0.03034,0.0302,0.0302,337.0
2020-01-09 20:00:00,0.0302,0.03029,0.03021,0.03023,133.0
2020-01-09 21:00:00,0.03023,0.0302,0.0301,0.03013,95.0
2020-01-09 22:00:00,0.03013,0.0302,0.03012,0.03012,114.0
2020-01-09 23:00:00,0.03012,0.0303,0.03018,0.0303,504.0
2020-01-10 00:00:00,0.0303,0.0303,0.03025,0.0303,207.0
2020-01-10 01:00:00,0.0303,0.03035,0.0301,0.03018,7044.0
2020-01-10 02:00:00,0.03018,0.03028,0.03019,0.03027,626.0
2020-01-10 03:00:00,0.03027,0.03027,0.02999,0.03021,577.0
2020-01-10 04:00:00,0.03021,0.03099,0.03021,0.0309,1964.0
2020-01-10 05:00:00,0.0309,0.03197,0.03078,0.03174,4441.0
2020-01-10 06:00:00,0.03174,0.0318,0.03146,0.03147,1441.0
2020-01-10 07:00:00,0.03147,0.0322,0.0314,0.03193,2755.0
2020-01-10 08:00:00,0.03193,0.0325,0.03192,0.03237,7547.0
2020-01-10 09:00:00,0.03237,0.03296,0.03211,0.03236,3446.0
2020-01-10 10:00:00,0.03236,0.03245,0.03225,0.03243,1136.0
2020-01-10 11:00:00,0.03243,0.03243,0.03187,0.03202,1137.0
2020-01-10 12:00:00,0.03202,0.03228,0.03201,0.03215,1651.0
2020-01-10 13:00:00,0.03215,0.03218,0.03191,0.03194,1408.0
2020-01-10 14:00:00,0.03194,0.03218,0.03194,0.03218,545.0
2020-01-10 15:00:00,0.03218,0.03241,0.03218,0.0324,303.0
2020-01-10 16:00:00,0.0324,0.0334,0.03241,0.03309,2878.0
2020-01-10 17:00:00,0.03309,0.0333,0.0328,0.03297,1818.0
2020-01-10 18:00:00,0.03297,0.0338,0.03298,0.03318,1308.0
2020-01-10 19:00:00,0.03318,0.0332,0.03299,0.03308,862.0
2020-01-10 20:00:00,0.03308,0.03317,0.03283,0.03315,1178.0
2020-01-10 21:00:00,0.03315,0.03317,0.03304,0.03316,556.0
2020-01-10 22:00:00,0.03316,0.03343,0.03313,0.0334,1140.0
2020-01-10 23:00:00,0.0334,0.03341,0.03328,0.03329,669.0
2020-01-11 00:00:00,0.03329,0.03341,0.03328,0.03328,811.0
2020-01-11 01:00:00,0.03328,0.0334,0.03321,0.03329,534.0
2020-01-11 02:00:00,0.03329,0.0336,0.03327,0.0336,1207.0
2020-01-11 03:00:00,0.0336,0.03359,0.03256,0.03274,2896.0
2020-01-11 04:00:00,0.03274,0.03293,0.0326,0.0326,1549.0
2020-01-11 05:00:00,0.0326,0.03286,0.0326,0.03267,483.0
2020-01-11 06:00:00,0.03267,0.03324,0.0327,0.03318,614.0
2020-01-11 07:00:00,0.03318,0.0334,0.0329,0.03296,1044.0
2020-01-11 08:00:00,0.03296,0.03314,0.03283,0.03305,648.0
2020-01-11 09:00:00,0.03305,0.03326,0.03275,0.03291,866.0
2020-01-11 10:00:00,0.03291,0.03304,0.03282,0.03288,350.0
2020-01-11 11:00:00,0.03288,0.03293,0.03278,0.03289,144.0
2020-01-11 12:00:00,0.03289,0.03305,0.03285,0.03286,236.0
2020-01-11 13:00:00,0.03286,0.03292,0.03251,0.03253,952.0
2020-01-11 14:00:00,0.03253,0.03275,0.0325,0.03271,917.0
2020-01-11 15:00:00,0.03271,0.03299,0.03268,0.03283,533.0
2020-01-11 16:00:00,0.03283,0.03282,0.03237,0.03246,1995.0
2020-01-11 17:00:00,0.03246,0.03249,0.03232,0.03246,685.0
2020-01-11 18:00:00,0.03246,0.03255,0.03245,0.03245,285.0
2020-01-11 19:00:00,0.03245,0.0327,0.03246,0.0326,239.0
2020-01-11 20:00:00,0.0326,0.03261,0.03251,0.03257,84.0
2020-01-11 21:00:00,0.03257,0.03274,0.03258,0.03268,260.0
2020-01-11 22:00:00,0.03268,0.03271,0.03262,0.03266,166.0
2020-01-11 23:00:00,0.03266,0.03291,0.03268,0.03281,444.0
2020-01-12 00:00:00,0.03281,0.03291,0.03281,0.0329,227.0
2020-01-12 01:00:00,0.0329,0.03315,0.03288,0.03293,747.0
2020-01-12 02:00:00,0.03293,0.03293,0.03265,0.03265,396.0
2020-01-12 03:00:00,0.03265,0.03265,0.03235,0.03244,707.0
2020-01-12 04:00:00,0.03244,0.03248,0.03237,0.03243,188.0
2020-01-12 05:00:00,0.03243,0.03286,0.03242,0.03257,589.0
2020-01-12 06:00:00,0.03257,0.03285,0.03256,0.0328,248.0
2020-01-12 07:00:00,0.0328,0.03282,0.03258,0.03258,537.0
2020-01-12 08:00:00,0.03258,0.03269,0.03257,0.03266,425.0
2020-01-12 09:00:00,0.03266,0.03268,0.03245,0.03254,387.0
2020-01-12 10:00:00,0.03254,0.03269,0.03251,0.03268,235.0
2020-01-12 11:00:00,0.03268,0.03268,0.0326,0.0326,101.0
2020-01-12 12:00:00,0.0326,0.03259,0.03252,0.03253,29.0
2020-01-12 13:00:00,0.03253,0.0326,0.03257,0.0326,254.0
2020-01-12 14:00:00,0.0326,0.03265,0.03263,0.03265,60.0
2020-01-12 15:00:00,0.03265,0.03267,0.03262,0.03264,742.0
2020-01-12 16:00:00,0.03264,0.03301,0.03261,0.03301,582.0
2020-01-12 17:00:00,0.03301,0.0332,0.03252,0.03252,995.0
2020-01-12 18:00:00,0.03252,0.0326,0.0324,0.03259,845.0
2020-01-12 19:00:00,0.03259,0.03261,0.03241,0.03241,369.0
2020-01-12 20:00:00,0.03241,0.03241,0.03231,0.0324,323.0
2020-01-12 21:00:00,0.0324,0.03245,0.03235,0.03244,383.0
2020-01-12 22:00:00,0.03244,0.03245,0.03241,0.03242,51.0
2020-01-12 23:00:00,0.03242,0.03242,0.03239,0.03239,90.0
2020-01-13 00:00:00,0.03239,0.03252,0.03241,0.03252,71.0
2020-01-13 01:00:00,0.03252,0.03265,0.03251,0.03264,191.0
2020-01-13 02:00:00,0.03264,0.0327,0.0326,0.0326,82.0
2020-01-13 03:00:00,0.0326,0.03282,0.03261,0.03282,301.0
2020-01-13 04:00:00,0.03282,0.03297,0.03267,0.03267,1078.0
2020-01-13 05:00:00,0.03267,0.03272,0.03257,0.03259,276.0
2020-01-13 06:00:00,0.03259,0.0326,0.0325,0.0325,128.0
2020-01-13 07:00:00,0.0325,0.0325,0.03236,0.03246,203.0
2020-01-13 08:00:00,0.03246,0.03257,0.03245,0.03245,290.0
2020-01-13 09:00:00,0.03245,0.03255,0.0324,0.03255,309.0
2020-01-13 10:00:00,0.03255,0.0328,0.03255,0.03256,451.0
2020-01-13 11:00:00,0.03256,0.03265,0.03257,0.03264,32.0
2020-01-13 12:00:00,0.03264,0.03273,0.03265,0.03266,112.0
2020-01-13 13:00:00,0.03266,0.03285,0.03266,0.0328,442.0
2020-01-13 14:00:00,0.0328,0.03286,0.03277,0.03285,1616.0
2020-01-13 15:00:00,0.03285,0.0329,0.03283,0.03283,287.0
2020-01-13 16:00:00,0.03283,0.03283,0.03268,0.0328,295.0
2020-01-13 17:00:00,0.0328,0.0339,0.0328,0.03319,5346.0
2020-01-13 18:00:00,0.03319,0.03345,0.03298,0.03323,1913.0
2020-01-13 19:00:00,0.03323,0.03324,0.03315,0.03315,414.0
2020-01-13 20:00:00,0.03315,0.03359,0.03315,0.03354,568.0
2020-01-13 21:00:00,0.03354,0.03354,0.0331,0.03313,700.0
2020-01-13 22:00:00,0.03313,0.03325,0.03302,0.03311,688.0
2020-01-13 23:00:00,0.03311,0.0331,0.03305,0.0331,230.0
2020-01-14 00:00:00,0.0331,0.03316,0.0331,0.0331,92.0
2020-01-14 01:00:00,0.0331,0.03318,0.0331,0.03318,801.0
2020-01-14 02:00:00,0.03318,0.03354,0.03318,0.03321,781.0
2020-01-14 03:00:00,0.03321,0.03331,0.03321,0.0333,130.0
2020-01-14 04:00:00,0.0333,0.03337,0.0333,0.03335,131.0
2020-01-14 05:00:00,0.03335,0.034,0.03336,0.0335,1972.0
2020-01-14 06:00:00,0.0335,0.0348,0.0335,0.03479,5814.0
2020-01-14 07:00:00,0.03479,0.03876,0.0347,0.03739,21917.0
2020-01-14 08:00:00,0.03739,0.042,0.03641,0.0392,19426.0
2020-01-14 09:00:00,0.0392,0.03935,0.03662,0.03825,21944.0
2020-01-14 10:00:00,0.03825,0.03878,0.03736,0.03746,9722.0
2020-01-14 11:00:00,0.03746,0.03791,0.03635,0.03712,6517.0
2020-01-14 12:00:00,0.03712,0.03778,0.03672,0.0375,1609.0
2020-01-14 13:00:00,0.0375,0.03772,0.03712,0.03737,1254.0
2020-01-14 14:00:00,0.03737,0.03739,0.037,0.03711,840.0
2020-01-14 15:00:00,0.03711,0.03921,0.03711,0.03863,2979.0
2020-01-14 16:00:00,0.03863,0.04129,0.03847,0.03939,13985.0
2020-01-14 17:00:00,0.03939,0.04065,0.0386,0.03925,9044.0
2020-01-14 18:00:00,0.03925,0.03955,0.03809,0.03897,9070.0
2020-01-14 19:00:00,0.03897,0.0398,0.03887,0.0396,1781.0
2020-01-14 20:00:00,0.0396,0.03965,0.03874,0.03888,2348.0
2020-01-14 21:00:00,0.03888,0.03895,0.03704,0.03722,9503.0
2020-01-14 22:00:00,0.03722,0.03777,0.0365,0.03762,3072.0
2020-01-14 23:00:00,0.03762,0.0386,0.03766,0.03828,2011.0
2020-01-15 00:00:00,0.03828,0.03829,0.03768,0.03799,1188.0
2020-01-15 01:00:00,0.03799,0.03831,0.03753,0.03787,3430.0
2020-01-15 02:00:00,0.03787,0.03944,0.03791,0.03917,3092.0
2020-01-15 03:00:00,0.03917,0.03945,0.03867,0.03913,4664.0
2020-01-15 04:00:00,0.03913,0.03924,0.0381,0.03825,2423.0
2020-01-15 05:00:00,0.03825,0.03899,0.03826,0.03865,1551.0
2020-01-15 06:00:00,0.03865,0.03937,0.03865,0.03925,1350.0
2020-01-15 07:00:00,0.03925,0.03926,0.03796,0.0383,6025.0
2020-01-15 08:00:00,0.0383,0.03834,0.03734,0.03734,2544.0
2020-01-15 09:00:00,0.03734,0.03822,0.037,0.03773,3426.0
2020-01-15 10:00:00,0.03773,0.03807,0.03773,0.03807,551.0
2020-01-15 11:00:00,0.03807,0.03807,0.0375,0.0375,616.0
2020-01-15 12:00:00,0.0375,0.03785,0.0375,0.03775,291.0
2020-01-15 13:00:00,0.03775,0.03822,0.03776,0.03816,290.0
2020-01-15 14:00:00,0.03816,0.03858,0.03795,0.03826,992.0
2020-01-15 15:00:00,0.03826,0.0387,0.0381,0.03864,605.0
2020-01-15 16:00:00,0.03864,0.0389,0.03834,0.03866,1472.0
2020-01-15 17:00:00,0.03866,0.0388,0.03782,0.03809,1734.0
2020-01-15 18:00:00,0.03809,0.0381,0.03646,0.03686,4860.0
2020-01-15 19:00:00,0.03686,0.03708,0.03658,0.03658,2331.0
2020-01-15 20:00:00,0.03658,0.03683,0.03627,0.03666,2187.0
2020-01-15 21:00:00,0.03666,0.03699,0.03664,0.03686,1948.0
2020-01-15 22:00:00,0.03686,0.03741,0.03682,0.03724,1973.0
2020-01-15 23:00:00,0.03724,0.03724,0.03687,0.03717,733.0
2020-01-16 00:00:00,0.03717,0.03716,0.03666,0.03688,854.0
2020-01-16 01:00:00,0.03688,0.03715,0.03678,0.03682,534.0
2020-01-16 02:00:00,0.03682,0.03696,0.03653,0.03682,1039.0
2020-01-16 03:00:00,0.03682,0.0369,0.03651,0.0369,236.0
2020-01-16 04:00:00,0.0369,0.03758,0.0367,0.03758,1456.0
2020-01-16 05:00:00,0.03758,0.0381,0.03707,0.03707,3156.0
2020-01-16 06:00:00,0.03707,0.03715,0.03653,0.03667,928.0
2020-01-16 07:00:00,0.03667,0.03708,0.03664,0.037,809.0
2020-01-16 08:00:00,0.037,0.03723,0.03689,0.03717,374.0
2020-01-16 09:00:00,0.03717,0.03745,0.03672,0.03703,1061.0
2020-01-16 10:00:00,0.03703,0.03803,0.03715,0.03753,2033.0
2020-01-16 11:00:00,0.03753,0.03783,0.03741,0.03775,640.0
2020-01-16 12:00:00,0.03775,0.03775,0.03752,0.03753,341.0
2020-01-16 13:00:00,0.03753,0.03794,0.03756,0.03794,296.0
2020-01-16 14:00:00,0.03794,0.03816,0.0375,0.03752,988.0
2020-01-16 15:00:00,0.03752,0.0378,0.03751,0.03772,989.0
2020-01-16 16:00:00,0.03772,0.03781,0.03737,0.03765,712.0
2020-01-16 17:00:00,0.03765,0.03761,0.03708,0.03723,3181.0
2020-01-16 18:00:00,0.03723,0.03737,0.03724,0.03733,203.0
2020-01-16 19:00:00,0.03733,0.03778,0.03743,0.03769,644.0
2020-01-16 20:00:00,0.03769,0.03888,0.03762,0.03833,4398.0
2020-01-16 21:00:00,0.03833,0.0392,0.03827,0.03888,3003.0
2020-01-16 22:00:00,0.03888,0.03946,0.03864,0.03937,4427.0
2020-01-16 23:00:00,0.03937,0.03948,0.03788,0.0383,4759.0
2020-01-17 00:00:00,0.0383,0.0389,0.03833,0.03861,3449.0
2020-01-17 01:00:00,0.03861,0.03918,0.0385,0.03875,1959.0
2020-01-17 02:00:00,0.03875,0.03906,0.03871,0.03895,808.0
2020-01-17 03:00:00,0.03895,0.03899,0.03867,0.03887,793.0
2020-01-17 04:00:00,0.03887,0.03908,0.03879,0.03888,353.0
2020-01-17 05:00:00,0.03888,0.03887,0.03841,0.03851,588.0
2020-01-17 06:00:00,0.03851,0.0386,0.03842,0.03852,306.0
2020-01-17 07:00:00,0.03852,0.03861,0.0381,0.03829,438.0
2020-01-17 08:00:00,0.03829,0.039,0.03806,0.039,1398.0
2020-01-17 09:00:00,0.039,0.04075,0.03899,0.0402,5511.0
2020-01-17 10:00:00,0.0402,0.04083,0.04005,0.04044,1657.0
2020-01-17 11:00:00,0.04044,0.04074,0.04025,0.04041,1304.0
2020-01-17 12:00:00,0.04041,0.04274,0.04042,0.04142,8458.0
2020-01-17 13:00:00,0.04142,0.04196,0.04112,0.04127,1184.0
2020-01-17 14:00:00,0.04127,0.04151,0.04062,0.04124,1566.0
2020-01-17 15:00:00,0.04124,0.0421,0.0412,0.04201,2500.0
2020-01-17 16:00:00,0.04201,0.04201,0.041,0.04108,2211.0
2020-01-17 17:00:00,0.04108,0.04459,0.04105,0.04432,10108.0
2020-01-17 18:00:00,0.04432,0.04458,0.04274,0.04329,9961.0
2020-01-17 19:00:00,0.04329,0.04359,0.04305,0.04339,2294.0
2020-01-17 20:00:00,0.04339,0.04362,0.04306,0.04308,1306.0
2020-01-17 21:00:00,0.04308,0.0431,0.04012,0.04075,8341.0
2020-01-17 22:00:00,0.04075,0.04139,0.03968,0.0403,5505.0
2020-01-17 23:00:00,0.0403,0.04078,0.039,0.04071,5219.0
2020-01-18 00:00:00,0.04071,0.041,0.04029,0.04053,3077.0
2020-01-18 01:00:00,0.04053,0.04079,0.04014,0.04078,1514.0
2020-01-18 02:00:00,0.04078,0.04199,0.04077,0.04173,4033.0
2020-01-18 03:00:00,0.04173,0.042,0.0412,0.04134,1147.0
2020-01-18 04:00:00,0.04134,0.04128,0.0406,0.0409,1847.0
2020-01-18 05:00:00,0.0409,0.04169,0.041,0.04144,1217.0
2020-01-18 06:00:00,0.04144,0.04169,0.0413,0.04131,1770.0
2020-01-18 07:00:00,0.04131,0.04134,0.04004,0.04021,3451.0
2020-01-18 08:00:00,0.04021,0.04046,0.03807,0.03858,10705.0
2020-01-18 09:00:00,0.03858,0.0392,0.03746,0.0386,9754.0
2020-01-18 10:00:00,0.0386,0.0391,0.03843,0.03872,2957.0
2020-01-18 11:00:00,0.03872,0.0387,0.03825,0.03856,1531.0
2020-01-18 12:00:00,0.03856,0.03896,0.0384,0.03896,1665.0
2020-01-18 13:00:00,0.03896,0.03923,0.03886,0.039,1911.0
2020-01-18 14:00:00,0.039,0.03934,0.03898,0.03934,452.0
2020-01-18 15:00:00,0.03934,0.0397,0.0392,0.03948,1344.0
2020-01-18 16:00:00,0.03948,0.03961,0.03766,0.03786,4667.0
2020-01-18 17:00:00,0.03786,0.03831,0.03758,0.0383,4892.0
2020-01-18 18:00:00,0.0383,0.03906,0.03777,0.038,4512.0
2020-01-18 19:00:00,0.038,0.0381,0.03777,0.03794,1754.0
2020-01-18 20:00:00,0.03794,0.0384,0.03793,0.03825,516.0
2020-01-18 21:00:00,0.03825,0.0392,0.0383,0.0392,710.0
2020-01-18 22:00:00,0.0392,0.0399,0.03859,0.03884,2412.0
2020-01-18 23:00:00,0.03884,0.03915,0.03841,0.03875,763.0
2020-01-19 00:00:00,0.03875,0.03917,0.03875,0.03904,496.0
2020-01-19 01:00:00,0.03904,0.0393,0.03902,0.03907,801.0
2020-01-19 02:00:00,0.03907,0.03912,0.03875,0.03884,1248.0
2020-01-19 03:00:00,0.03884,0.0391,0.03878,0.03886,374.0
2020-01-19 04:00:00,0.03886,0.03923,0.0378,0.03848,8547.0
2020-01-19 05:00:00,0.03848,0.03834,0.03758,0.03807,2786.0
2020-01-19 06:00:00,0.03807,0.03855,0.0375,0.03828,8206.0
2020-01-19 07:00:00,0.03828,0.03843,0.03814,0.03815,1255.0
2020-01-19 08:00:00,0.03815,0.0388,0.03814,0.03871,1033.0
2020-01-19 09:00:00,0.03871,0.039,0.03838,0.03845,962.0
2020-01-19 10:00:00,0.03845,0.03838,0.03823,0.03829,277.0
2020-01-19 11:00:00,0.03829,0.03829,0.03814,0.03818,448.0
2020-01-19 12:00:00,0.03818,0.03836,0.03788,0.03825,619.0
2020-01-19 13:00:00,0.03825,0.03833,0.03807,0.03814,259.0
2020-01-19 14:00:00,0.03814,0.0385,0.0381,0.03821,1487.0
2020-01-19 15:00:00,0.03821,0.03852,0.03821,0.03851,445.0
2020-01-19 16:00:00,0.03851,0.03912,0.03852,0.03891,600.0
2020-01-19 17:00:00,0.03891,0.03912,0.03844,0.03856,1549.0
2020-01-19 18:00:00,0.03856,0.0387,0.03837,0.03857,399.0
2020-01-19 19:00:00,0.03857,0.03865,0.03838,0.03838,108.0
2020-01-19 20:00:00,0.03838,0.03852,0.03831,0.03834,83.0
2020-01-19 21:00:00,0.03834,0.0386,0.03825,0.03825,93.0
2020-01-19 22:00:00,0.03825,0.03824,0.03812,0.03818,142.0
2020-01-19 23:00:00,0.03818,0.03851,0.03819,0.03838,369.0
2020-01-20 00:00:00,0.03838,0.03848,0.03829,0.03837,694.0
2020-01-20 01:00:00,0.03837,0.03842,0.03832,0.03833,119.0
2020-01-20 02:00:00,0.03833,0.03844,0.03833,0.03838,176.0
2020-01-20 03:00:00,0.03838,0.0384,0.03834,0.03837,197.0
2020-01-20 04:00:00,0.03837,0.0384,0.03811,0.03811,1103.0
2020-01-20 05:00:00,0.03811,0.03824,0.03789,0.03819,681.0
2020-01-20 06:00:00,0.03819,0.03898,0.0381,0.03878,1790.0
2020-01-20 07:00:00,0.03878,0.0397,0.0387,0.03921,3387.0
2020-01-20 08:00:00,0.03921,0.04001,0.03912,0.03989,3423.0
2020-01-20 09:00:00,0.03989,0.04006,0.03956,0.03988,1771.0
2020-01-20 10:00:00,0.03988,0.0403,0.03982,0.03983,1314.0
2020-01-20 11:00:00,0.03983,0.03996,0.03959,0.03992,477.0
2020-01-20 12:00:00,0.03992,0.03994,0.0397,0.0398,186.0
2020-01-20 13:00:00,0.0398,0.0398,0.03969,0.03979,635.0
2020-01-20 14:00:00,0.03979,0.04061,0.0398,0.04055,1424.0
2020-01-20 15:00:00,0.04055,0.0406,0.03963,0.04002,6878.0
2020-01-20 16:00:00,0.04002,0.04001,0.03956,0.03957,1005.0
2020-01-20 17:00:00,0.03957,0.03957,0.03928,0.03942,1353.0
2020-01-20 18:00:00,0.03942,0.03959,0.03936,0.03959,1494.0
2020-01-20 19:00:00,0.03959,0.03981,0.03956,0.03966,1120.0
2020-01-20 20:00:00,0.03966,0.03989,0.03966,0.03979,223.0
2020-01-20 21:00:00,0.03979,0.03988,0.03966,0.03966,904.0
2020-01-20 22:00:00,0.03966,0.03983,0.03961,0.03966,956.0
2020-01-20 23:00:00,0.03966,0.03968,0.03958,0.03959,167.0
2020-01-21 00:00:00,0.03959,0.03964,0.03948,0.03948,192.0
2020-01-21 01:00:00,0.03948,0.03963,0.03931,0.03963,1474.0
2020-01-21 02:00:00,0.03963,0.03979,0.03945,0.03947,409.0
2020-01-21 03:00:00,0.03947,0.03958,0.03942,0.03952,318.0
2020-01-21 04:00:00,0.03952,0.03984,0.03951,0.03969,915.0
2020-01-21 05:00:00,0.03969,0.03974,0.03961,0.03965,401.0
2020-01-21 06:00:00,0.03965,0.03979,0.03963,0.03979,499.0
2020-01-21 07:00:00,0.03979,0.03979,0.03964,0.03967,672.0
2020-01-21 08:00:00,0.03967,0.03967,0.03942,0.03942,426.0
2020-01-21 09:00:00,0.03942,0.03949,0.0387,0.03904,3688.0
2020-01-21 10:00:00,0.03904,0.03921,0.03902,0.03916,915.0
2020-01-21 11:00:00,0.03916,0.03917,0.03902,0.03907,385.0
2020-01-21 12:00:00,0.03907,0.03922,0.03902,0.03912,211.0
2020-01-21 13:00:00,0.03912,0.03937,0.0391,0.03928,529.0
2020-01-21 14:00:00,0.03928,0.03926,0.03901,0.03918,912.0
2020-01-21 15:00:00,0.03918,0.03919,0.03914,0.03919,174.0
2020-01-21 16:00:00,0.03919,0.03937,0.0392,0.0393,373.0
2020-01-21 17:00:00,0.0393,0.03936,0.03923,0.03931,338.0
2020-01-21 18:00:00,0.03931,0.03928,0.0392,0.0392,104.0
2020-01-21 19:00:00,0.0392,0.03928,0.039,0.03901,315.0
2020-01-21 20:00:00,0.03901,0.03907,0.03903,0.03907,40.0
2020-01-21 21:00:00,0.03907,0.03935,0.03904,0.03934,233.0
2020-01-21 22:00:00,0.03934,0.0394,0.03933,0.03936,273.0
2020-01-21 23:00:00,0.03936,0.03983,0.03931,0.03983,631.0
2020-01-22 00:00:00,0.03983,0.04027,0.0398,0.03999,2152.0
2020-01-22 01:00:00,0.03999,0.04,0.03983,0.03983,647.0
2020-01-22 02:00:00,0.03983,0.04,0.03984,0.03999,1675.0
2020-01-22 03:00:00,0.03999,0.04003,0.03988,0.03998,623.0
2020-01-22 04:00:00,0.03998,0.03998,0.03984,0.0399,652.0
2020-01-22 05:00:00,0.0399,0.03995,0.03979,0.03986,559.0
2020-01-22 06:00:00,0.03986,0.03988,0.03952,0.0396,605.0
2020-01-22 07:00:00,0.0396,0.03967,0.03944,0.03944,579.0
2020-01-22 08:00:00,0.03944,0.03969,0.03946,0.03966,58.0
2020-01-22 09:00:00,0.03966,0.03985,0.03965,0.03983,234.0
2020-01-22 10:00:00,0.03983,0.04002,0.03982,0.03986,415.0
2020-01-22 11:00:00,0.03986,0.03985,0.03978,0.03984,74.0
2020-01-22 12:00:00,0.03984,0.03984,0.03978,0.03979,44.0
2020-01-22 13:00:00,0.03979,0.03993,0.03973,0.03993,346.0
2020-01-22 14:00:00,0.03993,0.03992,0.03986,0.03992,162.0
2020-01-22 15:00:00,0.03992,0.03992,0.03974,0.03974,259.0
2020-01-22 16:00:00,0.03974,0.04022,0.03977,0.04019,711.0
2020-01-22 17:00:00,0.04019,0.04032,0.03986,0.03986,1268.0
2020-01-22 18:00:00,0.03986,0.04005,0.03965,0.03965,1132.0
2020-01-22 19:00:00,0.03965,0.03971,0.03923,0.0397,958.0
2020-01-22 20:00:00,0.0397,0.03972,0.03962,0.03962,165.0
2020-01-22 21:00:00,0.03962,0.03968,0.03948,0.03956,292.0
2020-01-22 22:00:00,0.03956,0.03971,0.03936,0.03967,869.0
2020-01-22 23:00:00,0.03967,0.03969,0.03952,0.03955,344.0
2020-01-23 00:00:00,0.03955,0.03967,0.03944,0.03962,768.0
2020-01-23 01:00:00,0.03962,0.03967,0.03955,0.03964,1130.0
2020-01-23 02:00:00,0.03964,0.03985,0.03959,0.03985,1150.0
2020-01-23 03:00:00,0.03985,0.04008,0.03985,0.04001,947.0
2020-01-23 04:00:00,0.04001,0.04001,0.03981,0.03989,898.0
2020-01-23 05:00:00,0.03989,0.04009,0.03978,0.04006,899.0
2020-01-23 06:00:00,0.04006,0.04023,0.03997,0.0401,1216.0
2020-01-23 07:00:00,0.0401,0.04016,0.04001,0.04001,512.0
2020-01-23 08:00:00,0.04001,0.04032,0.03996,0.04029,2568.0
2020-01-23 09:00:00,0.04029,0.04042,0.0395,0.03971,3993.0
2020-01-23 10:00:00,0.03971,0.03977,0.03809,0.03874,4874.0
2020-01-23 11:00:00,0.03874,0.0387,0.03827,0.03833,1400.0
2020-01-23 12:00:00,0.03833,0.03839,0.03804,0.03823,3914.0
2020-01-23 13:00:00,0.03823,0.03836,0.0382,0.03836,832.0
2020-01-23 14:00:00,0.03836,0.03867,0.03837,0.03864,1445.0
2020-01-23 15:00:00,0.03864,0.03868,0.03854,0.03854,254.0
2020-01-23 16:00:00,0.03854,0.03866,0.03841,0.03866,1826.0
2020-01-23 17:00:00,0.03866,0.03879,0.03857,0.03879,175.0
2020-01-23 18:00:00,0.03879,0.03884,0.03852,0.03852,504.0
2020-01-23 19:00:00,0.03852,0.03851,0.0371,0.03733,6858.0
2020-01-23 20:00:00,0.03733,0.03769,0.0372,0.03747,2253.0
2020-01-23 21:00:00,0.03747,0.03755,0.03703,0.03729,2415.0
2020-01-23 22:00:00,0.03729,0.03769,0.03721,0.03767,798.0
2020-01-23 23:00:00,0.03767,0.03788,0.03739,0.03748,1254.0
2020-01-24 00:00:00,0.03748,0.03749,0.03616,0.03695,7058.0
2020-01-24 01:00:00,0.03695,0.03705,0.03676,0.03679,3250.0
2020-01-24 02:00:00,0.03679,0.03694,0.03599,0.03643,4365.0
2020-01-24 03:00:00,0.03643,0.0368,0.03639,0.0366,1461.0
2020-01-24 04:00:00,0.0366,0.03814,0.0364,0.03785,4550.0
2020-01-24 05:00:00,0.03785,0.03825,0.03765,0.03817,1420.0
2020-01-24 06:00:00,0.03817,0.03825,0.03788,0.03812,741.0
2020-01-24 07:00:00,0.03812,0.03828,0.03806,0.03806,394.0
2020-01-24 08:00:00,0.03806,0.03808,0.03765,0.03799,471.0
2020-01-24 09:00:00,0.03799,0.03809,0.03744,0.03752,2229.0
2020-01-24 10:00:00,0.03752,0.03759,0.03717,0.03724,711.0
2020-01-24 11:00:00,0.03724,0.03752,0.0373,0.03745,195.0
2020-01-24 12:00:00,0.03745,0.03778,0.03741,0.03777,390.0
2020-01-24 13:00:00,0.03777,0.03777,0.03755,0.03766,268.0
2020-01-24 14:00:00,0.03766,0.03784,0.03767,0.03783,139.0
2020-01-24 15:00:00,0.03783,0.03776,0.0377,0.03771,141.0
2020-01-24 16:00:00,0.03771,0.03785,0.03771,0.03771,512.0
2020-01-24 17:00:00,0.03771,0.03772,0.0366,0.03692,1821.0
2020-01-24 18:00:00,0.03692,0.03715,0.03678,0.0371,1091.0
2020-01-24 19:00:00,0.0371,0.03716,0.03698,0.03716,960.0
2020-01-24 20:00:00,0.03716,0.03725,0.03693,0.03693,624.0
2020-01-24 21:00:00,0.03693,0.03703,0.03681,0.03685,757.0
2020-01-24 22:00:00,0.03685,0.03698,0.03676,0.03696,85.0
2020-01-24 23:00:00,0.03696,0.03714,0.03685,0.03696,100.0
2020-01-25 00:00:00,0.03696,0.03703,0.03696,0.03698,65.0
2020-01-25 01:00:00,0.03698,0.03773,0.03698,0.03772,609.0
2020-01-25 02:00:00,0.03772,0.0379,0.03748,0.03758,833.0
2020-01-25 03:00:00,0.03758,0.03764,0.03721,0.03726,257.0
2020-01-25 04:00:00,0.03726,0.03736,0.03709,0.03717,122.0
2020-01-25 05:00:00,0.03717,0.03726,0.03708,0.03708,86.0
2020-01-25 06:00:00,0.03708,0.03732,0.0371,0.03726,152.0
2020-01-25 07:00:00,0.03726,0.0373,0.03716,0.03717,90.0
2020-01-25 08:00:00,0.03717,0.03732,0.03707,0.0373,319.0
2020-01-25 09:00:00,0.0373,0.0373,0.03712,0.0372,73.0
2020-01-25 10:00:00,0.0372,0.03735,0.0372,0.0372,36.0
2020-01-25 11:00:00,0.0372,0.03725,0.0372,0.0372,45.0
2020-01-25 12:00:00,0.0372,0.03761,0.03723,0.03752,107.0
2020-01-25 13:00:00,0.03752,0.03758,0.03741,0.0375,167.0
2020-01-25 14:00:00,0.0375,0.03763,0.03748,0.03752,175.0
2020-01-25 15:00:00,0.03752,0.03757,0.03734,0.03736,233.0
2020-01-25 16:00:00,0.03736,0.03742,0.03725,0.03725,89.0
2020-01-25 17:00:00,0.03725,0.03731,0.0371,0.03728,394.0
2020-01-25 18:00:00,0.03728,0.03733,0.03724,0.03732,74.0
2020-01-25 19:00:00,0.03732,0.03729,0.03728,0.03729,55.0
2020-01-25 20:00:00,0.03729,0.03751,0.03728,0.0374,310.0
2020-01-25 21:00:00,0.0374,0.03756,0.03739,0.03756,1685.0
2020-01-25 22:00:00,0.03756,0.03779,0.03756,0.03768,964.0
2020-01-25 23:00:00,0.03768,0.03768,0.03747,0.03755,151.0
2020-01-26 00:00:00,0.03755,0.03759,0.03753,0.03759,59.0
2020-01-26 01:00:00,0.03759,0.03843,0.03759,0.03824,1596.0
2020-01-26 02:00:00,0.03824,0.03842,0.03821,0.0383,949.0
2020-01-26 03:00:00,0.0383,0.03846,0.03828,0.03839,713.0
2020-01-26 04:00:00,0.03839,0.03841,0.03816,0.03822,425.0
2020-01-26 05:00:00,0.03822,0.03839,0.03821,0.03839,209.0
2020-01-26 06:00:00,0.03839,0.0391,0.03839,0.03875,2700.0
2020-01-26 07:00:00,0.03875,0.0396,0.03875,0.03936,3309.0
2020-01-26 08:00:00,0.03936,0.03954,0.03928,0.0393,647.0
2020-01-26 09:00:00,0.0393,0.04026,0.0393,0.04024,2252.0
2020-01-26 10:00:00,0.04024,0.04074,0.04018,0.04034,3643.0
2020-01-26 11:00:00,0.04034,0.04042,0.04018,0.0403,1597.0
2020-01-26 12:00:00,0.0403,0.04029,0.04006,0.04019,776.0
2020-01-26 13:00:00,0.04019,0.04045,0.04012,0.04012,586.0
2020-01-26 14:00:00,0.04012,0.04025,0.04007,0.04019,458.0
2020-01-26 15:00:00,0.04019,0.0402,0.04,0.04003,634.0
2020-01-26 16:00:00,0.04003,0.04042,0.04002,0.04042,791.0
2020-01-26 17:00:00,0.04042,0.0418,0.04043,0.04144,5161.0
2020-01-26 18:00:00,0.04144,0.04154,0.04131,0.04141,824.0
2020-01-26 19:00:00,0.04141,0.04141,0.04121,0.04131,694.0
2020-01-26 20:00:00,0.04131,0.0414,0.04131,0.04135,466.0
2020-01-26 21:00:00,0.04135,0.04171,0.04105,0.04106,2042.0
2020-01-26 22:00:00,0.04106,0.04149,0.04101,0.04138,798.0
2020-01-26 23:00:00,0.04138,0.042,0.04129,0.04197,2385.0
2020-01-27 00:00:00,0.04197,0.04214,0.0415,0.04179,2147.0
2020-01-27 01:00:00,0.04179,0.04183,0.04163,0.04166,1770.0
2020-01-27 02:00:00,0.04166,0.04175,0.04165,0.04172,1487.0
2020-01-27 03:00:00,0.04172,0.04231,0.04166,0.04166,4541.0
2020-01-27 04:00:00,0.04166,0.04299,0.04167,0.04244,5557.0
2020-01-27 05:00:00,0.04244,0.04284,0.04229,0.04236,3867.0
2020-01-27 06:00:00,0.04236,0.04254,0.04205,0.04206,1395.0
2020-01-27 07:00:00,0.04206,0.04254,0.04201,0.04252,1325.0
2020-01-27 08:00:00,0.04252,0.04281,0.04231,0.04242,3273.0
2020-01-27 09:00:00,0.04242,0.0427,0.04196,0.04235,3364.0
2020-01-27 10:00:00,0.04235,0.04251,0.04205,0.04209,864.0
2020-01-27 11:00:00,0.04209,0.04232,0.04201,0.04219,1201.0
2020-01-27 12:00:00,0.04219,0.04215,0.04143,0.04145,2963.0
2020-01-27 13:00:00,0.04145,0.04151,0.0413,0.0414,1151.0
2020-01-27 14:00:00,0.0414,0.04146,0.04121,0.04146,1858.0
2020-01-27 15:00:00,0.04146,0.04147,0.04033,0.04033,4164.0
2020-01-27 16:00:00,0.04033,0.04071,0.0403,0.04071,1225.0
2020-01-27 17:00:00,0.04071,0.0415,0.04071,0.04094,2289.0
2020-01-27 18:00:00,0.04094,0.04106,0.04034,0.0404,1567.0
2020-01-27 19:00:00,0.0404,0.04069,0.04033,0.04063,1300.0
2020-01-27 20:00:00,0.04063,0.04062,0.0404,0.0405,1029.0
2020-01-27 21:00:00,0.0405,0.0405,0.04032,0.04037,662.0
2020-01-27 22:00:00,0.04037,0.0406,0.04034,0.04041,686.0
2020-01-27 23:00:00,0.04041,0.04041,0.04031,0.04033,900.0
2020-01-28 00:00:00,0.04033,0.04056,0.0403,0.04052,816.0
2020-01-28 01:00:00,0.04052,0.04061,0.04047,0.04058,492.0
2020-01-28 02:00:00,0.04058,0.04058,0.0404,0.04055,352.0
2020-01-28 03:00:00,0.04055,0.04119,0.04054,0.041,1630.0
2020-01-28 04:00:00,0.041,0.04103,0.04058,0.04068,1020.0
2020-01-28 05:00:00,0.04068,0.04094,0.04056,0.0408,640.0
2020-01-28 06:00:00,0.0408,0.04088,0.04061,0.04069,633.0
2020-01-28 07:00:00,0.04069,0.04203,0.04069,0.04144,2954.0
2020-01-28 08:00:00,0.04144,0.04134,0.0404,0.04063,2370.0
2020-01-28 09:00:00,0.04063,0.04094,0.0404,0.04065,960.0
2020-01-28 10:00:00,0.04065,0.0408,0.04053,0.04058,411.0
2020-01-28 11:00:00,0.04058,0.04057,0.04044,0.04044,133.0
2020-01-28 12:00:00,0.04044,0.0406,0.04031,0.04043,548.0
2020-01-28 13:00:00,0.04043,0.04071,0.04043,0.0406,256.0
2020-01-28 14:00:00,0.0406,0.04082,0.04056,0.04078,402.0
2020-01-28 15:00:00,0.04078,0.04099,0.04058,0.04063,863.0
2020-01-28 16:00:00,0.04063,0.04072,0.04034,0.04045,863.0
2020-01-28 17:00:00,0.04045,0.0413,0.04045,0.04119,1991.0
2020-01-28 18:00:00,0.04119,0.04165,0.04109,0.04133,1140.0
2020-01-28 19:00:00,0.04133,0.04138,0.04094,0.04108,1092.0
2020-01-28 20:00:00,0.04108,0.04125,0.041,0.04125,160.0
2020-01-28 21:00:00,0.04125,0.04135,0.04123,0.04135,120.0
2020-01-28 22:00:00,0.04135,0.04156,0.04135,0.04149,416.0
2020-01-28 23:00:00,0.04149,0.04237,0.04151,0.04192,1819.0
2020-01-29 00:00:00,0.04192,0.04201,0.04159,0.04199,685.0
2020-01-29 01:00:00,0.04199,0.04214,0.04185,0.04198,980.0
2020-01-29 02:00:00,0.04198,0.04198,0.04123,0.04143,1433.0
2020-01-29 03:00:00,0.04143,0.04165,0.04121,0.04162,553.0
2020-01-29 04:00:00,0.04162,0.04162,0.04096,0.04115,1333.0
2020-01-29 05:00:00,0.04115,0.04139,0.04111,0.0413,477.0
2020-01-29 06:00:00,0.0413,0.04159,0.04119,0.04142,940.0
2020-01-29 07:00:00,0.04142,0.04143,0.04121,0.04128,180.0
2020-01-29 08:00:00,0.04128,0.04128,0.04074,0.04075,839.0
2020-01-29 09:00:00,0.04075,0.04143,0.04055,0.0414,623.0
2020-01-29 10:00:00,0.0414,0.0414,0.04101,0.04112,438.0
2020-01-29 11:00:00,0.04112,0.04113,0.041,0.04103,52.0
2020-01-29 12:00:00,0.04103,0.04114,0.041,0.041,145.0
2020-01-29 13:00:00,0.041,0.04108,0.04087,0.04106,226.0
2020-01-29 14:00:00,0.04106,0.04122,0.04099,0.04106,304.0
2020-01-29 15:00:00,0.04106,0.04111,0.04103,0.04111,82.0
2020-01-29 16:00:00,0.04111,0.0412,0.04088,0.04089,104.0
2020-01-29 17:00:00,0.04089,0.04093,0.04043,0.04065,717.0
2020-01-29 18:00:00,0.04065,0.04084,0.04048,0.04084,324.0
2020-01-29 19:00:00,0.04084,0.04081,0.04059,0.0407,100.0
2020-01-29 20:00:00,0.0407,0.0412,0.04067,0.04119,569.0
2020-01-29 21:00:00,0.04119,0.04136,0.04111,0.04118,794.0
2020-01-29 22:00:00,0.04118,0.0413,0.04111,0.04111,77.0
2020-01-29 23:00:00,0.04111,0.04125,0.04112,0.04124,69.0
2020-01-30 00:00:00,0.04124,0.04191,0.04125,0.04171,1577.0
2020-01-30 01:00:00,0.04171,0.04175,0.04152,0.04164,692.0
2020-01-30 02:00:00,0.04164,0.04186,0.04129,0.04134,2135.0
2020-01-30 03:00:00,0.04134,0.04136,0.0411,0.0411,556.0
2020-01-30 04:00:00,0.0411,0.0412,0.04105,0.04117,516.0
2020-01-30 05:00:00,0.04117,0.04138,0.04107,0.04138,1051.0
2020-01-30 06:00:00,0.04138,0.0414,0.0413,0.04135,356.0
2020-01-30 07:00:00,0.04135,0.0414,0.041,0.041,1357.0
2020-01-30 08:00:00,0.041,0.04123,0.04094,0.04122,915.0
2020-01-30 09:00:00,0.04122,0.04159,0.04079,0.04129,1687.0
2020-01-30 10:00:00,0.04129,0.04208,0.04129,0.04168,3047.0
2020-01-30 11:00:00,0.04168,0.0419,0.04145,0.04164,508.0
2020-01-30 12:00:00,0.04164,0.04164,0.04155,0.04156,992.0
2020-01-30 13:00:00,0.04156,0.04156,0.04129,0.04136,803.0
2020-01-30 14:00:00,0.04136,0.04137,0.04116,0.04122,858.0
2020-01-30 15:00:00,0.04122,0.04147,0.04118,0.04147,398.0
2020-01-30 16:00:00,0.04147,0.04155,0.04129,0.04148,398.0
2020-01-30 17:00:00,0.04148,0.04156,0.04141,0.04147,275.0
2020-01-30 18:00:00,0.04147,0.04149,0.0412,0.04125,441.0
2020-01-30 19:00:00,0.04125,0.04132,0.04107,0.04132,362.0
2020-01-30 20:00:00,0.04132,0.04137,0.04118,0.04118,440.0
2020-01-30 21:00:00,0.04118,0.04119,0.04093,0.04095,696.0
2020-01-30 22:00:00,0.04095,0.04107,0.04079,0.04092,906.0
2020-01-30 23:00:00,0.04092,0.04135,0.04091,0.0413,1754.0
2020-01-31 00:00:00,0.0413,0.04129,0.04104,0.04115,581.0
2020-01-31 01:00:00,0.04115,0.04115,0.04107,0.04115,952.0
2020-01-31 02:00:00,0.04115,0.04145,0.04115,0.04126,644.0
2020-01-31 03:00:00,0.04126,0.04127,0.04112,0.0412,129.0
2020-01-31 04:00:00,0.0412,0.04122,0.04107,0.04108,501.0
2020-01-31 05:00:00,0.04108,0.04106,0.03975,0.04007,4819.0
2020-01-31 06:00:00,0.04007,0.04023,0.03984,0.04019,919.0
2020-01-31 07:00:00,0.04019,0.0403,0.04,0.04001,487.0
2020-01-31 08:00:00,0.04001,0.0403,0.04,0.0403,368.0
2020-01-31 09:00:00,0.0403,0.04039,0.03961,0.03992,984.0
2020-01-31 10:00:00,0.03992,0.03994,0.03969,0.03975,490.0
2020-01-31 11:00:00,0.03975,0.03999,0.03972,0.03996,384.0
2020-01-31 12:00:00,0.03996,0.04005,0.03983,0.03989,694.0
2020-01-31 13:00:00,0.03989,0.0401,0.03989,0.04008,407.0
2020-01-31 14:00:00,0.04008,0.04033,0.04009,0.04023,448.0
2020-01-31 15:00:00,0.04023,0.0405,0.04022,0.04048,441.0
2020-01-31 16:00:00,0.04048,0.04051,0.0401,0.04015,1103.0
2020-01-31 17:00:00,0.04015,0.0404,0.04018,0.0404,664.0
2020-01-31 18:00:00,0.0404,0.0408,0.04035,0.0408,732.0
2020-01-31 19:00:00,0.0408,0.0413,0.04079,0.04107,1996.0
2020-01-31 20:00:00,0.04107,0.04125,0.04076,0.04124,574.0
2020-01-31 21:00:00,0.04124,0.04124,0.04091,0.04092,416.0
2020-01-31 22:00:00,0.04092,0.04099,0.04084,0.04086,126.0
2020-01-31 23:00:00,0.04086,0.04089,0.0408,0.04089,46.0
2020-02-01 00:00:00,0.04089,0.04105,0.0408,0.04084,366.0
2020-02-01 01:00:00,0.04084,0.04084,0.04061,0.04067,440.0
2020-02-01 02:00:00,0.04067,0.04077,0.04054,0.04075,1066.0
2020-02-01 03:00:00,0.04075,0.04099,0.04065,0.04065,103.0
2020-02-01 04:00:00,0.04065,0.04066,0.04023,0.04038,931.0
2020-02-01 05:00:00,0.04038,0.0404,0.0403,0.04039,64.0
2020-02-01 06:00:00,0.04039,0.04106,0.0404,0.04081,640.0
2020-02-01 07:00:00,0.04081,0.04086,0.04065,0.04076,633.0
2020-02-01 08:00:00,0.04076,0.04086,0.0407,0.0407,230.0
2020-02-01 09:00:00,0.0407,0.04087,0.0407,0.04084,285.0
2020-02-01 10:00:00,0.04084,0.04085,0.04084,0.04084,1710.0
2020-02-01 11:00:00,0.04084,0.04086,0.04084,0.04085,1110.0
2020-02-01 12:00:00,0.04085,0.04086,0.04084,0.04086,605.0
2020-02-01 13:00:00,0.04086,0.04092,0.0407,0.04092,3676.0
2020-02-01 14:00:00,0.04092,0.04085,0.0406,0.04067,337.0
2020-02-01 15:00:00,0.04067,0.04076,0.04062,0.0407,462.0
2020-02-01 16:00:00,0.0407,0.0407,0.04059,0.04068,507.0
2020-02-01 17:00:00,0.04068,0.04067,0.04039,0.04039,335.0
2020-02-01 18:00:00,0.04039,0.04052,0.04035,0.04052,135.0
2020-02-01 19:00:00,0.04052,0.04052,0.04036,0.04038,447.0
2020-02-01 20:00:00,0.04038,0.04039,0.04021,0.0403,585.0
2020-02-01 21:00:00,0.0403,0.04055,0.0403,0.04053,121.0
2020-02-01 22:00:00,0.04053,0.04071,0.04059,0.04069,467.0
2020-02-01 23:00:00,0.04069,0.04121,0.04061,0.04095,1597.0
2020-02-02 00:00:00,0.04095,0.041,0.04081,0.04083,747.0
2020-02-02 01:00:00,0.04083,0.0409,0.04075,0.04079,1312.0
2020-02-02 02:00:00,0.04079,0.04088,0.04079,0.04087,62.0
2020-02-02 03:00:00,0.04087,0.04108,0.0408,0.04103,2094.0
2020-02-02 04:00:00,0.04103,0.04105,0.04095,0.041,386.0
2020-02-02 05:00:00,0.041,0.04139,0.04101,0.04113,2950.0
2020-02-02 06:00:00,0.04113,0.04113,0.04097,0.04097,466.0
2020-02-02 07:00:00,0.04097,0.04098,0.0407,0.0408,619.0
2020-02-02 08:00:00,0.0408,0.0408,0.04046,0.04058,5182.0
2020-02-02 09:00:00,0.04058,0.04101,0.04058,0.04093,424.0
2020-02-02 10:00:00,0.04093,0.04097,0.04092,0.04094,108.0
2020-02-02 11:00:00,0.04094,0.04096,0.04091,0.04091,442.0
2020-02-02 12:00:00,0.04091,0.04097,0.0409,0.0409,153.0
2020-02-02 13:00:00,0.0409,0.04091,0.04086,0.04086,129.0
2020-02-02 14:00:00,0.04086,0.04086,0.04085,0.04085,83.0
2020-02-02 15:00:00,0.04085,0.04087,0.04065,0.04065,1272.0
2020-02-02 16:00:00,0.04065,0.04072,0.04065,0.04071,307.0
2020-02-02 17:00:00,0.04071,0.04094,0.04061,0.04094,478.0
2020-02-02 18:00:00,0.04094,0.04119,0.04095,0.04101,818.0
2020-02-02 19:00:00,0.04101,0.04112,0.04088,0.0411,481.0
2020-02-02 20:00:00,0.0411,0.04115,0.04091,0.04096,282.0
2020-02-02 21:00:00,0.04096,0.04095,0.04089,0.04089,32.0
2020-02-02 22:00:00,0.04089,0.04102,0.04089,0.04091,239.0
2020-02-02 23:00:00,0.04091,0.04099,0.0409,0.04099,114.0
2020-02-03 00:00:00,0.04099,0.04106,0.041,0.04105,199.0
2020-02-03 01:00:00,0.04105,0.0411,0.04103,0.0411,191.0
2020-02-03 02:00:00,0.0411,0.04114,0.04101,0.04114,894.0
2020-02-03 03:00:00,0.04114,0.04113,0.04089,0.04095,636.0
2020-02-03 04:00:00,0.04095,0.04115,0.04085,0.04115,1352.0
2020-02-03 05:00:00,0.04115,0.04116,0.0411,0.04113,348.0
2020-02-03 06:00:00,0.04113,0.04113,0.041,0.04105,864.0
2020-02-03 07:00:00,0.04105,0.04117,0.04093,0.04117,893.0
2020-02-03 08:00:00,0.04117,0.04141,0.04116,0.04122,2069.0
2020-02-03 09:00:00,0.04122,0.0415,0.04121,0.04145,1293.0
2020-02-03 10:00:00,0.04145,0.0415,0.04135,0.04139,449.0
2020-02-03 11:00:00,0.04139,0.04138,0.0413,0.04132,282.0
2020-02-03 12:00:00,0.04132,0.04134,0.04131,0.04134,179.0
2020-02-03 13:00:00,0.04134,0.04146,0.04135,0.04146,332.0
2020-02-03 14:00:00,0.04146,0.04146,0.04141,0.04141,250.0
2020-02-03 15:00:00,0.04141,0.04155,0.04142,0.0415,460.0
2020-02-03 16:00:00,0.0415,0.04178,0.04141,0.04165,1192.0
2020-02-03 17:00:00,0.04165,0.04203,0.04164,0.04185,2818.0
2020-02-03 18:00:00,0.04185,0.04195,0.04172,0.04172,900.0
2020-02-03 19:00:00,0.04172,0.04187,0.04173,0.04182,761.0
2020-02-03 20:00:00,0.04182,0.04191,0.04156,0.04156,1259.0
2020-02-03 21:00:00,0.04156,0.04166,0.04151,0.04151,1133.0
2020-02-03 22:00:00,0.04151,0.04165,0.04145,0.04162,611.0
2020-02-03 23:00:00,0.04162,0.04164,0.04161,0.04161,152.0
2020-02-04 00:00:00,0.04161,0.04167,0.04161,0.04167,163.0
2020-02-04 01:00:00,0.04167,0.04167,0.04154,0.04154,413.0
2020-02-04 02:00:00,0.04154,0.0416,0.04113,0.04123,2299.0
2020-02-04 03:00:00,0.04123,0.04143,0.04116,0.04121,583.0
2020-02-04 04:00:00,0.04121,0.04171,0.04124,0.04168,935.0
2020-02-04 05:00:00,0.04168,0.0417,0.04159,0.04163,638.0
2020-02-04 06:00:00,0.04163,0.04169,0.04157,0.04158,466.0
2020-02-04 07:00:00,0.04158,0.0416,0.04116,0.04135,774.0
2020-02-04 08:00:00,0.04135,0.04161,0.0414,0.0415,1045.0
2020-02-04 09:00:00,0.0415,0.0415,0.04136,0.0415,400.0
2020-02-04 10:00:00,0.0415,0.0415,0.04146,0.0415,91.0
2020-02-04 11:00:00,0.0415,0.04157,0.04149,0.04157,259.0
2020-02-04 12:00:00,0.04157,0.04157,0.04147,0.04147,246.0
2020-02-04 13:00:00,0.04147,0.04151,0.04146,0.04148,104.0
2020-02-04 14:00:00,0.04148,0.04154,0.04147,0.04154,111.0
2020-02-04 15:00:00,0.04154,0.04174,0.04155,0.04174,516.0
2020-02-04 16:00:00,0.04174,0.0418,0.04174,0.04178,289.0
2020-02-04 17:00:00,0.04178,0.04185,0.04165,0.04169,662.0
2020-02-04 18:00:00,0.04169,0.04172,0.04156,0.04156,482.0
2020-02-04 19:00:00,0.04156,0.04166,0.04159,0.04166,212.0
2020-02-04 20:00:00,0.04166,0.0417,0.04166,0.0417,22.0
2020-02-04 21:00:00,0.0417,0.04188,0.04169,0.04188,154.0
2020-02-04 22:00:00,0.04188,0.0422,0.04185,0.04188,1015.0
2020-02-04 23:00:00,0.04188,0.04191,0.04185,0.04185,580.0
2020-02-05 00:00:00,0.04185,0.04196,0.04186,0.04191,537.0
2020-02-05 01:00:00,0.04191,0.04191,0.04178,0.04189,918.0
2020-02-05 02:00:00,0.04189,0.042,0.04189,0.04197,397.0
2020-02-05 03:00:00,0.04197,0.04521,0.04199,0.04491,15864.0
2020-02-05 04:00:00,0.04491,0.04568,0.04455,0.04534,5149.0
2020-02-05 05:00:00,0.04534,0.04545,0.04481,0.04541,3779.0
2020-02-05 06:00:00,0.04541,0.04543,0.04498,0.04524,1831.0
2020-02-05 07:00:00,0.04524,0.04594,0.04518,0.04571,2188.0
2020-02-05 08:00:00,0.04571,0.0463,0.0456,0.04609,2187.0
2020-02-05 09:00:00,0.04609,0.0465,0.04533,0.04558,3076.0
2020-02-05 10:00:00,0.04558,0.04583,0.04548,0.04562,1017.0
2020-02-05 11:00:00,0.04562,0.04582,0.04476,0.04482,2528.0
2020-02-05 12:00:00,0.04482,0.04496,0.04468,0.04487,1329.0
2020-02-05 13:00:00,0.04487,0.04501,0.04472,0.04489,1212.0
2020-02-05 14:00:00,0.04489,0.04536,0.04483,0.04522,1272.0
2020-02-05 15:00:00,0.04522,0.0453,0.04506,0.04528,371.0
2020-02-05 16:00:00,0.04528,0.0465,0.04529,0.04648,2797.0
2020-02-05 17:00:00,0.04648,0.0468,0.04566,0.04575,4036.0
2020-02-05 18:00:00,0.04575,0.04596,0.04566,0.04566,653.0
2020-02-05 19:00:00,0.04566,0.04575,0.0454,0.04545,402.0
2020-02-05 20:00:00,0.04545,0.04595,0.04545,0.04595,501.0
2020-02-05 21:00:00,0.04595,0.04595,0.04568,0.04574,1178.0
2020-02-05 22:00:00,0.04574,0.04604,0.04564,0.04582,650.0
2020-02-05 23:00:00,0.04582,0.04582,0.04572,0.04575,336.0
2020-02-06 00:00:00,0.04575,0.04605,0.0457,0.0457,1927.0
2020-02-06 01:00:00,0.0457,0.04571,0.04554,0.04554,1065.0
2020-02-06 02:00:00,0.04554,0.04569,0.0454,0.04564,404.0
2020-02-06 03:00:00,0.04564,0.04576,0.04553,0.04554,727.0
2020-02-06 04:00:00,0.04554,0.04571,0.04551,0.04569,857.0
2020-02-06 05:00:00,0.04569,0.0457,0.0452,0.0452,1763.0
2020-02-06 06:00:00,0.0452,0.04521,0.04353,0.0444,5209.0
2020-02-06 07:00:00,0.0444,0.04574,0.04435,0.0454,2785.0
2020-02-06 08:00:00,0.0454,0.04575,0.04524,0.04545,1099.0
2020-02-06 09:00:00,0.04545,0.04556,0.04494,0.04506,815.0
2020-02-06 10:00:00,0.04506,0.04529,0.04506,0.04515,647.0
2020-02-06 11:00:00,0.04515,0.0452,0.04494,0.04515,199.0
2020-02-06 12:00:00,0.04515,0.04518,0.045,0.04512,185.0
2020-02-06 13:00:00,0.04512,0.04515,0.04495,0.04515,203.0
2020-02-06 14:00:00,0.04515,0.0453,0.0451,0.04523,283.0
2020-02-06 15:00:00,0.04523,0.04545,0.04523,0.04535,275.0
2020-02-06 16:00:00,0.04535,0.04565,0.04532,0.04564,271.0
2020-02-06 17:00:00,0.04564,0.0457,0.04518,0.04535,488.0
2020-02-06 18:00:00,0.04535,0.04553,0.04531,0.04547,445.0
2020-02-06 19:00:00,0.04547,0.0469,0.04555,0.04661,1935.0
2020-02-06 20:00:00,0.04661,0.0466,0.04498,0.0452,2790.0
2020-02-06 21:00:00,0.0452,0.04543,0.04511,0.04531,363.0
2020-02-06 22:00:00,0.04531,0.04543,0.04512,0.04514,338.0
2020-02-06 23:00:00,0.04514,0.04535,0.04515,0.04517,615.0
2020-02-07 00:00:00,0.04517,0.04516,0.04507,0.04508,362.0
2020-02-07 01:00:00,0.04508,0.04514,0.04458,0.04482,1034.0
2020-02-07 02:00:00,0.04482,0.04513,0.04472,0.04505,1022.0
2020-02-07 03:00:00,0.04505,0.04547,0.04487,0.0451,1714.0
2020-02-07 04:00:00,0.0451,0.04535,0.04465,0.04465,1871.0
2020-02-07 05:00:00,0.04465,0.04473,0.04441,0.0447,620.0
2020-02-07 06:00:00,0.0447,0.04485,0.04464,0.04471,477.0
2020-02-07 07:00:00,0.04471,0.045,0.04463,0.04488,539.0
2020-02-07 08:00:00,0.04488,0.0449,0.04435,0.04439,2468.0
2020-02-07 09:00:00,0.04439,0.04507,0.04437,0.04464,1867.0
2020-02-07 10:00:00,0.04464,0.04473,0.04464,0.04473,150.0
2020-02-07 11:00:00,0.04473,0.04485,0.04466,0.04485,191.0
2020-02-07 12:00:00,0.04485,0.04487,0.0448,0.04481,91.0
2020-02-07 13:00:00,0.04481,0.04485,0.04476,0.04485,320.0
2020-02-07 14:00:00,0.04485,0.04494,0.0448,0.04488,347.0
2020-02-07 15:00:00,0.04488,0.04499,0.04486,0.04495,231.0
2020-02-07 16:00:00,0.04495,0.04508,0.04497,0.04501,380.0
2020-02-07 17:00:00,0.04501,0.04503,0.0449,0.0449,224.0
2020-02-07 18:00:00,0.0449,0.04485,0.04477,0.04477,207.0
2020-02-07 19:00:00,0.04477,0.04476,0.04427,0.04449,935.0
2020-02-07 20:00:00,0.04449,0.04465,0.0442,0.04464,694.0
2020-02-07 21:00:00,0.04464,0.04598,0.04459,0.0457,1717.0
2020-02-07 22:00:00,0.0457,0.04591,0.04548,0.04576,1033.0
2020-02-07 23:00:00,0.04576,0.04645,0.04576,0.04591,2175.0
2020-02-08 00:00:00,0.04591,0.04611,0.0458,0.0458,506.0
2020-02-08 01:00:00,0.0458,0.04654,0.0458,0.04597,1387.0
2020-02-08 02:00:00,0.04597,0.04619,0.04591,0.04601,427.0
2020-02-08 03:00:00,0.04601,0.04631,0.0459,0.0459,580.0
2020-02-08 04:00:00,0.0459,0.04587,0.04566,0.04578,555.0
2020-02-08 05:00:00,0.04578,0.0459,0.04567,0.04588,281.0
2020-02-08 06:00:00,0.04588,0.04587,0.04518,0.04539,1200.0
2020-02-08 07:00:00,0.04539,0.04557,0.04539,0.04554,316.0
2020-02-08 08:00:00,0.04554,0.04557,0.04545,0.04545,47.0
2020-02-08 09:00:00,0.04545,0.04557,0.04542,0.04557,430.0
2020-02-08 10:00:00,0.04557,0.04556,0.04519,0.04529,585.0
2020-02-08 11:00:00,0.04529,0.04547,0.04528,0.04547,81.0
2020-02-08 12:00:00,0.04547,0.0455,0.04548,0.04549,74.0
2020-02-08 13:00:00,0.04549,0.04555,0.04549,0.04555,141.0
2020-02-08 14:00:00,0.04555,0.0456,0.04526,0.04526,409.0
2020-02-08 15:00:00,0.04526,0.04554,0.04524,0.04535,416.0
2020-02-08 16:00:00,0.04535,0.04537,0.04512,0.04512,552.0
2020-02-08 17:00:00,0.04512,0.0458,0.04514,0.0458,467.0
2020-02-08 18:00:00,0.0458,0.04576,0.04564,0.04573,332.0
2020-02-08 19:00:00,0.04573,0.04638,0.04546,0.04616,1934.0
2020-02-08 20:00:00,0.04616,0.04632,0.0457,0.04603,1425.0
2020-02-08 21:00:00,0.04603,0.04601,0.04533,0.0454,878.0
2020-02-08 22:00:00,0.0454,0.04556,0.04532,0.04545,295.0
2020-02-08 23:00:00,0.04545,0.0456,0.0454,0.0455,724.0
2020-02-09 00:00:00,0.0455,0.0456,0.0453,0.04533,483.0
2020-02-09 01:00:00,0.04533,0.04535,0.04516,0.04516,633.0
2020-02-09 02:00:00,0.04516,0.04521,0.0448,0.04493,1790.0
2020-02-09 03:00:00,0.04493,0.04493,0.04467,0.04481,676.0
2020-02-09 04:00:00,0.04481,0.04483,0.04464,0.04476,811.0
2020-02-09 05:00:00,0.04476,0.04475,0.04456,0.04464,480.0
2020-02-09 06:00:00,0.04464,0.04465,0.04432,0.04445,1024.0
2020-02-09 07:00:00,0.04445,0.04462,0.04412,0.04415,2316.0
2020-02-09 08:00:00,0.04415,0.04446,0.0437,0.04441,2973.0
2020-02-09 09:00:00,0.04441,0.04473,0.04428,0.04473,2223.0
2020-02-09 10:00:00,0.04473,0.04496,0.04441,0.04441,1253.0
2020-02-09 11:00:00,0.04441,0.0445,0.04441,0.04442,194.0
2020-02-09 12:00:00,0.04442,0.04448,0.04443,0.04443,53.0
2020-02-09 13:00:00,0.04443,0.04457,0.04424,0.04424,176.0
2020-02-09 14:00:00,0.04424,0.0443,0.04423,0.04425,257.0
2020-02-09 15:00:00,0.04425,0.04451,0.0443,0.04451,420.0
2020-02-09 16:00:00,0.04451,0.04468,0.04448,0.04448,1083.0
2020-02-09 17:00:00,0.04448,0.04452,0.04432,0.04437,337.0
2020-02-09 18:00:00,0.04437,0.04437,0.04421,0.04421,353.0
2020-02-09 19:00:00,0.04421,0.04445,0.0442,0.04445,345.0
2020-02-09 20:00:00,0.04445,0.04443,0.04416,0.04433,377.0
2020-02-09 21:00:00,0.04433,0.04433,0.04412,0.04433,667.0
2020-02-09 22:00:00,0.04433,0.04465,0.0438,0.04465,2243.0
2020-02-09 23:00:00,0.04465,0.04478,0.04434,0.04445,2117.0
2020-02-10 00:00:00,0.04445,0.045,0.04449,0.04491,993.0
2020-02-10 01:00:00,0.04491,0.04498,0.04472,0.04475,920.0
2020-02-10 02:00:00,0.04475,0.0452,0.04475,0.04515,1333.0
2020-02-10 03:00:00,0.04515,0.0453,0.04495,0.04522,1150.0
2020-02-10 04:00:00,0.04522,0.04529,0.0451,0.04521,1209.0
2020-02-10 05:00:00,0.04521,0.04526,0.04507,0.04521,501.0
2020-02-10 06:00:00,0.04521,0.04544,0.04523,0.04537,658.0
2020-02-10 07:00:00,0.04537,0.04728,0.04536,0.0466,5904.0
2020-02-10 08:00:00,0.0466,0.04686,0.04622,0.04635,2657.0
2020-02-10 09:00:00,0.04635,0.04638,0.046,0.04636,1529.0
2020-02-10 10:00:00,0.04636,0.04666,0.04629,0.0466,457.0
2020-02-10 11:00:00,0.0466,0.04656,0.04645,0.04645,436.0
2020-02-10 12:00:00,0.04645,0.04653,0.04621,0.04622,855.0
2020-02-10 13:00:00,0.04622,0.04624,0.04614,0.04617,358.0
2020-02-10 14:00:00,0.04617,0.04639,0.04611,0.04612,289.0
2020-02-10 15:00:00,0.04612,0.0464,0.04614,0.04639,259.0
2020-02-10 16:00:00,0.04639,0.04659,0.04635,0.04636,789.0
2020-02-10 17:00:00,0.04636,0.04649,0.04563,0.04578,2444.0
2020-02-10 18:00:00,0.04578,0.04605,0.04578,0.04601,805.0
2020-02-10 19:00:00,0.04601,0.046,0.0459,0.0459,97.0
2020-02-10 20:00:00,0.0459,0.046,0.04586,0.04586,214.0
2020-02-10 21:00:00,0.04586,0.04588,0.04571,0.04577,279.0
2020-02-10 22:00:00,0.04577,0.04599,0.04585,0.04598,122.0
2020-02-10 23:00:00,0.04598,0.0459,0.04588,0.04588,80.0
2020-02-11 00:00:00,0.04588,0.04588,0.04565,0.04569,632.0
2020-02-11 01:00:00,0.04569,0.046,0.0457,0.046,577.0
2020-02-11 02:00:00,0.046,0.04601,0.04594,0.04596,448.0
2020-02-11 03:00:00,0.04596,0.04642,0.04591,0.04639,469.0
2020-02-11 04:00:00,0.04639,0.04637,0.04614,0.04628,724.0
2020-02-11 05:00:00,0.04628,0.04649,0.04608,0.04621,1018.0
2020-02-11 06:00:00,0.04621,0.04619,0.04612,0.04613,168.0
2020-02-11 07:00:00,0.04613,0.04686,0.04611,0.04617,1493.0
2020-02-11 08:00:00,0.04617,0.04628,0.04548,0.04568,3655.0
2020-02-11 09:00:00,0.04568,0.04567,0.0449,0.04546,4508.0
2020-02-11 10:00:00,0.04546,0.0456,0.0452,0.04536,2166.0
2020-02-11 11:00:00,0.04536,0.04585,0.04535,0.04565,1607.0
2020-02-11 12:00:00,0.04565,0.04565,0.04552,0.04552,401.0
2020-02-11 13:00:00,0.04552,0.04586,0.04549,0.04581,628.0
2020-02-11 14:00:00,0.04581,0.0458,0.04551,0.04561,405.0
2020-02-11 15:00:00,0.04561,0.04562,0.04539,0.04545,460.0
2020-02-11 16:00:00,0.04545,0.04555,0.04546,0.04546,262.0
2020-02-11 17:00:00,0.04546,0.0462,0.04528,0.0462,1947.0
2020-02-11 18:00:00,0.0462,0.04618,0.04585,0.04613,968.0
2020-02-11 19:00:00,0.04613,0.04613,0.04592,0.0461,753.0
2020-02-11 20:00:00,0.0461,0.04615,0.04607,0.04609,292.0
2020-02-11 21:00:00,0.04609,0.0464,0.04609,0.04632,1606.0
2020-02-11 22:00:00,0.04632,0.047,0.04631,0.04692,2607.0
2020-02-11 23:00:00,0.04692,0.04692,0.04661,0.04672,1861.0
2020-02-12 00:00:00,0.04672,0.04686,0.046,0.04619,2834.0
2020-02-12 01:00:00,0.04619,0.04648,0.04617,0.04641,1189.0
2020-02-12 02:00:00,0.04641,0.04641,0.046,0.046,922.0
2020-02-12 03:00:00,0.046,0.04629,0.04565,0.04625,1384.0
2020-02-12 04:00:00,0.04625,0.04635,0.0461,0.0461,1356.0
2020-02-12 05:00:00,0.0461,0.0461,0.04585,0.04603,1196.0
2020-02-12 06:00:00,0.04603,0.04611,0.04593,0.04609,468.0
2020-02-12 07:00:00,0.04609,0.0461,0.0458,0.04581,829.0
2020-02-12 08:00:00,0.04581,0.04581,0.04551,0.04568,2271.0
2020-02-12 09:00:00,0.04568,0.04603,0.04574,0.04595,1628.0
2020-02-12 10:00:00,0.04595,0.04605,0.04563,0.04563,2202.0
2020-02-12 11:00:00,0.04563,0.04596,0.04557,0.04589,1685.0
2020-02-12 12:00:00,0.04589,0.04655,0.04586,0.04652,3084.0
2020-02-12 13:00:00,0.04652,0.04659,0.0463,0.0463,1685.0
2020-02-12 14:00:00,0.0463,0.04634,0.0458,0.04595,3074.0
2020-02-12 15:00:00,0.04595,0.0463,0.04592,0.0462,2215.0
2020-02-12 16:00:00,0.0462,0.04677,0.04608,0.04614,1950.0
2020-02-12 17:00:00,0.04614,0.04634,0.04615,0.04629,750.0
2020-02-12 18:00:00,0.04629,0.04629,0.04614,0.04623,1411.0
2020-02-12 19:00:00,0.04623,0.04624,0.04595,0.04599,2287.0
2020-02-12 20:00:00,0.04599,0.04598,0.04568,0.0457,1686.0
2020-02-12 21:00:00,0.0457,0.04588,0.04567,0.04576,868.0
2020-02-12 22:00:00,0.04576,0.04582,0.04565,0.04565,951.0
2020-02-12 23:00:00,0.04565,0.0463,0.04562,0.04627,1522.0
2020-02-13 00:00:00,0.04627,0.04652,0.0459,0.04594,1918.0
2020-02-13 01:00:00,0.04594,0.046,0.04538,0.04577,4517.0
2020-02-13 02:00:00,0.04577,0.04578,0.04565,0.04578,1527.0
2020-02-13 03:00:00,0.04578,0.0461,0.04577,0.04609,1072.0
2020-02-13 04:00:00,0.04609,0.0463,0.0459,0.0463,1229.0
2020-02-13 05:00:00,0.0463,0.04648,0.04629,0.04648,1403.0
2020-02-13 06:00:00,0.04648,0.04676,0.04615,0.04635,5348.0
2020-02-13 07:00:00,0.04635,0.04655,0.046,0.04636,4838.0
2020-02-13 08:00:00,0.04636,0.04663,0.04636,0.04657,1302.0
2020-02-13 09:00:00,0.04657,0.04657,0.04626,0.04627,1403.0
2020-02-13 10:00:00,0.04627,0.04639,0.04624,0.04625,366.0
2020-02-13 11:00:00,0.04625,0.04641,0.04625,0.04636,597.0
2020-02-13 12:00:00,0.04636,0.0466,0.0463,0.0465,1030.0
2020-02-13 13:00:00,0.0465,0.0465,0.04625,0.04628,792.0
2020-02-13 14:00:00,0.04628,0.04629,0.04624,0.04624,793.0
2020-02-13 15:00:00,0.04624,0.04643,0.04624,0.04643,369.0
2020-02-13 16:00:00,0.04643,0.04713,0.04642,0.04713,2255.0
2020-02-13 17:00:00,0.04713,0.04714,0.0468,0.04689,1929.0
2020-02-13 18:00:00,0.04689,0.04694,0.04685,0.04688,298.0
2020-02-13 19:00:00,0.04688,0.04689,0.04683,0.04686,500.0
2020-02-13 20:00:00,0.04686,0.04745,0.04685,0.04727,5791.0
2020-02-13 21:00:00,0.04727,0.04732,0.0471,0.04714,1723.0
2020-02-13 22:00:00,0.04714,0.04715,0.04671,0.04675,2372.0
2020-02-13 23:00:00,0.04675,0.04712,0.04669,0.04705,1288.0
2020-02-14 00:00:00,0.04705,0.04706,0.04674,0.04689,1479.0
2020-02-14 01:00:00,0.04689,0.04702,0.04686,0.04701,523.0
2020-02-14 02:00:00,0.04701,0.04746,0.04703,0.04731,1256.0
2020-02-14 03:00:00,0.04731,0.04895,0.04712,0.04848,9161.0
2020-02-14 04:00:00,0.04848,0.04855,0.04727,0.04815,2534.0
2020-02-14 05:00:00,0.04815,0.04844,0.0481,0.04828,868.0
2020-02-14 06:00:00,0.04828,0.04828,0.04809,0.04815,548.0
2020-02-14 07:00:00,0.04815,0.04843,0.04809,0.04818,2431.0
2020-02-14 08:00:00,0.04818,0.0485,0.0482,0.0485,447.0
2020-02-14 09:00:00,0.0485,0.0486,0.04837,0.04848,1052.0
2020-02-14 10:00:00,0.04848,0.04852,0.0484,0.04851,344.0
2020-02-14 11:00:00,0.04851,0.04856,0.04803,0.04806,816.0
2020-02-14 12:00:00,0.04806,0.0482,0.04805,0.04816,412.0
2020-02-14 13:00:00,0.04816,0.04817,0.04812,0.04817,345.0
2020-02-14 14:00:00,0.04817,0.0483,0.04816,0.0483,830.0
2020-02-14 15:00:00,0.0483,0.04839,0.0483,0.04834,155.0
2020-02-14 16:00:00,0.04834,0.04835,0.04814,0.04832,522.0
2020-02-14 17:00:00,0.04832,0.04836,0.0481,0.04819,250.0
2020-02-14 18:00:00,0.04819,0.04818,0.04775,0.04788,1574.0
2020-02-14 19:00:00,0.04788,0.0481,0.04785,0.04801,971.0
2020-02-14 20:00:00,0.04801,0.04801,0.04795,0.04795,222.0
2020-02-14 21:00:00,0.04795,0.04802,0.04792,0.04802,143.0
2020-02-14 22:00:00,0.04802,0.04814,0.04785,0.04785,302.0
2020-02-14 23:00:00,0.04785,0.04835,0.04783,0.04829,467.0
2020-02-15 00:00:00,0.04829,0.04828,0.0481,0.04811,291.0
2020-02-15 01:00:00,0.04811,0.04819,0.04806,0.04819,274.0
2020-02-15 02:00:00,0.04819,0.0482,0.0479,0.04815,1635.0
2020-02-15 03:00:00,0.04815,0.0482,0.048,0.048,99.0
2020-02-15 04:00:00,0.048,0.04824,0.04796,0.04809,1194.0
2020-02-15 05:00:00,0.04809,0.04821,0.04785,0.04816,1140.0
2020-02-15 06:00:00,0.04816,0.04816,0.04815,0.04816,21.0
2020-02-15 07:00:00,0.04816,0.04816,0.04815,0.04815,413.0
2020-02-15 08:00:00,0.04815,0.04822,0.04756,0.04822,2560.0
2020-02-15 09:00:00,0.04822,0.0484,0.04331,0.04445,24492.0
2020-02-15 10:00:00,0.04445,0.04506,0.0442,0.04433,6116.0
2020-02-15 11:00:00,0.04433,0.04488,0.04371,0.04488,2474.0
2020-02-15 12:00:00,0.04488,0.0451,0.04446,0.04454,1156.0
2020-02-15 13:00:00,0.04454,0.04494,0.0444,0.04488,1605.0
2020-02-15 14:00:00,0.04488,0.04493,0.04483,0.04488,399.0
2020-02-15 15:00:00,0.04488,0.04491,0.04464,0.04464,1085.0
2020-02-15 16:00:00,0.04464,0.04473,0.04418,0.04444,795.0
2020-02-15 17:00:00,0.04444,0.04485,0.0441,0.04482,1370.0
2020-02-15 18:00:00,0.04482,0.04515,0.04475,0.04508,788.0
2020-02-15 19:00:00,0.04508,0.04574,0.045,0.04573,901.0
2020-02-15 20:00:00,0.04573,0.04574,0.0453,0.04532,861.0
2020-02-15 21:00:00,0.04532,0.04546,0.04532,0.04537,184.0
2020-02-15 22:00:00,0.04537,0.04549,0.04495,0.0451,401.0
2020-02-15 23:00:00,0.0451,0.04519,0.04501,0.04519,436.0
2020-02-16 00:00:00,0.04519,0.04531,0.04512,0.04515,239.0
2020-02-16 01:00:00,0.04515,0.04519,0.04482,0.04501,931.0
2020-02-16 02:00:00,0.04501,0.04509,0.0443,0.04441,780.0
2020-02-16 03:00:00,0.04441,0.04469,0.04391,0.04409,938.0
2020-02-16 04:00:00,0.04409,0.04447,0.04407,0.04416,1574.0
2020-02-16 05:00:00,0.04416,0.04416,0.04377,0.04411,496.0
2020-02-16 06:00:00,0.04411,0.04449,0.0435,0.04446,1629.0
2020-02-16 07:00:00,0.04446,0.04453,0.04392,0.04392,611.0
2020-02-16 08:00:00,0.04392,0.04401,0.04288,0.04351,4112.0
2020-02-16 09:00:00,0.04351,0.04378,0.03911,0.04016,14585.0
2020-02-16 10:00:00,0.04016,0.04118,0.03997,0.04082,3660.0
2020-02-16 11:00:00,0.04082,0.04129,0.04083,0.04114,1653.0
2020-02-16 12:00:00,0.04114,0.04114,0.04049,0.04061,1049.0
2020-02-16 13:00:00,0.04061,0.04062,0.04049,0.04056,264.0
2020-02-16 14:00:00,0.04056,0.04094,0.04053,0.04066,555.0
2020-02-16 15:00:00,0.04066,0.04083,0.04058,0.04083,522.0
