ticker,price,stop_loss,net_profit,pct,tp
ADA-BTC,3.142e-05,3.2e-05,0.017536600891152065,0.018459579885423228,2
LTC-BTC,0.020744,0.020095,0.02972184728114155,0.03128615503278058,2
BTC-USDT,9429.61,9754.98,-0.03450513860064191,0.03450513860064191,0
ETH-BTC,0.081448,0.082999,0.018090683626362795,0.019042824869855573,2
LTC-BTC,0.019235,0.01998,0.0009682869768650932,0.038731479074603725,1
LTC-BTC,0.018638,0.019115,0.0006398218692992834,0.025592874771971336,1
ETH-USDT,856.02,868.98,0.014382841522394378,0.015139833181467766,2
ETH-BTC,0.075402,0.076123,-0.00956208058141693,0.00956208058141693,0
BTC-USDT,11515.0,11090.01,-0.036907511940946575,0.036907511940946575,0
LTC-BTC,0.018339,0.018799,-0.025083156115382442,0.025083156115382442,0
ETH-BTC,0.07495800000000001,0.077557,0.0008668187518343572,0.03467275007337429,1
EOS-BTC,0.00069007,0.00071449,0.033618328575361976,0.03538771428985471,2
LTC-BTC,0.01819,0.0186,0.0005634964266080225,0.0225398570643209,1
LTC-BTC,0.018242,0.018564,0.00044128933231005283,0.017651573292402113,1
ADA-BTC,2.539e-05,2.628e-05,0.03330051201260339,0.03505317053958251,2
XRP-BTC,8.396e-05,8.588e-05,0.0005717008099094793,0.02286803239637917,1
XRP-BTC,8.788e-05,8.548e-05,0.02594446973145202,0.02730996813837055,2
ETH-BTC,0.076922,0.0745,0.0007871610202542861,0.03148644081017144,1
LTC-BTC,0.020453,0.01991,-0.0265486725663716,0.0265486725663716,0
XRP-BTC,8.94e-05,8.587e-05,-0.03948545861297541,0.03948545861297541,0
ETH-BTC,0.079029,0.0772,-0.02314340305457487,0.02314340305457487,0
ETH-BTC,0.075573,0.077186,0.020276421473277535,0.021343601550818457,2
XRP-BTC,8.453e-05,8.62e-05,0.0004939074884656303,0.01975629953862521,1
XRP-BTC,8.416e-05,8.609e-05,0.02178588403041829,0.022932509505703465,2
EOS-BTC,0.0006051,0.0006156000000000001,0.01648487853247412,0.017352503718393808,2
ETH-BTC,0.070766,0.073556,0.03745442726733178,0.039425712912980825,2
LTC-BTC,0.018623,0.018959,-0.01804220587445629,0.01804220587445629,0
ETH-BTC,0.061504,0.063,0.0006080905306971894,0.024323621227887574,1
ETH-BTC,0.061082,0.063,0.000785010314004127,0.03140041256016508,1
LTC-BTC,0.018657,0.019038,0.0005105322399099526,0.020421289596398103,1
ETH-USDT,527.0,543.0,0.0007590132827324479,0.030360531309297913,1
XRP-BTC,7.202e-05,7.335e-05,0.017543737850596906,0.018467092474312535,2
ETH-BTC,0.056815,0.057961,0.019162193082812657,0.02017072956085543,2
BTC-USDT,7880.01,8109.0,0.027606627402757076,0.02905960779237587,2
BTC-USDT,7899.94,8109.0,0.025140317521398947,0.026463492127788365,2
ADA-BTC,1.957e-05,2.02e-05,0.0008048032703117004,0.032192130812468016,1
EOS-BTC,0.000786,0.00076675,0.023266539440203633,0.024491094147582774,2
ETH-BTC,0.055178,0.0559,0.012430678893762015,0.013084925151328437,2
ETH-BTC,0.054673,0.0559,0.0005610630475737562,0.02244252190295025,1
ADA-BTC,2.154e-05,2.099e-05,0.0006383472609099348,0.02553389043639739,1
BTC-USDT,7350.0,7223.0,-0.01727891156462585,0.01727891156462585,0
ADA-BTC,2.134e-05,2.185e-05,-0.023898781630740405,0.023898781630740405,0
XRP-BTC,7.114e-05,7.189e-05,0.010015462468372285,0.010542592071970827,2
XRP-BTC,7.034e-05,7.15e-05,0.0004122831959056047,0.016491327836224187,1
BTC-USDT,7027.0,6937.03,0.012163298704995053,0.012803472321047425,2
ADA-BTC,2.226e-05,2.18e-05,0.019631626235399775,0.02066486972147345,2
ETH-USDT,399.56,391.4,0.019401341475623245,0.020422464711182364,2
ETH-BTC,0.059511,0.0584,0.017735376653055752,0.01866881752953237,2
XRP-BTC,7.167e-05,7.09e-05,0.010206502023161639,0.010743686340170146,2
XRP-BTC,7.170000000000001e-05,7.09e-05,0.00027894002789400485,0.011157601115760193,1
XRP-BTC,7.209999999999999e-05,7.09e-05,0.00041608876560332483,0.016643550624132992,1
ETH-BTC,0.062912,0.0621,0.0003226729399796515,0.012906917599186059,1
BTC-USDT,8060.22,7849.46,0.024840761170290663,0.02614816965293754,2
ETH-BTC,0.063013,0.061701,0.0005205275101963089,0.020821100407852358,1
XRP-BTC,8.114e-05,7.935e-05,0.020957604140990817,0.02206063593788507,2
LTC-BTC,0.015764,0.016004,-0.015224562293834091,0.015224562293834091,0
ETH-BTC,0.0634,0.06291000000000001,0.007342271293375251,0.007728706624605528,2
XRP-BTC,8.224e-05,8.101e-05,0.01420841439688716,0.014956225680933853,2
ETH-BTC,0.06349199999999999,0.062874,0.00024333774333774083,0.009733509733509633,1
ETH-USDT,517.36,504.08,0.024385340961806144,0.025668779959795943,2
ETH-BTC,0.063874,0.063261,0.00911716817484426,0.00959701913141501,2
LTC-BTC,0.017158,0.016855000000000002,0.0004414850215642816,0.017659400862571263,1
ETH-BTC,0.064093,0.063373,0.0002808419016117199,0.011233676064468795,1
LTC-BTC,0.017646000000000002,0.0175,0.007860138274963178,0.008273829763119135,2
LTC-BTC,0.017873,0.0175,-0.02086946791249361,0.02086946791249361,0
ETH-USDT,611.8,589.0,0.03540372670807447,0.037267080745341546,2
BTC-USDT,8940.03,8762.32,-0.019878009357910537,0.019878009357910537,0
EOS-BTC,0.0013036,0.0012882999999999998,-0.01173672905799341,0.01173672905799341,0
BTC-USDT,8911.54,8831.0,-0.009037719630950528,0.009037719630950528,0
BTC-USDT,8924.11,8800.6,0.01314803380953397,0.013840035588983127,2
LTC-BTC,0.016287,0.01668,0.0006032418493276862,0.024129673973107446,1
ETH-BTC,0.0724,0.07067899999999999,0.0005942679558011099,0.023770718232044394,1
XRP-BTC,9.092e-05,9.181e-05,-0.009788825340959083,0.009788825340959083,0
LTC-BTC,0.016184999999999998,0.016365,-0.011121408711770349,0.011121408711770349,0
LTC-BTC,0.016163999999999998,0.016397,-0.014414748824548415,0.014414748824548415,0
LTC-BTC,0.01623,0.016388999999999997,-0.009796672828095867,0.009796672828095867,0
ETH-BTC,0.073462,0.072509,0.012324058697013364,0.012972693365277226,2
ETH-USDT,688.0,673.18,-0.021540697674418678,0.021540697674418678,0
LTC-BTC,0.016197,0.016395,0.011613261715132446,0.012224486015928892,2
LTC-BTC,0.016155000000000003,0.016316999999999998,-0.010027855153203062,0.010027855153203062,0
ETH-BTC,0.07511,0.07391,0.015177739315670258,0.015976567700705536,2
BTC-USDT,9809.99,9570.1,0.0006113410920908163,0.024453643683632648,1
ETH-BTC,0.08164,0.079907,0.020165972562469357,0.02122733953944143,2
ETH-BTC,0.08257,0.079907,0.0008062855758750147,0.03225142303500059,1
BTC-USDT,9140.0,9475.7,0.0009182166301969386,0.03672866520787754,1
XRP-BTC,8.758e-05,8.905e-05,0.01594542132907054,0.01678465403060057,2
ADA-BTC,3.509e-05,3.6e-05,0.024636648617839926,0.025933314334568344,2
ADA-BTC,3.41e-05,3.456e-05,0.01281524926686214,0.013489736070381201,2
XRP-BTC,8.519e-05,8.661e-05,0.015835191923934695,0.016668623077825996,2
XRP-BTC,8.506e-05,8.6e-05,0.010498471667058558,0.011051022807430063,2
LTC-BTC,0.016786000000000002,0.0172,0.023430239485285224,0.024663409984510762,2
ETH-BTC,0.079093,0.0812,0.0006659881405434103,0.02663952562173641,1
ADA-BTC,3.09e-05,3.14e-05,0.015372168284789602,0.01618122977346274,2
ADA-BTC,3.099e-05,3.14e-05,0.012568570506614968,0.013230074217489441,2
ETH-BTC,0.08481,0.083196,-0.019030774672797908,0.019030774672797908,0
ADA-BTC,3.062e-05,3.14e-05,0.024199869366427044,0.02547354670150215,2
ETH-BTC,0.08431,0.082447,0.0005524255722927262,0.022097022891709048,1
LTC-BTC,0.016738,0.01656,0.0002658621101684806,0.010634484406739222,1
BTC-USDT,8154.0,8354.0,0.023301447142506742,0.02452783909737552,2
ADA-BTC,2.969e-05,3.045e-05,0.0006399461098012824,0.025597844392051296,1
XRP-BTC,8.18e-05,8.278e-05,0.0002995110024449901,0.011980440097799604,1
ADA-BTC,2.916e-05,2.972e-05,-0.019204389574759995,0.019204389574759995,0
LTC-BTC,0.016349000000000002,0.016572999999999997,0.0003425285950210946,0.013701143800843783,1
ADA-BTC,2.922e-05,2.957e-05,-0.011978097193702885,0.011978097193702885,0
EOS-BTC,0.0016303,0.0016115,0.010955038949886411,0.011531619947248854,2
ETH-BTC,0.083137,0.084,0.009861433537414177,0.010380456355172818,2
ETH-BTC,0.082105,0.083798,0.019588940990195484,0.0206199378844163,2
XRP-BTC,8.006e-05,8.144e-05,0.00043092680489632894,0.017237072195853156,1
BTC-USDT,7405.0,7649.55,0.0008256245779878467,0.033024983119513865,1
ADA-BTC,2.678e-05,2.727e-05,0.0004574309185959675,0.0182972367438387,1
EOS-BTC,0.0016925999999999998,0.0016675,0.01408779392650355,0.01482925676474058,2
BTC-USDT,7215.0,7437.0,0.0007692307692307693,0.03076923076923077,1
BTC-USDT,7544.0,7327.51,0.0007174244432661711,0.028696977730646844,1
BTC-USDT,7531.98,7396.0,0.01715100146309464,0.01805368575062594,2
ETH-USDT,586.46,566.0,0.03314292534870244,0.03488728984073941,2
ETH-BTC,0.077747,0.07651000000000001,0.01511505267084246,0.015910581758781538,2
ETH-BTC,0.077431,0.07651000000000001,0.00029736152187108243,0.011894460874843296,1
BTC-USDT,7699.01,7636.21,-0.008156892899216936,0.008156892899216936,0
EOS-BTC,0.0018413,0.0018216,0.00026747406723510406,0.010698962689404162,1
ETH-BTC,0.07991000000000001,0.07900900000000001,-0.011275184582655475,0.011275184582655475,0
LTC-BTC,0.015854,0.016055,0.0003169547117446698,0.012678188469786791,1
XRP-BTC,8.873e-05,8.75e-05,-0.013862278823396823,0.013862278823396823,0
BTC-USDT,7694.99,7620.0,-0.009745301813257688,0.009745301813257688,0
ADA-BTC,2.681e-05,2.728e-05,0.016654233494964584,0.017530772099962722,2
ETH-USDT,599.67,607.2,0.011929060983541084,0.0125569062984643,2
LTC-BTC,0.015568,0.015754,0.00029868961973278585,0.011947584789311433,1
LTC-BTC,0.015468,0.015889,-0.027217481251616205,0.027217481251616205,0
XRP-BTC,8.48e-05,8.665e-05,0.0005454009433962277,0.021816037735849107,1
ADA-BTC,2.501e-05,2.576e-05,0.0007497001199520205,0.02998800479808082,1
BTC-USDT,6671.31,6872.68,0.02867525268650383,0.030184476512109298,2
ETH-BTC,0.075723,0.078399,0.0335723624262113,0.0353393288696961,2
XRP-BTC,8.339e-05,8.525e-05,0.021189591078066904,0.022304832713754635,2
LTC-BTC,0.014844,0.01519,0.0005827270277553234,0.02330908111021294,1
ETH-USDT,495.71,502.98,0.01393254120352633,0.014665832845817189,2
ETH-USDT,490.2,502.98,0.0006517747858017152,0.026070991432068605,1
ETH-BTC,0.07756,0.076159,0.01716026302217637,0.018063434760185654,2
LTC-BTC,0.014749000000000003,0.01497,0.014234863380567992,0.014984066716387362,2
ADA-BTC,2.468e-05,2.507e-05,0.015012155591572042,0.015802269043760045,2
LTC-BTC,0.014531,0.014855000000000004,-0.022297157800564522,0.022297157800564522,0
LTC-BTC,0.0146,0.01504,0.02863013698630133,0.030136986301369822,2
EOS-BTC,0.0015669,0.0016022000000000002,0.0005632139894058374,0.022528559576233495,1
XRP-BTC,8.027e-05,8.176e-05,0.01763423445870189,0.018562352061791465,2
BTC-USDT,6757.5,6572.0,-0.027450980392156862,0.027450980392156862,0
ETH-BTC,0.079759,0.078775,0.00030842914279266255,0.012337165711706502,1
XRP-BTC,7.967e-05,8.08e-05,0.0003545876741558923,0.014183506966235692,1
EOS-BTC,0.0015399,0.0015822000000000002,0.02609585037989486,0.027469316189363012,2
XRP-BTC,7.914e-05,8.038e-05,0.014885013899418688,0.01566843568359862,2
ETH-BTC,0.07606,0.077515,0.01817315277412566,0.019129634499079645,2
XRP-BTC,7.667e-05,7.864e-05,0.02440980826920581,0.025694535020216642,2
LTC-BTC,0.013006,0.013354,0.025419037367368856,0.02675688143933564,2
ETH-BTC,0.072515,0.07437,0.024301868578914834,0.02558091429359456,2
LTC-BTC,0.01289,0.01321,0.0006206361520558556,0.02482544608223422,1
ADA-BTC,2.041e-05,2.092e-05,0.0006246937775600199,0.024987751102400795,1
XRP-BTC,7.519e-05,7.687e-05,0.021226226891873888,0.022343396728288303,2
BTC-USDT,6107.0,6173.01,0.010268462420173605,0.010808907810709058,2
ETH-USDT,426.24,440.0,0.03066816816816815,0.03228228228228226,2
ETH-BTC,0.070451,0.072189,0.0006167407134036435,0.024669628536145738,1
XRP-BTC,7.486e-05,7.64e-05,0.019543147208121853,0.020571733903286163,2
XRP-BTC,7.243e-05,7.371e-05,0.0004418058815407985,0.01767223526163194,1
LTC-BTC,0.012577,0.012934,0.0007096286872863158,0.028385147491452628,1
ETH-USDT,453.06,443.73,0.019563633955767414,0.020593298900807806,2
BTC-USDT,6585.02,6519.99,0.009381672341162306,0.009875444569644534,2
EOS-BTC,0.0013715,0.0013472000000000002,-0.0177178271965001,0.0177178271965001,0
ADA-BTC,2.187e-05,2.218e-05,0.013465935070873434,0.014174668495656247,2
ADA-BTC,2.168e-05,2.218e-05,0.021909594095941048,0.023062730627306367,2
XRP-BTC,7.172e-05,7.26e-05,0.0003067484662576705,0.01226993865030682,1
EOS-BTC,0.0013023,0.001321,0.013641250095984003,0.014359210627351583,2
XRP-BTC,7.140000000000001e-05,7.228e-05,0.00030812324929971693,0.012324929971988675,1
EOS-BTC,0.0012898,0.0013135999999999998,-0.018452473251666785,0.018452473251666785,0
LTC-BTC,0.012286,0.012592,0.000622659938140975,0.024906397525638998,1
ADA-BTC,2.153e-05,2.197e-05,0.000510915002322344,0.020436600092893758,1
XRP-BTC,7.111e-05,7.219999999999999e-05,0.000383209112642382,0.015328364505695278,1
ADA-BTC,2.024e-05,2.073e-05,0.0006052371541501981,0.024209486166007925,1
ADA-BTC,2.025e-05,2.062e-05,0.00045679012345678787,0.018271604938271513,1
BTC-USDT,6210.18,6381.08,0.000687983279067594,0.027519331162703758,1
ETH-USDT,433.48,445.42,0.0006886130848020669,0.027544523392082673,1
BTC-USDT,6228.0,6347.38,-0.019168272318561354,0.019168272318561354,0
ADA-BTC,2.209e-05,2.154e-05,0.023653236758714342,0.024898143956541413,2
LTC-BTC,0.012135,0.012323,-0.015492377420684027,0.015492377420684027,0
XRP-BTC,7.08e-05,7.01e-05,-0.009887005649717564,0.009887005649717564,0
EOS-BTC,0.0012008,0.0011886,0.00025399733510992614,0.010159893404397045,1
BTC-USDT,7427.0,7291.37,0.017348660293523645,0.01826174767739331,2
LTC-BTC,0.011166,0.01138,0.00047913308257209144,0.019165323302883657,1
EOS-BTC,0.0010826,0.0010954,-0.01182338813966386,0.01182338813966386,0
EOS-BTC,0.0010868,0.0010965,0.008479020979021043,0.008925285241074783,2
LTC-BTC,0.010518,0.01075,0.0005514356341509783,0.02205742536603913,1
ETH-USDT,483.3,471.01,-0.02542933995447966,0.02542933995447966,0
BTC-USDT,8290.47,8169.26,-0.014620401497140589,0.014620401497140589,0
XRP-BTC,5.599e-05,5.668e-05,-0.012323629219503517,0.012323629219503517,0
ADA-BTC,2.073e-05,2.128e-05,0.0006632899179932464,0.026531596719729853,1
XRP-BTC,5.507e-05,5.564e-05,-0.010350463047031105,0.010350463047031105,0
LTC-BTC,0.010204,0.01031,0.009868678949431612,0.010388083104664856,2
BTC-USDT,8215.97,8115.0,0.00030723700305624094,0.012289480122249638,1
LTC-BTC,0.01019,0.010283,-0.009126594700687054,0.009126594700687054,0
EOS-BTC,0.001003,0.00103,0.025573280159521542,0.02691924227318057,2
ADA-BTC,1.967e-05,1.995e-05,0.013523131672597898,0.014234875444839893,2
LTC-BTC,0.010175,0.010304,0.00031695331695331854,0.012678132678132741,1
ETH-BTC,0.056403,0.057074,0.0002974132581600261,0.011896530326401042,1
XRP-BTC,5.503e-05,5.58e-05,-0.013992367799382175,0.013992367799382175,0
XRP-BTC,5.477e-05,5.59e-05,0.0005157933175095846,0.02063173270038338,1
ADA-BTC,1.822e-05,1.875e-05,0.027634467618002197,0.029088913282107578,2
BTC-USDT,7524.79,7699.0,0.02199390281987936,0.023151476652504593,2
XRP-BTC,5.937e-05,5.877e-05,0.009600808489135944,0.010106114199090467,2
BTC-USDT,7255.0,7494.81,0.03140172294968992,0.033054445210199915,2
ETH-USDT,410.36,419.41,0.020951116093186496,0.022053806413880522,2
ADA-BTC,1.754e-05,1.783e-05,-0.016533637400227987,0.016533637400227987,0
XRP-BTC,6.017e-05,5.882e-05,0.021314608608941313,0.02243643011467507,2
ETH-BTC,0.058329,0.057658,0.00028759279260745003,0.011503711704298,1
BTC-USDT,6965.27,7153.55,0.0006757814126372694,0.027031256505490774,1
ETH-USDT,405.14,412.47,0.0171878856691515,0.018092511230685792,2
EOS-BTC,0.0010055,0.0009941,0.010770760815514827,0.011337642963699818,2
ETH-BTC,0.056164,0.057188,0.000455807990883842,0.01823231963535368,1
XRP-BTC,5.290000000000001e-05,5.446e-05,0.02801512287334566,0.02948960302457438,2
EOS-BTC,0.000875,0.0009049,0.000854285714285715,0.034171428571428596,1
ETH-USDT,357.27,368.93,0.031004562375794287,0.032636381448204514,2
EOS-BTC,0.0008,0.0008148,0.01757499999999991,0.018499999999999905,2
ADA-BTC,1.774e-05,1.795e-05,0.000295941375422773,0.011837655016910918,1
EOS-BTC,0.0007851,0.0008148,0.03593809705769968,0.03782957585021019,2
XRP-BTC,4.748e-05,4.854e-05,0.0005581297388374053,0.02232518955349621,1
ETH-BTC,0.050381,0.051246000000000014,0.016310712371727654,0.017169170917608056,2
ADA-BTC,1.761e-05,1.786e-05,0.01348665530948321,0.014196479273140222,2
LTC-BTC,0.009374,0.009494,0.012161297205035235,0.012801365478984458,2
ETH-BTC,0.044891,0.046148,-0.028001158361364218,0.028001158361364218,0
BTC-USDT,6347.93,6228.0,0.01794813427369241,0.018892772919676223,2
LTC-BTC,0.008898999999999999,0.009067,-0.018878525677042533,0.018878525677042533,0
EOS-BTC,0.0007364,0.0007618999999999999,0.0008656979902227021,0.034627919608908084,1
LTC-BTC,0.008556999999999999,0.0087,-0.016711464298235456,0.016711464298235456,0
LTC-BTC,0.008595,0.008705,0.012158231529959165,0.012798138452588596,2
LTC-BTC,0.008598,0.0087,-0.011863224005582654,0.011863224005582654,0
XRP-BTC,4.971e-05,5.03e-05,0.00029672098169382735,0.011868839267753093,1
ETH-BTC,0.042242,0.043230000000000005,0.0005847261019838091,0.023389044079352366,1
ADA-BTC,1.401e-05,1.428e-05,0.018308351177730248,0.019271948608137104,2
BTC-USDT,6733.64,6663.03,0.0002621539019014997,0.010486156076059988,1
XRP-BTC,4.831e-05,4.882e-05,0.0002639205133512696,0.010556820534050784,1
BTC-USDT,6700.0,6627.16,0.00027179104477612,0.010871641791044799,1
EOS-BTC,0.0008663999999999999,0.0008533999999999999,0.014254385964912271,0.015004616805170812,2
XRP-BTC,4.741e-05,4.786e-05,-0.009491668424382985,0.009491668424382985,0
ADA-BTC,1.427e-05,1.444e-05,-0.011913104414856346,0.011913104414856346,0
BTC-USDT,7305.3,7214.64,0.011789659562235618,0.01241016796024802,2
ADA-BTC,1.423e-05,1.449e-05,0.017357695010541168,0.01827125790583281,2
ETH-BTC,0.034798,0.035899,0.030057761940341335,0.03163974941088562,2
ETH-USDT,217.07,219.83,0.012079052840097748,0.012714792463260788,2
ADA-BTC,1.282e-05,1.306e-05,0.01778471138845562,0.018720748829953286,2
LTC-BTC,0.008546,0.008870999999999999,-0.03802948747952246,0.03802948747952246,0
EOS-BTC,0.0007725,0.000799,0.0008576051779935292,0.034304207119741165,1
XRP-BTC,4.444e-05,4.538e-05,0.0005288028802880295,0.021152115211521178,1
ADA-BTC,1.218e-05,1.264e-05,0.03587848932676511,0.037766830870279065,2
XRP-BTC,4.411e-05,4.538e-05,0.027352074359555646,0.028791657220584892,2
ADA-BTC,1.203e-05,1.249e-05,0.03632585203657528,0.03823773898586872,2
BTC-USDT,6300.08,6373.98,0.000293250244441339,0.01173000977765356,1
ETH-BTC,0.031063,0.031811,0.022876090525705783,0.024080095290216614,2
BTC-USDT,6204.15,6366.66,-0.026193757404318115,0.026193757404318115,0
ADA-BTC,1.045e-05,1.068e-05,-0.02200956937799038,0.02200956937799038,0
ADA-BTC,1.043e-05,1.068e-05,-0.023969319271332626,0.023969319271332626,0
BTC-USDT,6512.89,6449.38,0.0002437857848052102,0.009751431392208408,1
EOS-BTC,0.0008408,0.0008173999999999999,-0.0278306374881066,0.0278306374881066,0
LTC-BTC,0.008783,0.008624,0.0004525788454969812,0.018103153819879248,1
XRP-BTC,4.331e-05,4.2700000000000015e-05,0.00035211267605632786,0.014084507042253114,1
XRP-BTC,4.352e-05,4.275e-05,0.0004423253676470556,0.017693014705882224,1
LTC-BTC,0.00837,0.008618,-0.02962962962962962,0.02962962962962962,0
BTC-USDT,6289.94,6369.04,0.011946854818964943,0.012575636651542045,2
ETH-BTC,0.033101,0.032434,-0.020150448626929728,0.020150448626929728,0
LTC-BTC,0.008435,0.008555,-0.014226437462952024,0.014226437462952024,0
ETH-BTC,0.036495,0.0354,-0.030004110152075592,0.030004110152075592,0
EOS-BTC,0.0008992000000000002,0.0008684,-0.03425266903914613,0.03425266903914613,0
BTC-USDT,6465.0,6530.0,-0.010054137664346482,0.010054137664346482,0
ETH-BTC,0.032832,0.033645,-0.024762426900584833,0.024762426900584833,0
ADA-BTC,1.276e-05,1.248e-05,0.020846394984325944,0.021943573667711522,2
LTC-BTC,0.009377,0.009117,0.000693185453769862,0.027727418150794478,1
EOS-BTC,0.0008527000000000001,0.0008648999999999999,-0.014307493843086504,0.014307493843086504,0
XRP-BTC,8.09e-05,8.219e-05,0.015148331273176715,0.015945611866501806,2
ETH-BTC,0.033777,0.03419,0.0003056813808212665,0.012227255232850658,1
LTC-BTC,0.008844,0.008976000000000001,0.0003731343283582144,0.014925373134328575,1
ADA-BTC,1.238e-05,1.25e-05,0.0002423263327948315,0.00969305331179326,1
ETH-USDT,221.55,225.72,-0.018821936357481323,0.018821936357481323,0
EOS-BTC,0.0008707000000000001,0.0008599,0.00031009532560009314,0.012403813024003726,1
BTC-USDT,6633.33,6575.0,-0.008793471755513434,0.008793471755513434,0
LTC-BTC,0.008732,0.00893,-0.022675217590471856,0.022675217590471856,0
XRP-BTC,7.306e-05,7.423e-05,0.01521352313167265,0.016014234875444896,2
EOS-BTC,0.0008886000000000002,0.0008811,0.008018230925050893,0.00844024307900094,2
EOS-BTC,0.0008927,0.000884,0.00024364288114708026,0.00974571524588321,1
XRP-BTC,6.649e-05,6.852e-05,0.02900436155812913,0.03053090690329382,2
XRP-BTC,6.653e-05,6.746e-05,0.013279723433037623,0.013978656245302762,2
ETH-USDT,199.51,203.01,0.016665831286652298,0.01754298030173926,2
XRP-BTC,6.471e-05,6.698e-05,0.0008769896461134308,0.03507958584453723,1
ETH-USDT,215.09,212.0,0.0003591519828908833,0.01436607931563533,1
BTC-USDT,6751.02,6676.01,0.0002777728402522886,0.011110913610091543,1
XRP-BTC,7.185e-05,7.076e-05,0.00037926235212247907,0.015170494084899162,1
LTC-BTC,0.008109,0.00823,0.0003730422986804772,0.014921691947219087,1
ADA-BTC,1.18e-05,1.171e-05,-0.007627118644067867,0.007627118644067867,0
ETH-USDT,204.53,207.3,-0.013543245489659269,0.013543245489659269,0
ADA-BTC,1.137e-05,1.177e-05,0.0334212840809148,0.03518029903254189,2
XRP-BTC,7.156e-05,7.038e-05,-0.016489659027389587,0.016489659027389587,0
LTC-BTC,0.008045,0.008116,0.00022063393412057142,0.008825357364822857,1
ADA-BTC,1.135e-05,1.153e-05,0.0003964757709251101,0.015859030837004403,1
ADA-BTC,1.135e-05,1.144e-05,0.007533039647577162,0.007929515418502276,2
ADA-BTC,1.119e-05,1.135e-05,0.013583556747095635,0.014298480786416459,2
BTC-USDT,6429.9,6505.01,0.011097295447829756,0.011681363629294481,2
ETH-USDT,196.74,198.34,0.00020331401850157496,0.008132560740062997,1
LTC-BTC,0.007761,0.007838,0.00942533178714081,0.009921401881200852,2
ETH-BTC,0.030977,0.03125,-0.008812990283113243,0.008812990283113243,0
EOS-BTC,0.0008273,0.0008187000000000001,0.009875498609935801,0.010395261694669266,2
LTC-BTC,0.008038,0.007972,0.00020527494401592465,0.008210997760636985,1
ADA-BTC,1.159e-05,1.115e-05,0.0009490940465918915,0.03796376186367566,1
LTC-BTC,0.0081,0.007912,0.022049382716049257,0.023209876543209745,2
EOS-BTC,0.000849,0.0008300000000000001,0.0005594817432273239,0.022379269729092956,1
BTC-USDT,6498.53,6445.18,0.007799071482319769,0.008209548928757651,2
EOS-BTC,0.0008457000000000001,0.0008597999999999999,0.0004168144732174454,0.016672578928697817,1
LTC-BTC,0.00811,0.008197,0.010191122071516678,0.010727496917385978,2
EOS-BTC,0.0008394,0.0008470000000000001,0.008601381939480667,0.009054086252084913,2
ADA-BTC,1.195e-05,1.176e-05,-0.01589958158995829,0.01589958158995829,0
LTC-BTC,0.007895000000000001,0.007989,0.011310956301456447,0.011906269791006787,2
LTC-BTC,0.007678,0.007789,0.0003614222453764001,0.014456889815056002,1
ETH-BTC,0.031802,0.032197,0.011799572353940198,0.012420602477831787,2
ADA-BTC,1.096e-05,1.113e-05,0.0003877737226277374,0.015510948905109494,1
XRP-BTC,8.554e-05,8.411e-05,0.015881458966565253,0.016717325227963424,2
ETH-USDT,175.94,177.29,-0.007673070364897091,0.007673070364897091,0
LTC-BTC,0.007506999999999998,0.007633,0.015945117889969617,0.01678433462102065,2
BTC-USDT,5593.93,5738.17,0.0006446273013784574,0.025785092055138296,1
EOS-BTC,0.0008288,0.0008187000000000001,0.0003046573359073319,0.012186293436293275,1
LTC-BTC,0.007392,0.007494,-0.013798701298701253,0.013798701298701253,0
EOS-BTC,0.0008334,0.0008254,-0.00959923206143506,0.00959923206143506,0
BTC-USDT,4582.8,4721.77,0.0007581063978353859,0.030324255913415435,1
ADA-BTC,1.017e-05,1.047e-05,0.028023598820059045,0.029498525073746364,2
XRP-BTC,9.795e-05,9.647e-05,-0.015109749872383794,0.015109749872383794,0
ADA-BTC,9.92e-06,1.004e-05,0.01149193548387102,0.012096774193548442,2
LTC-BTC,0.007386,0.00755,-0.022204170051448698,0.022204170051448698,0
ADA-BTC,9.81e-06,1.004e-05,0.02227319062181459,0.023445463812436413,2
BTC-USDT,4338.13,4450.0,0.024498228499376433,0.025787608946712035,2
ETH-USDT,121.82,125.86,0.031505499917911725,0.033163684124117604,2
EOS-BTC,0.000842,0.0008218,0.0005997624703087871,0.023990498812351484,1
ADA-BTC,9.3e-06,9.5e-06,-0.021505376344085995,0.021505376344085995,0
LTC-BTC,0.008209000000000001,0.008018,-0.0232671458155683,0.0232671458155683,0
XRP-BTC,8.936e-05,9.087e-05,0.01605304386750228,0.016897940913160298,2
EOS-BTC,0.0007074,0.0007191,0.015712468193384243,0.01653944020356236,2
LTC-BTC,0.008175,0.008037,-0.016880733944954034,0.016880733944954034,0
LTC-BTC,0.008179,0.008037,-0.017361535640053768,0.017361535640053768,0
EOS-BTC,0.0006847,0.0007099000000000001,-0.036804439900686534,0.036804439900686534,0
LTC-BTC,0.007897,0.00799,0.011187792832721415,0.011776624034443595,2
ADA-BTC,8.65e-06,8.94e-06,-0.03352601156069371,0.03352601156069371,0
LTC-BTC,0.006957,0.007142,-0.02659192180537592,0.02659192180537592,0
ETH-BTC,0.02585,0.026534,0.02513733075435192,0.026460348162475708,2
LTC-BTC,0.007002,0.007178,0.0006283918880319907,0.025135675521279623,1
BTC-USDT,3386.0,3472.73,0.024333579444772598,0.02561429415239221,2
XRP-BTC,8.914e-05,8.801e-05,0.01204285393762618,0.01267668835539598,2
BTC-USDT,3228.67,3267.0,-0.011871761437372022,0.011871761437372022,0
XRP-BTC,8.840000000000001e-05,8.945e-05,-0.011877828054298623,0.011877828054298623,0
ADA-BTC,9.08e-06,8.92e-06,0.01674008810572689,0.017621145374449358,2
ETH-BTC,0.027077,0.026161,0.0321379768807475,0.033829449348155266,2
ADA-BTC,9.3e-06,9.1e-06,0.02043010752688187,0.02150537634408618,2
ADA-BTC,1.045e-05,1.019e-05,0.023636363636363563,0.02488038277511954,2
XRP-BTC,0.00010038,9.809e-05,0.0005703327356047005,0.02281330942418802,1
EOS-BTC,0.0006672999999999999,0.0006799999999999999,0.018080323692492187,0.019031919676307567,2
BTC-USDT,3717.96,3760.95,0.01098465287415674,0.011562792499112358,2
EOS-BTC,0.0006864,0.0006756,0.00039335664335664105,0.015734265734265642,1
ADA-BTC,1.112e-05,1.099e-05,-0.011690647482014429,0.011690647482014429,0
EOS-BTC,0.0006865,0.0006753999999999999,0.015360524399126147,0.016168973051711735,2
ETH-BTC,0.036204,0.035315,0.023327532869296234,0.02455529775715393,2
BTC-USDT,3818.02,3783.0,-0.009172293492438484,0.009172293492438484,0
ADA-BTC,1.143e-05,1.111e-05,0.026596675415573076,0.027996500437445344,2
LTC-BTC,0.008535,0.00821,0.03617457527826585,0.03807850029291142,2
ADA-BTC,1.135e-05,1.123e-05,0.01004405286343617,0.010572687224669652,2
LTC-BTC,0.009563,0.009303,0.0258287148384398,0.027188120882568213,2
BTC-USDT,4026.72,3936.26,-0.022464934239281496,0.022464934239281496,0
ETH-USDT,148.26,150.7,0.01563469580466746,0.016457574531228907,2
BTC-USDT,3993.0,3955.0,-0.009516654144753318,0.009516654144753318,0
ADA-BTC,1.196e-05,1.213e-05,0.000355351170568562,0.01421404682274248,1
ETH-BTC,0.034408,0.034996,0.0004272262264589618,0.01708904905835847,1
ETH-USDT,123.52,126.19,0.0005403983160621765,0.02161593264248706,1
BTC-USDT,3582.26,3612.39,0.00021027228621037873,0.008410891448415149,1
BTC-USDT,3572.18,3611.1,0.01035054224591148,0.010895307627275242,2
ETH-BTC,0.033622000000000006,0.034131,0.014381952293141268,0.01513889715067502,2
ETH-USDT,120.45,122.7,0.017745952677459525,0.0186799501867995,2
ETH-BTC,0.033513,0.033851,0.009581356488526784,0.010085638408975563,2
ETH-BTC,0.033397,0.0337,0.008619037638111142,0.009072671198011728,2
ETH-USDT,119.63,121.9,0.00047437933628688677,0.01897517345147547,1
LTC-BTC,0.0085,0.008708,-0.024470588235294098,0.024470588235294098,0
BTC-USDT,3608.0,3566.1,0.011032427937915767,0.011613082039911333,2
XRP-BTC,8.88e-05,8.969e-05,0.00025056306306306305,0.01002252252252252,1
ETH-BTC,0.033257,0.033527999999999995,0.00020371651080974942,0.008148660432389977,1
ETH-USDT,114.9,118.5,0.0007832898172323747,0.03133159268929499,1
ADA-BTC,1.205e-05,1.222e-05,0.01340248962655602,0.014107883817427391,2
ETH-USDT,115.99,117.29,0.00028019656866971535,0.011207862746788614,1
ADA-BTC,1.201e-05,1.215e-05,0.0002914238134887601,0.011656952539550404,1
BTC-USDT,3515.7,3590.51,0.02021489319338976,0.021278834940410274,2
BTC-USDT,3511.29,3590.51,0.0005640377183314413,0.02256150873325765,1
ETH-USDT,115.53,117.29,0.014472431403098803,0.015234138319051373,2
ETH-BTC,0.032469,0.033087,-0.019033539684006298,0.019033539684006298,0
EOS-BTC,0.0006843999999999999,0.0006758999999999999,-0.01241963763880778,0.01241963763880778,0
LTC-BTC,0.009007,0.008811,0.02067281003663817,0.021760852670145443,2
EOS-BTC,0.0006826,0.0006718999999999999,0.00039188397304424624,0.01567535892176985,1
EOS-BTC,0.0006821,0.0006718999999999999,0.0003738454772027613,0.014953819088110451,1
EOS-BTC,0.0006822,0.0006767,0.00020155379654060286,0.008062151861624114,1
ADA-BTC,1.194e-05,1.209e-05,0.00031407035175879457,0.012562814070351782,1
ETH-BTC,0.032487,0.032987,0.0003847692923323179,0.015390771693292714,1
EOS-BTC,0.0006833999999999999,0.0006772999999999999,-0.008925958443078703,0.008925958443078703,0
LTC-BTC,0.009205,0.009000000000000001,0.0005567626290059713,0.02227050516023885,1
ADA-BTC,1.189e-05,1.198e-05,0.007190916736753641,0.007569386038688043,2
ETH-USDT,115.25,116.22,0.00021041214750542274,0.00841648590021691,1
ETH-BTC,0.032235,0.03258,0.00026756630991158533,0.010702652396463412,1
EOS-BTC,0.0006715,0.0006565000000000001,0.021221146686522613,0.022338049143708013,2
LTC-BTC,0.009167,0.008967000000000001,0.0005454347114650344,0.021817388458601372,1
EOS-BTC,0.0006714,0.000665,0.00023830801310693848,0.009532320524277538,1
EOS-BTC,0.0006728,0.0006661000000000001,0.00024895957193816484,0.009958382877526593,1
EOS-BTC,0.0006749,0.0006661000000000001,0.012387020299303443,0.013038968736108889,2
EOS-BTC,0.0006959,0.0006697,0.03576663313694495,0.03764908751257363,2
BTC-USDT,3504.77,3444.01,-0.01733637300022534,0.01733637300022534,0
ADA-BTC,1.096e-05,1.113e-05,0.0003877737226277374,0.015510948905109494,1
ADA-BTC,1.097e-05,1.109e-05,0.010391978122151369,0.010938924339106704,2
XRP-BTC,8.604e-05,8.713e-05,0.00031671315667131713,0.012668526266852683,1
XRP-BTC,8.53e-05,8.713e-05,-0.021453692848769062,0.021453692848769062,0
BTC-USDT,3399.55,3426.45,0.0001978202997455519,0.007912811989822075,1
ADA-BTC,1.073e-05,1.094e-05,-0.019571295433364368,0.019571295433364368,0
EOS-BTC,0.0007031,0.0006877000000000001,0.020807850945811324,0.02190300099559087,2
ADA-BTC,1.127e-05,1.115e-05,0.01011535048802134,0.010647737355811938,2
ADA-BTC,1.137e-05,1.115e-05,-0.01934916446789794,0.01934916446789794,0
ADA-BTC,1.149e-05,1.111e-05,0.0008268059181897298,0.03307223672758919,1
ETH-BTC,0.033264,0.032133,0.0008500180375180376,0.034000721500721504,1
EOS-BTC,0.0007547999999999999,0.0007388,0.020137784843667142,0.02119766825649173,2
XRP-BTC,8.337e-05,8.442e-05,0.0003148614609571784,0.012594458438287135,1
BTC-USDT,3643.41,3615.53,-0.007652172003699736,0.007652172003699736,0
XRP-BTC,8.327e-05,8.44e-05,0.00033925783595532946,0.013570313438213178,1
ADA-BTC,1.155e-05,1.141e-05,-0.012121212121212152,0.012121212121212152,0
ETH-BTC,0.03368,0.033127,0.015598277909738853,0.016419239904988267,2
ETH-USDT,123.24,119.51,0.0007566536838688717,0.030266147354754868,1
ADA-BTC,1.149e-05,1.128e-05,0.0004569190600522187,0.018276762402088746,1
ETH-BTC,0.034089999999999995,0.033586000000000005,0.00036960985626282683,0.014784394250513073,1
ADA-BTC,1.123e-05,1.14e-05,-0.01513802315227071,0.01513802315227071,0
LTC-BTC,0.012047,0.011914,0.010488088320743846,0.011040092969204048,2
BTC-USDT,3667.58,3604.4,0.01636528719209938,0.017226618096946717,2
LTC-BTC,0.012338,0.011939,0.030722159183011834,0.03233911492948614,2
ETH-BTC,0.03731,0.0362,0.02826320021441972,0.029750737067810232,2
BTC-USDT,3956.0,3920.69,0.0002231420626895851,0.008925682507583403,1
XRP-BTC,8.181e-05,8.369e-05,0.021831071996088365,0.022980075785356175,2
ETH-BTC,0.037395,0.036957,0.011127156036903353,0.01171279582831932,2
EOS-BTC,0.0009977,0.0009614,0.034564498346196314,0.03638368246968033,2
BTC-USDT,4095.0,3933.15,0.0009880952380952376,0.0395238095238095,1
ETH-BTC,0.035949,0.036443,0.013054605135052471,0.013741689615844706,2
ETH-USDT,136.33,139.1,0.0005079586297953462,0.020318345191813844,1
BTC-USDT,3801.98,3841.47,0.009867358586841539,0.010386693249306883,2
LTC-BTC,0.01176,0.01191,0.012117346938775577,0.012755102040816398,2
BTC-USDT,3741.75,3838.85,-0.025950424266720094,0.025950424266720094,0
ETH-BTC,0.035469,0.035831,0.0002551523865911086,0.010206095463644344,1
ETH-BTC,0.035454,0.035831,0.00026583742313984483,0.010633496925593794,1
ETH-USDT,135.53,137.95,0.016963034014609225,0.017855825278536026,2
ETH-USDT,131.56,134.6,0.021951961082395808,0.02310732745515348,2
ETH-BTC,0.034436,0.035048,0.016883494017888294,0.017772098966198205,2
ETH-USDT,138.15,135.26,0.0005229822656532781,0.020919290626131123,1
ETH-BTC,0.035657,0.035304,0.0002474969851642028,0.009899879406568111,1
EOS-BTC,0.0009801,0.0009527999999999998,0.0006963575145393372,0.027854300581573486,1
BTC-USDT,3913.47,3862.32,-0.013070242010287452,0.013070242010287452,0
ETH-USDT,138.23,135.49,-0.019822035737538747,0.019822035737538747,0
BTC-USDT,3913.34,3866.8,0.011298021638804695,0.011892654356636521,2
ETH-BTC,0.034684,0.034963,0.007641852150847693,0.00804405489562915,2
BTC-USDT,3924.65,3889.47,-0.00896385664963762,0.00896385664963762,0
ADA-BTC,1.22e-05,1.204e-05,0.012459016393442636,0.01311475409836067,2
ETH-BTC,0.034226,0.034492,0.000194296733477475,0.007771869339099,1
ETH-USDT,132.32,134.05,0.00032685912938331665,0.013074365175332666,1
ETH-BTC,0.034054,0.0345,-0.013096846185470192,0.013096846185470192,0
XRP-BTC,7.956e-05,8.1e-05,0.0171945701357466,0.018099547511312212,2
EOS-BTC,0.0009255,0.0009378,0.012625607779578633,0.013290113452188036,2
XRP-BTC,7.639e-05,7.730000000000001e-05,0.011316926299253868,0.011912553999214598,2
EOS-BTC,0.001062,0.0010464,-0.014689265536723112,0.014689265536723112,0
ETH-USDT,138.72,137.5,0.00835495963091118,0.008794694348327558,2
BTC-USDT,4093.38,4052.0,0.00025272513179817234,0.010109005271926893,1
ETH-USDT,141.82,139.57,0.00039662953039063605,0.01586518121562544,1
XRP-BTC,7.118e-05,7.31e-05,0.025625175611126653,0.026973869064343847,2
BTC-USDT,4985.53,4880.62,0.019990753239876174,0.02104289814723808,2
EOS-BTC,0.0010603,0.0010465,0.012364425162689813,0.013015184381778752,2
EOS-BTC,0.0010765,0.0010479,0.0006641895030190417,0.02656758012076167,1
BTC-USDT,5029.97,4950.02,0.015099990656007853,0.015894727006324057,2
XRP-BTC,7.020000000000001e-05,7.239e-05,0.029636752136752008,0.03119658119658106,2
XRP-BTC,6.97e-05,7.124e-05,0.020989956958393143,0.022094691535150677,2
ETH-BTC,0.034535,0.03382,-0.020703633994498344,0.020703633994498344,0
ETH-USDT,178.97,173.86,0.0007138067832597622,0.028552271330390486,1
LTC-BTC,0.016711,0.016965,0.0003799892286517874,0.015199569146071495,1
XRP-BTC,6.664e-05,6.835e-05,0.024377250900360078,0.025660264105642188,2
ETH-BTC,0.032432,0.032839,0.011921867291563816,0.012549333991119807,2
ADA-BTC,1.632e-05,1.672e-05,-0.0245098039215686,0.0245098039215686,0
EOS-BTC,0.0010539999999999998,0.0010656,0.010455407969639723,0.011005692599620762,2
XRP-BTC,6.411e-05,6.549e-05,0.0005381375760411807,0.02152550304164723,1
XRP-BTC,6.426e-05,6.521e-05,0.0003695922813569857,0.014783691254279427,1
XRP-BTC,6.414e-05,6.47e-05,0.008294356096039832,0.008730901153726139,2
XRP-BTC,6.393e-05,6.456e-05,0.00024636320976067534,0.009854528390427013,1
ADA-BTC,1.613e-05,1.644e-05,0.0004804711717296943,0.01921884686918777,1
XRP-BTC,6.287e-05,6.354e-05,0.010124065532050345,0.010656911086368783,2
LTC-BTC,0.015411,0.015716,0.0004947764583738912,0.019791058334955647,1
ADA-BTC,1.575e-05,1.595e-05,0.012063492063492151,0.012698412698412792,2
EOS-BTC,0.0010382999999999998,0.0010462,0.00019021477415005633,0.007608590966002253,1
BTC-USDT,5265.07,5211.11,0.00025621691639427413,0.010248676655770965,1
ETH-USDT,173.81,170.93,0.015741326736091108,0.016569817616938008,2
ETH-BTC,0.033073000000000005,0.032701,-0.011247845674719687,0.011247845674719687,0
XRP-BTC,6.019e-05,6.213e-05,0.03061970426981234,0.032231267652434045,2
ETH-BTC,0.031935000000000005,0.032387,0.013446062314075287,0.014153749804289776,2
LTC-BTC,0.014339,0.014583,0.016165701931794483,0.01701652834925735,2
EOS-BTC,0.000974,0.0009978,0.023213552361396335,0.02443531827515404,2
ETH-BTC,0.030167000000000006,0.030521,0.00029336692412237973,0.011734676964895187,1
XRP-BTC,5.219e-05,5.358e-05,0.025301781950565216,0.02663345468480549,2
EOS-BTC,0.0008517999999999999,0.0008625999999999999,0.00031697581591923126,0.01267903263676925,1
EOS-BTC,0.0008443999999999999,0.0008625999999999999,0.020476077688299392,0.021553765987683573,2
ETH-USDT,160.32,164.33,-0.025012475049900323,0.025012475049900323,0
XRP-BTC,5.147e-05,5.324e-05,0.03266951622304252,0.03438896444530792,2
XRP-BTC,5.084e-05,5.135e-05,0.00025078678206136914,0.010031471282454765,1
BTC-USDT,5933.39,5865.0,0.010949979691205248,0.011526294411794999,2
XRP-BTC,5.012e-05,5.108e-05,0.018196328810853903,0.019154030327214636,2
ETH-USDT,192.95,186.0,0.034218709510235756,0.036019694221300795,2
EOS-BTC,0.0007413,0.0007692,0.035754755159854414,0.03763658437879412,2
ETH-BTC,0.026084,0.0271,0.0009737770280631801,0.0389510811225272,1
LTC-BTC,0.012154,0.011935,0.0004504689814052996,0.018018759256211984,1
LTC-BTC,0.012197,0.011935,-0.0214806919734361,0.0214806919734361,0
ADA-BTC,1.12e-05,1.082e-05,0.0008482142857142852,0.033928571428571405,1
EOS-BTC,0.000782,0.0008035,0.026118925831201952,0.02749360613810732,2
ADA-BTC,1.059e-05,1.0800000000000003e-05,0.018838526912181578,0.01983002832861219,2
ADA-BTC,1.057e-05,1.07e-05,0.011684011352885411,0.01229895931882675,2
XRP-BTC,4.978e-05,5.087e-05,0.020801526717557216,0.02189634391321812,2
LTC-BTC,0.011456,0.01164,0.01525837988826817,0.016061452513966495,2
ADA-BTC,1.012e-05,1.028e-05,0.00039525691699604786,0.015810276679841914,1
XRP-BTC,4.820000000000001e-05,4.897e-05,0.015176348547717593,0.015975103734439573,2
XRP-BTC,4.821e-05,4.870000000000001e-05,0.009655673096868076,0.01016386641775587,2
ETH-BTC,0.031225,0.031899000000000004,0.02050600480384321,0.0215852682145718,2
LTC-BTC,0.01322,0.01283,0.0007375189107413038,0.02950075642965215,1
ETH-BTC,0.030802,0.031282,-0.015583403675085962,0.015583403675085962,0
BTC-USDT,8580.0,8500.25,0.008830128205128204,0.009294871794871795,2
ETH-USDT,271.0,262.24,-0.032324723247232436,0.032324723247232436,0
LTC-BTC,0.013081,0.013324,0.017647733353719143,0.01857656142496752,2
ETH-BTC,0.031243,0.030927,0.00960855231571873,0.0101142655954934,2
ETH-BTC,0.031261000000000004,0.030927,0.010150027190429102,0.010684239147820108,2
BTC-USDT,7679.99,7888.0,0.0006771167670791246,0.02708467068316498,1
EOS-BTC,0.0008106,0.0008298,0.0005921539600296088,0.02368615840118435,1
ETH-USDT,243.33,247.5,0.016280360004931525,0.017137221057822657,2
BTC-USDT,7678.7,7856.36,0.021979892429708135,0.023136728873376984,2
ETH-BTC,0.031580000000000004,0.031267,0.009415769474350877,0.009911336288790398,2
ETH-BTC,0.031955000000000004,0.031369,-0.01833828821780639,0.01833828821780639,0
LTC-BTC,0.014999,0.014487,0.032428828588572586,0.03413560904060273,2
XRP-BTC,5.001e-05,5.087e-05,0.0004299140171965617,0.017196560687862468,1
EOS-BTC,0.000802,0.0008086,0.00020573566084788192,0.008229426433915277,1
XRP-BTC,4.982e-05,5.087e-05,0.0005268968285828977,0.021075873143315906,1
XRP-BTC,4.923e-05,5.009e-05,0.0004367255738370922,0.01746902295348369,1
XRP-BTC,4.895e-05,4.995e-05,0.019407558733401508,0.02042900919305422,2
EOS-BTC,0.0007888999999999999,0.0008049,0.019267334262897784,0.020281404487260825,2
ETH-USDT,261.41,253.17,0.0007880341226425957,0.03152136490570383,1
XRP-BTC,4.644e-05,4.74e-05,0.0005167958656330736,0.020671834625322943,1
ADA-BTC,1.034e-05,1.057e-05,0.0005560928433268888,0.02224371373307555,1
LTC-BTC,0.01526,0.015812,0.03436435124508521,0.036173001310616015,2
ETH-BTC,0.0302,0.030823000000000007,0.01959768211920547,0.020629139072847864,2
EOS-BTC,0.0007722,0.0007831,0.0003528878528878527,0.014115514115514108,1
EOS-BTC,0.0007642,0.0007831,0.023495158335514223,0.024731745616330764,2
ETH-USDT,271.23,266.81,0.0004074033108431973,0.016296132433727892,1
ADA-BTC,9.9e-06,1.022e-05,0.000808080808080809,0.03232323232323236,1
ETH-BTC,0.029128,0.029496,0.00031584729469925866,0.012633891787970346,1
ETH-BTC,0.029229,0.029496,0.008678025248896638,0.009134763419891199,2
BTC-USDT,9170.67,8953.43,0.022504135466656174,0.023688563649111764,2
ADA-BTC,9.8e-06,9.99e-06,0.018418367346938764,0.019387755102040806,2
ETH-BTC,0.029001,0.0294,0.013070238957277337,0.01375814627081825,2
EOS-BTC,0.0007387,0.0007513999999999999,0.01633274671720581,0.017192364965479802,2
XRP-BTC,4.651e-05,4.811e-05,0.03268114384003436,0.034401204042141434,2
LTC-BTC,0.012919,0.013226,0.02257527672420466,0.023763449183373326,2
ETH-USDT,311.64,306.04,0.0004492362982928993,0.017969451931715973,1
ETH-USDT,317.3,307.0,0.030838323353293447,0.03246139300346679,2
ETH-BTC,0.025516,0.025926,-0.016068349271045643,0.016068349271045643,0
ETH-USDT,289.46,294.89,0.000468976715262904,0.01875906861051616,1
ADA-BTC,6.78e-06,7.02e-06,-0.035398230088495485,0.035398230088495485,0
EOS-BTC,0.0005105999999999999,0.0005272,0.0008127692910301646,0.03251077164120658,1
ETH-USDT,288.42,293.23,-0.016677068164482358,0.016677068164482358,0
LTC-BTC,0.01036,0.010592,0.021274131274131393,0.02239382239382252,2
ETH-BTC,0.023277000000000003,0.023836000000000003,-0.02401512222365427,0.02401512222365427,0
LTC-BTC,0.008906,0.009124,-0.02447788008084431,0.02447788008084431,0
EOS-BTC,0.0004074,0.0004175,-0.024791359842906306,0.024791359842906306,0
ETH-USDT,269.41,277.35,0.0007367952191826582,0.029471808767306325,1
BTC-USDT,11499.56,11817.64,0.02627717930077324,0.027660188737656043,2
LTC-BTC,0.008675,0.008997,0.0009279538904899117,0.037118155619596464,1
LTC-BTC,0.008457,0.008761,0.0008986638287808929,0.03594655315123572,1
XRP-BTC,3.101e-05,3.051e-05,0.00040309577555627373,0.01612383102225095,1
ADA-BTC,5.86e-06,5.77e-06,0.00038395904436860066,0.015358361774744025,1
ADA-BTC,5.88e-06,5.77e-06,-0.018707482993197244,0.018707482993197244,0
XRP-BTC,3.114e-05,3.075e-05,0.00031310211946049667,0.012524084778419866,1
EOS-BTC,0.0004079,0.0003964,0.0007048296151017412,0.028193184604069645,1
LTC-BTC,0.009427,0.009281,-0.015487429723135706,0.015487429723135706,0
BTC-USDT,10597.15,10385.0,-0.020019533553832836,0.020019533553832836,0
ETH-USDT,220.84,227.16,0.027187103785546066,0.028618003984785333,2
XRP-BTC,3.162e-05,3.081e-05,0.02433586337760913,0.025616698292220137,2
ADA-BTC,5.94e-06,5.85e-06,0.0003787878787878788,0.01515151515151515,1
ETH-BTC,0.022179,0.021981,0.00022318409306100394,0.008927363722440157,1
BTC-USDT,9879.87,10127.63,0.0006269313260194678,0.02507725304077871,1
XRP-BTC,3.187e-05,3.147e-05,0.011923438970818837,0.012550988390335619,2
ADA-BTC,5.94e-06,5.86e-06,0.012794612794612806,0.013468013468013481,2
ETH-BTC,0.022344,0.022032,-0.013963480128893653,0.013963480128893653,0
BTC-USDT,9776.05,9889.98,-0.011653991131387452,0.011653991131387452,0
ADA-BTC,6.36e-06,6.12e-06,0.0009433962264150954,0.037735849056603814,1
ETH-USDT,210.26,213.48,0.014548654047369916,0.015314372681442019,2
ADA-BTC,6.36e-06,6.21e-06,-0.0235849056603774,0.0235849056603774,0
EOS-BTC,0.0004366,0.0004442,0.0004351809436555212,0.017407237746220848,1
BTC-USDT,10013.86,9863.46,0.01426822424120183,0.015019183411791402,2
BTC-USDT,10283.73,9903.69,0.03510768952510413,0.03695546265800435,2
ETH-USDT,216.81,212.7,0.018008855680088615,0.018956690189566965,2
ETH-USDT,217.41,214.31,0.01354583505818497,0.014258773745457864,2
BTC-USDT,10516.69,10350.0,0.015057541869162298,0.01585004407280242,2
BTC-USDT,10642.17,10350.0,0.0006863496824425848,0.02745398729770339,1
ETH-USDT,223.2,214.31,0.037838261648745465,0.039829749103942595,2
EOS-BTC,0.0003959,0.0004,0.00025890376357666365,0.010356150543066546,1
EOS-BTC,0.0003954,0.0004,0.011052099140111286,0.011633788568538196,2
BTC-USDT,10906.9,10629.46,0.024165253188348702,0.025437108619314426,2
ETH-USDT,221.79,218.22,0.015291491951846313,0.016096307317732962,2
ADA-BTC,4.6e-06,4.75e-06,0.030978260869565268,0.03260869565217397,2
ADA-BTC,4.55e-06,4.66e-06,0.0229670329670331,0.02417582417582432,2
ETH-BTC,0.018795,0.0191,0.015416334131417917,0.01622772013833465,2
ETH-BTC,0.018798,0.0191,0.01526226194275988,0.016065538887115663,2
EOS-BTC,0.0003474,0.0003579,0.028713298791019103,0.030224525043178005,2
XRP-BTC,2.568e-05,2.652e-05,0.031074766355140136,0.032710280373831724,2
ETH-BTC,0.017894999999999998,0.018089,0.0002710254260966796,0.010841017043867182,1
BTC-USDT,11388.74,11482.86,0.00020660757906493783,0.008264303162597512,1
BTC-USDT,11328.01,11539.3,0.01771939643414855,0.018651996246472156,2
XRP-BTC,2.65e-05,2.616e-05,0.012188679245283022,0.012830188679245288,2
EOS-BTC,0.0003676,0.000355,0.032562568008705065,0.03427638737758428,2
ETH-BTC,0.017863,0.01808,-0.012148015450932007,0.012148015450932007,0
BTC-USDT,10280.0,10465.14,0.01710924124513613,0.018009727626459086,2
ETH-USDT,182.77,186.57,-0.020791158286370754,0.020791158286370754,0
ETH-BTC,0.018809,0.018601,-0.011058535807326273,0.011058535807326273,0
EOS-BTC,0.0003622,0.0003514,-0.029817780231916193,0.029817780231916193,0
XRP-BTC,2.679e-05,2.635e-05,0.00041060097051138405,0.016424038820455362,1
ETH-USDT,187.42,192.4,0.0006642834275957767,0.026571337103831066,1
BTC-USDT,9997.16,10333.0,-0.03359354056552062,0.03359354056552062,0
LTC-BTC,0.007152,0.007239,0.0003041107382550315,0.012164429530201259,1
LTC-BTC,0.007072,0.007239,0.022433540723981845,0.023614253393665102,2
ETH-USDT,187.43,189.49,0.010441231393053417,0.01099076988742465,2
ETH-USDT,186.21,189.25,0.00040814134579238387,0.016325653831695354,1
EOS-BTC,0.0003467,0.0003519,0.014248629939428801,0.014998557830977685,2
ETH-USDT,168.07,169.7,0.009213422978520827,0.009698339977390346,2
XRP-BTC,2.688e-05,2.656e-05,-0.011904761904761916,0.011904761904761916,0
ADA-BTC,4.65e-06,4.73e-06,0.01634408602150522,0.01720430107526865,2
ETH-BTC,0.016782,0.01694,0.008944106781075068,0.009414849243236914,2
XRP-BTC,2.431e-05,2.489e-05,0.022665569724393302,0.023858494446729793,2
BTC-USDT,10572.43,10485.07,0.0002065750257982332,0.008263001031929328,1
ETH-BTC,0.016302,0.01656,-0.015826278984173586,0.015826278984173586,0
ADA-BTC,4.53e-06,4.42e-06,0.023068432671081635,0.02428256070640172,2
LTC-BTC,0.006768000000000001,0.006698000000000001,0.009825650118203274,0.01034278959810871,2
XRP-BTC,2.539e-05,2.492e-05,0.0004627806222922417,0.018511224891689666,1
ETH-BTC,0.017769,0.017512,0.0003615847824863531,0.014463391299454122,1
ETH-USDT,189.03,186.75,0.011458498651007782,0.012061577527376613,2
LTC-BTC,0.006934,0.006756,0.024387078165561033,0.025670608595327403,2
ADA-BTC,4.6e-06,4.47e-06,0.026847826086956437,0.028260869565217304,2
XRP-BTC,2.546e-05,2.52e-05,0.00025530243519245965,0.010212097407698385,1
EOS-BTC,0.0003973,0.000387,0.024628744022149585,0.025924993707525882,2
BTC-USDT,10174.14,10258.02,0.00020611078675937482,0.008244431470374992,1
ETH-BTC,0.021465,0.021153,-0.014535290006988109,0.014535290006988109,0
BTC-USDT,9908.94,10075.77,0.015994495879478522,0.016836311452082656,2
ETH-USDT,207.12,210.99,0.0177505793742758,0.018684820393974528,2
EOS-BTC,0.00033610000000000004,0.0003429,-0.02023207378756307,0.02023207378756307,0
ETH-USDT,165.43,167.8,0.013609986096838566,0.014326301154566913,2
XRP-BTC,2.981e-05,2.957e-05,0.0076484401207648775,0.008050989600805135,2
LTC-BTC,0.00683,0.006703,-0.018594436310395368,0.018594436310395368,0
ETH-USDT,177.63,174.73,0.01550976749422961,0.016326071046557485,2
BTC-USDT,8359.94,8182.15,-0.02126689904473009,0.02126689904473009,0
EOS-BTC,0.0003593,0.00035660000000000005,-0.00751461174505972,0.00751461174505972,0
BTC-USDT,8087.98,8203.11,0.00035586759611176406,0.014234703844470563,1
ETH-BTC,0.021737,0.0215,0.010357915075677463,0.01090306850071312,2
ADA-BTC,4.89e-06,4.83e-06,0.011656441717791299,0.01226993865030663,2
EOS-BTC,0.0003691,0.0003651,0.01029531292332712,0.010837171498239075,2
ETH-BTC,0.021844,0.021511,0.00038111151803698956,0.015244460721479582,1
ADA-BTC,5.03e-06,4.88e-06,0.0007455268389662041,0.029821073558648162,1
LTC-BTC,0.006989,0.0068790000000000006,0.014952067534697359,0.01573901845757617,2
ADA-BTC,5.05e-06,4.95e-06,0.01881188118811879,0.01980198019801978,2
ETH-BTC,0.022179,0.021837,0.014648992290004144,0.015419991884214888,2
XRP-BTC,3.39e-05,3.354e-05,0.010088495575221143,0.010619469026548572,2
EOS-BTC,0.0003911,0.0003829,0.0005241626182562029,0.020966504730248112,1
ETH-USDT,182.7,178.96,0.019447181171319,0.020470717022441055,2
BTC-USDT,8241.15,8115.0,0.014541963196883887,0.015307329680930409,2
ETH-USDT,191.86,186.88,0.0006489106640258545,0.02595642656103418,1
ADA-BTC,4.85e-06,4.93e-06,-0.01649484536082476,0.01649484536082476,0
ADA-BTC,4.85e-06,4.9000000000000005e-06,-0.01030927835051554,0.01030927835051554,0
LTC-BTC,0.006711,0.006769,0.00021606317985397073,0.008642527194158828,1
ETH-BTC,0.02162,0.022045,-0.01965772432932462,0.01965772432932462,0
ETH-USDT,180.45,184.2,0.0005195344970906068,0.020781379883624274,1
XRP-BTC,3.518e-05,3.477e-05,0.0002913587265491741,0.011654349061966964,1
BTC-USDT,8295.85,8364.77,0.00020769420855005837,0.008307768342002335,1
XRP-BTC,3.535e-05,3.477e-05,-0.016407355021216347,0.016407355021216347,0
XRP-BTC,3.564e-05,3.521e-05,0.011461840628507322,0.01206509539842876,2
EOS-BTC,0.0003638,0.0003668,-0.008246289169873609,0.008246289169873609,0
ETH-USDT,172.93,177.45,0.0006534435898918611,0.026137743595674445,1
BTC-USDT,7911.6,8115.0,-0.025709085393599226,0.025709085393599226,0
ETH-BTC,0.021657,0.022086,0.0004952209447291895,0.01980883778916758,1
XRP-BTC,3.688e-05,3.654e-05,0.008758134490238616,0.00921908893709328,2
EOS-BTC,0.0003599,0.0003666,0.017685468185607112,0.018616282300639067,2
ETH-USDT,171.08,174.85,-0.02203647416413363,0.02203647416413363,0
BTC-USDT,7904.64,8021.0,-0.01472046797830131,0.01472046797830131,0
ETH-BTC,0.021317,0.021709,0.00045972697846788954,0.01838907913871558,1
EOS-BTC,0.0003546,0.0003643,0.0006838691483361548,0.02735476593344619,1
ETH-BTC,0.021033,0.02134,-0.014596110873389518,0.014596110873389518,0
BTC-USDT,8276.16,8159.96,-0.014040327881529577,0.014040327881529577,0
LTC-BTC,0.006595,0.006712999999999999,0.016997725549658716,0.01789234268385128,2
LTC-BTC,0.006669,0.006601,0.009686609686609613,0.010196431249062752,2
ETH-BTC,0.021834,0.021601,0.0002667857470000923,0.010671429880003691,1
LTC-BTC,0.006790000000000001,0.006601,0.0006958762886597967,0.027835051546391865,1
EOS-BTC,0.00036,0.000348,0.0008333333333333348,0.03333333333333339,1
EOS-BTC,0.0003634,0.0003497,-0.03769950467804075,0.03769950467804075,0
ETH-USDT,185.28,181.0,0.0005775043177892921,0.023100172711571682,1
XRP-BTC,3.151e-05,3.218e-05,-0.021263091082196085,0.021263091082196085,0
XRP-BTC,3.189e-05,3.235e-05,0.01370335528378799,0.014424584509250516,2
ETH-BTC,0.019678,0.019962,-0.014432361012297973,0.014432361012297973,0
XRP-BTC,3.137e-05,3.188e-05,-0.01625757092763788,0.01625757092763788,0
LTC-BTC,0.006246,0.006345,-0.01585014409221904,0.01585014409221904,0
ETH-USDT,183.44,181.8,0.00022350632359354372,0.008940252943741749,1
ETH-USDT,183.92,181.8,-0.011526750761200393,0.011526750761200393,0
XRP-BTC,3.163e-05,3.187e-05,-0.007587733164716968,0.007587733164716968,0
ETH-BTC,0.020128,0.019701,0.020153517488076325,0.021214228934817184,2
BTC-USDT,9389.65,9266.16,-0.01315171492015142,0.01315171492015142,0
XRP-BTC,3.3100000000000005e-05,3.2e-05,0.0008308157099697933,0.03323262839879173,1
LTC-BTC,0.006804000000000001,0.0067090000000000006,0.0003490593768371563,0.013962375073486251,1
BTC-USDT,8774.52,8870.0,-0.010881506908639966,0.010881506908639966,0
ADA-BTC,4.84e-06,4.78e-06,0.00030991735537190226,0.012396694214876089,1
ADA-BTC,4.85e-06,4.76e-06,0.017628865979381438,0.01855670103092783,2
ETH-BTC,0.021451,0.020852,0.0006981026525569931,0.02792410610227972,1
ADA-BTC,4.92e-06,4.81e-06,0.021239837398374106,0.0223577235772359,2
XRP-BTC,3.125e-05,3.158e-05,0.010031999999999954,0.010559999999999953,2
XRP-BTC,3.12e-05,3.155e-05,0.00028044871794871934,0.011217948717948774,1
ETH-USDT,184.28,187.65,0.0004571847189060132,0.018287388756240527,1
XRP-BTC,3.102e-05,3.126e-05,0.007350096711798977,0.007736943907156818,2
BTC-USDT,8463.73,8790.0,0.0366217376972092,0.038549197576009685,2
BTC-USDT,8477.62,8543.0,0.0073264666262464265,0.007712070132890976,2
ETH-BTC,0.021616,0.021341,0.0003180514433752787,0.012722057735011146,1
ADA-BTC,5.23e-06,5.12e-06,0.01998087954110895,0.021032504780114685,2
ADA-BTC,5.07e-06,5.21e-06,0.0006903353057199229,0.027613412228796916,1
BTC-USDT,8091.05,8264.29,0.02034074687463316,0.021411312499613856,2
ETH-USDT,174.72,177.37,0.014408768315018345,0.015167124542124575,2
BTC-USDT,7936.1,8134.73,0.0237772331497838,0.025028666473456633,2
ETH-USDT,149.01,152.86,0.0245453325280184,0.02583719213475621,2
XRP-BTC,3.207e-05,3.159e-05,0.00037418147801683983,0.014967259120673593,1
BTC-USDT,7134.17,7330.39,0.026129038136181254,0.02750425066966448,2
EOS-BTC,0.00036,0.0003708,0.028499999999999973,0.029999999999999975,2
ETH-BTC,0.020549,0.02099,0.0005365224585137968,0.02146089834055187,1
ADA-BTC,5.04e-06,5.15e-06,-0.021825396825396786,0.021825396825396786,0
XRP-BTC,3.056e-05,3.084e-05,-0.0091623036649216,0.0091623036649216,0
XRP-BTC,3.038e-05,3.118e-05,0.0006583278472679416,0.02633311389071766,1
XRP-BTC,2.998e-05,3.034e-05,-0.012008005336891258,0.012008005336891258,0
ETH-USDT,153.84,149.82,-0.026131045241809737,0.026131045241809737,0
ADA-BTC,5.23e-06,5.13e-06,0.018164435946462696,0.019120458891013364,2
ETH-USDT,154.62,149.09,0.0008941275384814386,0.03576510153925754,1
XRP-BTC,2.976e-05,3.04e-05,0.0005376344086021511,0.021505376344086044,1
ETH-BTC,0.020003999999999997,0.02051,-0.025294941011797793,0.025294941011797793,0
LTC-BTC,0.006275,0.006409999999999999,0.0005378486055776846,0.021513944223107383,1
EOS-BTC,0.000366,0.0003572,0.022841530054644798,0.024043715846994527,2
ADA-BTC,5.38e-06,5.27e-06,-0.020446096654275055,0.020446096654275055,0
ADA-BTC,5.19e-06,5.25e-06,0.0002890173410404596,0.011560693641618386,1
ETH-USDT,147.06,149.93,0.01854005167958659,0.019515843873249044,2
LTC-BTC,0.006151,0.006293,0.0005771419281417646,0.023085677125670584,1
ADA-BTC,5.16e-06,5.24e-06,0.014728682170542651,0.015503875968992265,2
BTC-USDT,7143.0,7356.87,-0.029941201175976467,0.029941201175976467,0
LTC-BTC,0.006145,0.006253,0.0004393816110659056,0.017575264442636223,1
LTC-BTC,0.006106,0.006251,0.0005936783491647531,0.023747133966590124,1
ADA-BTC,5.05e-06,5.18e-06,-0.02574257425742583,0.02574257425742583,0
EOS-BTC,0.00036219999999999997,0.0003662,-0.011043622308117182,0.011043622308117182,0
ADA-BTC,5.08e-06,5.14e-06,0.0002952755905511825,0.0118110236220473,1
ETH-BTC,0.0199,0.020089,0.009022613065326547,0.009497487437185839,2
ADA-BTC,5.05e-06,5.12e-06,-0.013861386138613896,0.013861386138613896,0
BTC-USDT,7477.0,7305.0,0.0005750969640230039,0.023003878560920156,1
LTC-BTC,0.00602,0.006121,-0.016777408637873675,0.016777408637873675,0
XRP-BTC,3.027e-05,2.976e-05,0.0004212091179385532,0.016848364717542127,1
ETH-BTC,0.020102000000000002,0.019912,0.00023629489603024906,0.009451795841209962,1
EOS-BTC,0.0003568,0.0003616,0.012780269058295986,0.013452914798206301,2
BTC-USDT,7171.7,7267.01,0.0003322434011461732,0.013289736045846927,1
EOS-BTC,0.00036310000000000004,0.0003595,-0.009914624070504084,0.009914624070504084,0
BTC-USDT,7067.74,7139.66,-0.010175812918981184,0.010175812918981184,0
ETH-USDT,126.9,128.47,0.0003092986603624888,0.012371946414499551,1
ETH-BTC,0.017783,0.017975,-0.01079682843164827,0.01079682843164827,0
ETH-USDT,126.62,128.4,-0.014057810772389837,0.014057810772389837,0
BTC-USDT,7181.85,7122.0,0.007916832014035428,0.008333507383195188,2
ADA-BTC,4.61e-06,4.69e-06,0.016485900216919754,0.017353579175705007,2
LTC-BTC,0.005557,0.005613,0.00957351088716927,0.010077379881230811,2
LTC-BTC,0.005546,0.0055969999999999995,0.008736025964659186,0.009195816804904406,2
ETH-USDT,125.79,128.52,0.0005425709515859775,0.021702838063439096,1
LTC-BTC,0.005520000000000001,0.005627,-0.019384057971014394,0.019384057971014394,0
ETH-BTC,0.017319,0.017719,-0.023096021710260265,0.023096021710260265,0
ETH-BTC,0.017322999999999998,0.017458,-0.007793107429429267,0.007793107429429267,0
LTC-BTC,0.0055320000000000005,0.0055899999999999995,-0.010484454085321587,0.010484454085321587,0
ADA-BTC,4.66e-06,4.62e-06,0.00021459227467811407,0.008583690987124562,1
XRP-BTC,2.606e-05,2.626e-05,-0.007674597083653034,0.007674597083653034,0
BTC-USDT,7201.24,7331.42,0.00045193605545711677,0.01807744221828467,1
ADA-BTC,4.58e-06,4.62e-06,0.008296943231440968,0.008733624454148388,2
BTC-USDT,7363.46,7288.0,0.0002561974941128221,0.010247899764512883,1
EOS-BTC,0.0003634,0.0003591,0.0002958172812328011,0.011832691249312043,1
XRP-BTC,2.646e-05,2.622e-05,0.00022675736961451349,0.009070294784580539,1
LTC-BTC,0.005854,0.005772,0.013307140416808956,0.014007516228219954,2
ETH-BTC,0.018119999999999997,0.017916,0.0002814569536423784,0.011258278145695137,1
XRP-BTC,2.667e-05,2.644e-05,0.00021559805024371905,0.008623922009748762,1
LTC-BTC,0.005866,0.005804999999999999,-0.01039890896692811,0.01039890896692811,0
XRP-BTC,2.682e-05,2.644e-05,-0.014168530947054427,0.014168530947054427,0
