,24,36,48,60,72
2-2-6,2-2-6,2-2-6,2-2-6,2-2-6,2-2-6
2-2-8,2-2-8,2-2-8,2-2-8,2-2-8,2-2-8
2-2-10,2-2-10,2-2-10,2-2-10,2-2-10,2-2-10
2-2-12,2-2-12,2-2-12,2-2-12,2-2-12,2-2-12
2-2-14,2-2-14,2-2-14,2-2-14,2-2-14,2-2-14
2-2-16,2-2-16,2-2-16,2-2-16,2-2-16,2-2-16
2-2-18,2-2-18,2-2-18,2-2-18,2-2-18,2-2-18
2-2-20,2-2-20,2-2-20,2-2-20,2-2-20,2-2-20
2-2-22,2-2-22,2-2-22,2-2-22,2-2-22,2-2-22
2-2-24,2-2-24,2-2-24,2-2-24,2-2-24,2-2-24
2-3-6,2-3-6,2-3-6,2-3-6,2-3-6,2-3-6
2-3-8,2-3-8,2-3-8,2-3-8,2-3-8,2-3-8
2-3-10,2-3-10,2-3-10,2-3-10,2-3-10,2-3-10
2-3-12,2-3-12,2-3-12,2-3-12,2-3-12,2-3-12
2-3-14,2-3-14,2-3-14,2-3-14,2-3-14,2-3-14
2-3-16,2-3-16,2-3-16,2-3-16,2-3-16,2-3-16
2-3-18,2-3-18,2-3-18,2-3-18,2-3-18,2-3-18
2-3-20,2-3-20,2-3-20,2-3-20,2-3-20,2-3-20
2-3-22,2-3-22,2-3-22,2-3-22,2-3-22,2-3-22
2-3-24,2-3-24,2-3-24,2-3-24,2-3-24,2-3-24
2-4-6,2-4-6,2-4-6,2-4-6,2-4-6,2-4-6
2-4-8,2-4-8,2-4-8,2-4-8,2-4-8,2-4-8
2-4-10,2-4-10,2-4-10,2-4-10,2-4-10,2-4-10
2-4-12,2-4-12,2-4-12,2-4-12,2-4-12,2-4-12
2-4-14,2-4-14,2-4-14,2-4-14,2-4-14,2-4-14
2-4-16,2-4-16,2-4-16,2-4-16,2-4-16,2-4-16
2-4-18,2-4-18,2-4-18,2-4-18,2-4-18,2-4-18
2-4-20,2-4-20,2-4-20,2-4-20,2-4-20,2-4-20
2-4-22,2-4-22,2-4-22,2-4-22,2-4-22,2-4-22
2-4-24,2-4-24,2-4-24,2-4-24,2-4-24,2-4-24
2-5-6,2-5-6,2-5-6,2-5-6,2-5-6,2-5-6
2-5-8,2-5-8,2-5-8,2-5-8,2-5-8,2-5-8
2-5-10,2-5-10,2-5-10,2-5-10,2-5-10,2-5-10
2-5-12,2-5-12,2-5-12,2-5-12,2-5-12,2-5-12
2-5-14,2-5-14,2-5-14,2-5-14,2-5-14,2-5-14
2-5-16,2-5-16,2-5-16,2-5-16,2-5-16,2-5-16
2-5-18,2-5-18,2-5-18,2-5-18,2-5-18,2-5-18
2-5-20,2-5-20,2-5-20,2-5-20,2-5-20,2-5-20
2-5-22,2-5-22,2-5-22,2-5-22,2-5-22,2-5-22
2-5-24,2-5-24,2-5-24,2-5-24,2-5-24,2-5-24
2-6-6,2-6-6,2-6-6,2-6-6,2-6-6,2-6-6
2-6-8,2-6-8,2-6-8,2-6-8,2-6-8,2-6-8
2-6-10,2-6-10,2-6-10,2-6-10,2-6-10,2-6-10
2-6-12,2-6-12,2-6-12,2-6-12,2-6-12,2-6-12
2-6-14,2-6-14,2-6-14,2-6-14,2-6-14,2-6-14
2-6-16,2-6-16,2-6-16,2-6-16,2-6-16,2-6-16
2-6-18,2-6-18,2-6-18,2-6-18,2-6-18,2-6-18
2-6-20,2-6-20,2-6-20,2-6-20,2-6-20,2-6-20
2-6-22,2-6-22,2-6-22,2-6-22,2-6-22,2-6-22
2-6-24,2-6-24,2-6-24,2-6-24,2-6-24,2-6-24
2-7-6,2-7-6,2-7-6,2-7-6,2-7-6,2-7-6
2-7-8,2-7-8,2-7-8,2-7-8,2-7-8,2-7-8
2-7-10,2-7-10,2-7-10,2-7-10,2-7-10,2-7-10
2-7-12,2-7-12,2-7-12,2-7-12,2-7-12,2-7-12
2-7-14,2-7-14,2-7-14,2-7-14,2-7-14,2-7-14
2-7-16,2-7-16,2-7-16,2-7-16,2-7-16,2-7-16
2-7-18,2-7-18,2-7-18,2-7-18,2-7-18,2-7-18
2-7-20,2-7-20,2-7-20,2-7-20,2-7-20,2-7-20
2-7-22,2-7-22,2-7-22,2-7-22,2-7-22,2-7-22
2-7-24,2-7-24,2-7-24,2-7-24,2-7-24,2-7-24
2-8-6,2-8-6,2-8-6,2-8-6,2-8-6,2-8-6
2-8-8,2-8-8,2-8-8,2-8-8,2-8-8,2-8-8
2-8-10,2-8-10,2-8-10,2-8-10,2-8-10,2-8-10
2-8-12,2-8-12,2-8-12,2-8-12,2-8-12,2-8-12
2-8-14,2-8-14,2-8-14,2-8-14,2-8-14,2-8-14
2-8-16,2-8-16,2-8-16,2-8-16,2-8-16,2-8-16
2-8-18,2-8-18,2-8-18,2-8-18,2-8-18,2-8-18
2-8-20,2-8-20,2-8-20,2-8-20,2-8-20,2-8-20
2-8-22,2-8-22,2-8-22,2-8-22,2-8-22,2-8-22
2-8-24,2-8-24,2-8-24,2-8-24,2-8-24,2-8-24
2-9-6,2-9-6,2-9-6,2-9-6,2-9-6,2-9-6
2-9-8,2-9-8,2-9-8,2-9-8,2-9-8,2-9-8
2-9-10,2-9-10,2-9-10,2-9-10,2-9-10,2-9-10
2-9-12,2-9-12,2-9-12,2-9-12,2-9-12,2-9-12
2-9-14,2-9-14,2-9-14,2-9-14,2-9-14,2-9-14
2-9-16,2-9-16,2-9-16,2-9-16,2-9-16,2-9-16
2-9-18,2-9-18,2-9-18,2-9-18,2-9-18,2-9-18
2-9-20,2-9-20,2-9-20,2-9-20,2-9-20,2-9-20
2-9-22,2-9-22,2-9-22,2-9-22,2-9-22,2-9-22
2-9-24,2-9-24,2-9-24,2-9-24,2-9-24,2-9-24
2-10-6,2-10-6,2-10-6,2-10-6,2-10-6,2-10-6
2-10-8,2-10-8,2-10-8,2-10-8,2-10-8,2-10-8
2-10-10,2-10-10,2-10-10,2-10-10,2-10-10,2-10-10
2-10-12,2-10-12,2-10-12,2-10-12,2-10-12,2-10-12
2-10-14,2-10-14,2-10-14,2-10-14,2-10-14,2-10-14
2-10-16,2-10-16,2-10-16,2-10-16,2-10-16,2-10-16
2-10-18,2-10-18,2-10-18,2-10-18,2-10-18,2-10-18
2-10-20,2-10-20,2-10-20,2-10-20,2-10-20,2-10-20
2-10-22,2-10-22,2-10-22,2-10-22,2-10-22,2-10-22
2-10-24,2-10-24,2-10-24,2-10-24,2-10-24,2-10-24
3-2-6,3-2-6,3-2-6,3-2-6,3-2-6,3-2-6
3-2-8,3-2-8,3-2-8,3-2-8,3-2-8,3-2-8
3-2-10,3-2-10,3-2-10,3-2-10,3-2-10,3-2-10
3-2-12,3-2-12,3-2-12,3-2-12,3-2-12,3-2-12
3-2-14,3-2-14,3-2-14,3-2-14,3-2-14,3-2-14
3-2-16,3-2-16,3-2-16,3-2-16,3-2-16,3-2-16
3-2-18,3-2-18,3-2-18,3-2-18,3-2-18,3-2-18
3-2-20,3-2-20,3-2-20,3-2-20,3-2-20,3-2-20
3-2-22,3-2-22,3-2-22,3-2-22,3-2-22,3-2-22
3-2-24,3-2-24,3-2-24,3-2-24,3-2-24,3-2-24
3-3-6,3-3-6,3-3-6,3-3-6,3-3-6,3-3-6
3-3-8,3-3-8,3-3-8,3-3-8,3-3-8,3-3-8
3-3-10,3-3-10,3-3-10,3-3-10,3-3-10,3-3-10
3-3-12,3-3-12,3-3-12,3-3-12,3-3-12,3-3-12
3-3-14,3-3-14,3-3-14,3-3-14,3-3-14,3-3-14
3-3-16,3-3-16,3-3-16,3-3-16,3-3-16,3-3-16
3-3-18,3-3-18,3-3-18,3-3-18,3-3-18,3-3-18
3-3-20,3-3-20,3-3-20,3-3-20,3-3-20,3-3-20
3-3-22,3-3-22,3-3-22,3-3-22,3-3-22,3-3-22
3-3-24,3-3-24,3-3-24,3-3-24,3-3-24,3-3-24
3-4-6,3-4-6,3-4-6,3-4-6,3-4-6,3-4-6
3-4-8,3-4-8,3-4-8,3-4-8,3-4-8,3-4-8
3-4-10,3-4-10,3-4-10,3-4-10,3-4-10,3-4-10
3-4-12,3-4-12,3-4-12,3-4-12,3-4-12,3-4-12
3-4-14,3-4-14,3-4-14,3-4-14,3-4-14,3-4-14
3-4-16,3-4-16,3-4-16,3-4-16,3-4-16,3-4-16
3-4-18,3-4-18,3-4-18,3-4-18,3-4-18,3-4-18
3-4-20,3-4-20,3-4-20,3-4-20,3-4-20,3-4-20
3-4-22,3-4-22,3-4-22,3-4-22,3-4-22,3-4-22
3-4-24,3-4-24,3-4-24,3-4-24,3-4-24,3-4-24
3-5-6,3-5-6,3-5-6,3-5-6,3-5-6,3-5-6
3-5-8,3-5-8,3-5-8,3-5-8,3-5-8,3-5-8
3-5-10,3-5-10,3-5-10,3-5-10,3-5-10,3-5-10
3-5-12,3-5-12,3-5-12,3-5-12,3-5-12,3-5-12
3-5-14,3-5-14,3-5-14,3-5-14,3-5-14,3-5-14
3-5-16,3-5-16,3-5-16,3-5-16,3-5-16,3-5-16
3-5-18,3-5-18,3-5-18,3-5-18,3-5-18,3-5-18
3-5-20,3-5-20,3-5-20,3-5-20,3-5-20,3-5-20
3-5-22,3-5-22,3-5-22,3-5-22,3-5-22,3-5-22
3-5-24,3-5-24,3-5-24,3-5-24,3-5-24,3-5-24
3-6-6,3-6-6,3-6-6,3-6-6,3-6-6,3-6-6
3-6-8,3-6-8,3-6-8,3-6-8,3-6-8,3-6-8
3-6-10,3-6-10,3-6-10,3-6-10,3-6-10,3-6-10
3-6-12,3-6-12,3-6-12,3-6-12,3-6-12,3-6-12
3-6-14,3-6-14,3-6-14,3-6-14,3-6-14,3-6-14
3-6-16,3-6-16,3-6-16,3-6-16,3-6-16,3-6-16
3-6-18,3-6-18,3-6-18,3-6-18,3-6-18,3-6-18
3-6-20,3-6-20,3-6-20,3-6-20,3-6-20,3-6-20
3-6-22,3-6-22,3-6-22,3-6-22,3-6-22,3-6-22
3-6-24,3-6-24,3-6-24,3-6-24,3-6-24,3-6-24
3-7-6,3-7-6,3-7-6,3-7-6,3-7-6,3-7-6
3-7-8,3-7-8,3-7-8,3-7-8,3-7-8,3-7-8
3-7-10,3-7-10,3-7-10,3-7-10,3-7-10,3-7-10
3-7-12,3-7-12,3-7-12,3-7-12,3-7-12,3-7-12
3-7-14,3-7-14,3-7-14,3-7-14,3-7-14,3-7-14
3-7-16,3-7-16,3-7-16,3-7-16,3-7-16,3-7-16
3-7-18,3-7-18,3-7-18,3-7-18,3-7-18,3-7-18
3-7-20,3-7-20,3-7-20,3-7-20,3-7-20,3-7-20
3-7-22,3-7-22,3-7-22,3-7-22,3-7-22,3-7-22
3-7-24,3-7-24,3-7-24,3-7-24,3-7-24,3-7-24
3-8-6,3-8-6,3-8-6,3-8-6,3-8-6,3-8-6
3-8-8,3-8-8,3-8-8,3-8-8,3-8-8,3-8-8
3-8-10,3-8-10,3-8-10,3-8-10,3-8-10,3-8-10
3-8-12,3-8-12,3-8-12,3-8-12,3-8-12,3-8-12
3-8-14,3-8-14,3-8-14,3-8-14,3-8-14,3-8-14
3-8-16,3-8-16,3-8-16,3-8-16,3-8-16,3-8-16
3-8-18,3-8-18,3-8-18,3-8-18,3-8-18,3-8-18
3-8-20,3-8-20,3-8-20,3-8-20,3-8-20,3-8-20
3-8-22,3-8-22,3-8-22,3-8-22,3-8-22,3-8-22
3-8-24,3-8-24,3-8-24,3-8-24,3-8-24,3-8-24
3-9-6,3-9-6,3-9-6,3-9-6,3-9-6,3-9-6
3-9-8,3-9-8,3-9-8,3-9-8,3-9-8,3-9-8
3-9-10,3-9-10,3-9-10,3-9-10,3-9-10,3-9-10
3-9-12,3-9-12,3-9-12,3-9-12,3-9-12,3-9-12
3-9-14,3-9-14,3-9-14,3-9-14,3-9-14,3-9-14
3-9-16,3-9-16,3-9-16,3-9-16,3-9-16,3-9-16
3-9-18,3-9-18,3-9-18,3-9-18,3-9-18,3-9-18
3-9-20,3-9-20,3-9-20,3-9-20,3-9-20,3-9-20
3-9-22,3-9-22,3-9-22,3-9-22,3-9-22,3-9-22
3-9-24,3-9-24,3-9-24,3-9-24,3-9-24,3-9-24
3-10-6,3-10-6,3-10-6,3-10-6,3-10-6,3-10-6
3-10-8,3-10-8,3-10-8,3-10-8,3-10-8,3-10-8
3-10-10,3-10-10,3-10-10,3-10-10,3-10-10,3-10-10
3-10-12,3-10-12,3-10-12,3-10-12,3-10-12,3-10-12
3-10-14,3-10-14,3-10-14,3-10-14,3-10-14,3-10-14
3-10-16,3-10-16,3-10-16,3-10-16,3-10-16,3-10-16
3-10-18,3-10-18,3-10-18,3-10-18,3-10-18,3-10-18
3-10-20,3-10-20,3-10-20,3-10-20,3-10-20,3-10-20
3-10-22,3-10-22,3-10-22,3-10-22,3-10-22,3-10-22
3-10-24,3-10-24,3-10-24,3-10-24,3-10-24,3-10-24
4-2-6,4-2-6,4-2-6,4-2-6,4-2-6,4-2-6
4-2-8,4-2-8,4-2-8,4-2-8,4-2-8,4-2-8
4-2-10,4-2-10,4-2-10,4-2-10,4-2-10,4-2-10
4-2-12,4-2-12,4-2-12,4-2-12,4-2-12,4-2-12
4-2-14,4-2-14,4-2-14,4-2-14,4-2-14,4-2-14
4-2-16,4-2-16,4-2-16,4-2-16,4-2-16,4-2-16
4-2-18,4-2-18,4-2-18,4-2-18,4-2-18,4-2-18
4-2-20,4-2-20,4-2-20,4-2-20,4-2-20,4-2-20
4-2-22,4-2-22,4-2-22,4-2-22,4-2-22,4-2-22
4-2-24,4-2-24,4-2-24,4-2-24,4-2-24,4-2-24
4-3-6,4-3-6,4-3-6,4-3-6,4-3-6,4-3-6
4-3-8,4-3-8,4-3-8,4-3-8,4-3-8,4-3-8
4-3-10,4-3-10,4-3-10,4-3-10,4-3-10,4-3-10
4-3-12,4-3-12,4-3-12,4-3-12,4-3-12,4-3-12
4-3-14,4-3-14,4-3-14,4-3-14,4-3-14,4-3-14
4-3-16,4-3-16,4-3-16,4-3-16,4-3-16,4-3-16
4-3-18,4-3-18,4-3-18,4-3-18,4-3-18,4-3-18
4-3-20,4-3-20,4-3-20,4-3-20,4-3-20,4-3-20
4-3-22,4-3-22,4-3-22,4-3-22,4-3-22,4-3-22
4-3-24,4-3-24,4-3-24,4-3-24,4-3-24,4-3-24
4-4-6,4-4-6,4-4-6,4-4-6,4-4-6,4-4-6
4-4-8,4-4-8,4-4-8,4-4-8,4-4-8,4-4-8
4-4-10,4-4-10,4-4-10,4-4-10,4-4-10,4-4-10
4-4-12,4-4-12,4-4-12,4-4-12,4-4-12,4-4-12
4-4-14,4-4-14,4-4-14,4-4-14,4-4-14,4-4-14
4-4-16,4-4-16,4-4-16,4-4-16,4-4-16,4-4-16
4-4-18,4-4-18,4-4-18,4-4-18,4-4-18,4-4-18
4-4-20,4-4-20,4-4-20,4-4-20,4-4-20,4-4-20
4-4-22,4-4-22,4-4-22,4-4-22,4-4-22,4-4-22
4-4-24,4-4-24,4-4-24,4-4-24,4-4-24,4-4-24
4-5-6,4-5-6,4-5-6,4-5-6,4-5-6,4-5-6
4-5-8,4-5-8,4-5-8,4-5-8,4-5-8,4-5-8
4-5-10,4-5-10,4-5-10,4-5-10,4-5-10,4-5-10
4-5-12,4-5-12,4-5-12,4-5-12,4-5-12,4-5-12
4-5-14,4-5-14,4-5-14,4-5-14,4-5-14,4-5-14
4-5-16,4-5-16,4-5-16,4-5-16,4-5-16,4-5-16
4-5-18,4-5-18,4-5-18,4-5-18,4-5-18,4-5-18
4-5-20,4-5-20,4-5-20,4-5-20,4-5-20,4-5-20
4-5-22,4-5-22,4-5-22,4-5-22,4-5-22,4-5-22
4-5-24,4-5-24,4-5-24,4-5-24,4-5-24,4-5-24
4-6-6,4-6-6,4-6-6,4-6-6,4-6-6,4-6-6
4-6-8,4-6-8,4-6-8,4-6-8,4-6-8,4-6-8
4-6-10,4-6-10,4-6-10,4-6-10,4-6-10,4-6-10
4-6-12,4-6-12,4-6-12,4-6-12,4-6-12,4-6-12
4-6-14,4-6-14,4-6-14,4-6-14,4-6-14,4-6-14
4-6-16,4-6-16,4-6-16,4-6-16,4-6-16,4-6-16
4-6-18,4-6-18,4-6-18,4-6-18,4-6-18,4-6-18
4-6-20,4-6-20,4-6-20,4-6-20,4-6-20,4-6-20
4-6-22,4-6-22,4-6-22,4-6-22,4-6-22,4-6-22
4-6-24,4-6-24,4-6-24,4-6-24,4-6-24,4-6-24
4-7-6,4-7-6,4-7-6,4-7-6,4-7-6,4-7-6
4-7-8,4-7-8,4-7-8,4-7-8,4-7-8,4-7-8
4-7-10,4-7-10,4-7-10,4-7-10,4-7-10,4-7-10
4-7-12,4-7-12,4-7-12,4-7-12,4-7-12,4-7-12
4-7-14,4-7-14,4-7-14,4-7-14,4-7-14,4-7-14
4-7-16,4-7-16,4-7-16,4-7-16,4-7-16,4-7-16
4-7-18,4-7-18,4-7-18,4-7-18,4-7-18,4-7-18
4-7-20,4-7-20,4-7-20,4-7-20,4-7-20,4-7-20
4-7-22,4-7-22,4-7-22,4-7-22,4-7-22,4-7-22
4-7-24,4-7-24,4-7-24,4-7-24,4-7-24,4-7-24
4-8-6,4-8-6,4-8-6,4-8-6,4-8-6,4-8-6
4-8-8,4-8-8,4-8-8,4-8-8,4-8-8,4-8-8
4-8-10,4-8-10,4-8-10,4-8-10,4-8-10,4-8-10
4-8-12,4-8-12,4-8-12,4-8-12,4-8-12,4-8-12
4-8-14,4-8-14,4-8-14,4-8-14,4-8-14,4-8-14
4-8-16,4-8-16,4-8-16,4-8-16,4-8-16,4-8-16
4-8-18,4-8-18,4-8-18,4-8-18,4-8-18,4-8-18
4-8-20,4-8-20,4-8-20,4-8-20,4-8-20,4-8-20
4-8-22,4-8-22,4-8-22,4-8-22,4-8-22,4-8-22
4-8-24,4-8-24,4-8-24,4-8-24,4-8-24,4-8-24
4-9-6,4-9-6,4-9-6,4-9-6,4-9-6,4-9-6
4-9-8,4-9-8,4-9-8,4-9-8,4-9-8,4-9-8
4-9-10,4-9-10,4-9-10,4-9-10,4-9-10,4-9-10
4-9-12,4-9-12,4-9-12,4-9-12,4-9-12,4-9-12
4-9-14,4-9-14,4-9-14,4-9-14,4-9-14,4-9-14
4-9-16,4-9-16,4-9-16,4-9-16,4-9-16,4-9-16
4-9-18,4-9-18,4-9-18,4-9-18,4-9-18,4-9-18
4-9-20,4-9-20,4-9-20,4-9-20,4-9-20,4-9-20
4-9-22,4-9-22,4-9-22,4-9-22,4-9-22,4-9-22
4-9-24,4-9-24,4-9-24,4-9-24,4-9-24,4-9-24
4-10-6,4-10-6,4-10-6,4-10-6,4-10-6,4-10-6
4-10-8,4-10-8,4-10-8,4-10-8,4-10-8,4-10-8
4-10-10,4-10-10,4-10-10,4-10-10,4-10-10,4-10-10
4-10-12,4-10-12,4-10-12,4-10-12,4-10-12,4-10-12
4-10-14,4-10-14,4-10-14,4-10-14,4-10-14,4-10-14
4-10-16,4-10-16,4-10-16,4-10-16,4-10-16,4-10-16
4-10-18,4-10-18,4-10-18,4-10-18,4-10-18,4-10-18
4-10-20,4-10-20,4-10-20,4-10-20,4-10-20,4-10-20
4-10-22,4-10-22,4-10-22,4-10-22,4-10-22,4-10-22
4-10-24,4-10-24,4-10-24,4-10-24,4-10-24,4-10-24
5-2-6,5-2-6,5-2-6,5-2-6,5-2-6,5-2-6
5-2-8,5-2-8,5-2-8,5-2-8,5-2-8,5-2-8
5-2-10,5-2-10,5-2-10,5-2-10,5-2-10,5-2-10
5-2-12,5-2-12,5-2-12,5-2-12,5-2-12,5-2-12
5-2-14,5-2-14,5-2-14,5-2-14,5-2-14,5-2-14
5-2-16,5-2-16,5-2-16,5-2-16,5-2-16,5-2-16
5-2-18,5-2-18,5-2-18,5-2-18,5-2-18,5-2-18
5-2-20,5-2-20,5-2-20,5-2-20,5-2-20,5-2-20
5-2-22,5-2-22,5-2-22,5-2-22,5-2-22,5-2-22
5-2-24,5-2-24,5-2-24,5-2-24,5-2-24,5-2-24
5-3-6,5-3-6,5-3-6,5-3-6,5-3-6,5-3-6
5-3-8,5-3-8,5-3-8,5-3-8,5-3-8,5-3-8
5-3-10,5-3-10,5-3-10,5-3-10,5-3-10,5-3-10
5-3-12,5-3-12,5-3-12,5-3-12,5-3-12,5-3-12
5-3-14,5-3-14,5-3-14,5-3-14,5-3-14,5-3-14
5-3-16,5-3-16,5-3-16,5-3-16,5-3-16,5-3-16
5-3-18,5-3-18,5-3-18,5-3-18,5-3-18,5-3-18
5-3-20,5-3-20,5-3-20,5-3-20,5-3-20,5-3-20
5-3-22,5-3-22,5-3-22,5-3-22,5-3-22,5-3-22
5-3-24,5-3-24,5-3-24,5-3-24,5-3-24,5-3-24
5-4-6,5-4-6,5-4-6,5-4-6,5-4-6,5-4-6
5-4-8,5-4-8,5-4-8,5-4-8,5-4-8,5-4-8
5-4-10,5-4-10,5-4-10,5-4-10,5-4-10,5-4-10
5-4-12,5-4-12,5-4-12,5-4-12,5-4-12,5-4-12
5-4-14,5-4-14,5-4-14,5-4-14,5-4-14,5-4-14
5-4-16,5-4-16,5-4-16,5-4-16,5-4-16,5-4-16
5-4-18,5-4-18,5-4-18,5-4-18,5-4-18,5-4-18
5-4-20,5-4-20,5-4-20,5-4-20,5-4-20,5-4-20
5-4-22,5-4-22,5-4-22,5-4-22,5-4-22,5-4-22
5-4-24,5-4-24,5-4-24,5-4-24,5-4-24,5-4-24
5-5-6,5-5-6,5-5-6,5-5-6,5-5-6,5-5-6
5-5-8,5-5-8,5-5-8,5-5-8,5-5-8,5-5-8
5-5-10,5-5-10,5-5-10,5-5-10,5-5-10,5-5-10
5-5-12,5-5-12,5-5-12,5-5-12,5-5-12,5-5-12
5-5-14,5-5-14,5-5-14,5-5-14,5-5-14,5-5-14
5-5-16,5-5-16,5-5-16,5-5-16,5-5-16,5-5-16
5-5-18,5-5-18,5-5-18,5-5-18,5-5-18,5-5-18
5-5-20,5-5-20,5-5-20,5-5-20,5-5-20,5-5-20
5-5-22,5-5-22,5-5-22,5-5-22,5-5-22,5-5-22
5-5-24,5-5-24,5-5-24,5-5-24,5-5-24,5-5-24
5-6-6,5-6-6,5-6-6,5-6-6,5-6-6,5-6-6
5-6-8,5-6-8,5-6-8,5-6-8,5-6-8,5-6-8
5-6-10,5-6-10,5-6-10,5-6-10,5-6-10,5-6-10
5-6-12,5-6-12,5-6-12,5-6-12,5-6-12,5-6-12
5-6-14,5-6-14,5-6-14,5-6-14,5-6-14,5-6-14
5-6-16,5-6-16,5-6-16,5-6-16,5-6-16,5-6-16
5-6-18,5-6-18,5-6-18,5-6-18,5-6-18,5-6-18
5-6-20,5-6-20,5-6-20,5-6-20,5-6-20,5-6-20
5-6-22,5-6-22,5-6-22,5-6-22,5-6-22,5-6-22
5-6-24,5-6-24,5-6-24,5-6-24,5-6-24,5-6-24
5-7-6,5-7-6,5-7-6,5-7-6,5-7-6,5-7-6
5-7-8,5-7-8,5-7-8,5-7-8,5-7-8,5-7-8
5-7-10,5-7-10,5-7-10,5-7-10,5-7-10,5-7-10
5-7-12,5-7-12,5-7-12,5-7-12,5-7-12,5-7-12
5-7-14,5-7-14,5-7-14,5-7-14,5-7-14,5-7-14
5-7-16,5-7-16,5-7-16,5-7-16,5-7-16,5-7-16
5-7-18,5-7-18,5-7-18,5-7-18,5-7-18,5-7-18
5-7-20,5-7-20,5-7-20,5-7-20,5-7-20,5-7-20
5-7-22,5-7-22,5-7-22,5-7-22,5-7-22,5-7-22
5-7-24,5-7-24,5-7-24,5-7-24,5-7-24,5-7-24
5-8-6,5-8-6,5-8-6,5-8-6,5-8-6,5-8-6
5-8-8,5-8-8,5-8-8,5-8-8,5-8-8,5-8-8
5-8-10,5-8-10,5-8-10,5-8-10,5-8-10,5-8-10
5-8-12,5-8-12,5-8-12,5-8-12,5-8-12,5-8-12
5-8-14,5-8-14,5-8-14,5-8-14,5-8-14,5-8-14
5-8-16,5-8-16,5-8-16,5-8-16,5-8-16,5-8-16
5-8-18,5-8-18,5-8-18,5-8-18,5-8-18,5-8-18
5-8-20,5-8-20,5-8-20,5-8-20,5-8-20,5-8-20
5-8-22,5-8-22,5-8-22,5-8-22,5-8-22,5-8-22
5-8-24,5-8-24,5-8-24,5-8-24,5-8-24,5-8-24
5-9-6,5-9-6,5-9-6,5-9-6,5-9-6,5-9-6
5-9-8,5-9-8,5-9-8,5-9-8,5-9-8,5-9-8
5-9-10,5-9-10,5-9-10,5-9-10,5-9-10,5-9-10
5-9-12,5-9-12,5-9-12,5-9-12,5-9-12,5-9-12
5-9-14,5-9-14,5-9-14,5-9-14,5-9-14,5-9-14
5-9-16,5-9-16,5-9-16,5-9-16,5-9-16,5-9-16
5-9-18,5-9-18,5-9-18,5-9-18,5-9-18,5-9-18
5-9-20,5-9-20,5-9-20,5-9-20,5-9-20,5-9-20
5-9-22,5-9-22,5-9-22,5-9-22,5-9-22,5-9-22
5-9-24,5-9-24,5-9-24,5-9-24,5-9-24,5-9-24
5-10-6,5-10-6,5-10-6,5-10-6,5-10-6,5-10-6
5-10-8,5-10-8,5-10-8,5-10-8,5-10-8,5-10-8
5-10-10,5-10-10,5-10-10,5-10-10,5-10-10,5-10-10
5-10-12,5-10-12,5-10-12,5-10-12,5-10-12,5-10-12
5-10-14,5-10-14,5-10-14,5-10-14,5-10-14,5-10-14
5-10-16,5-10-16,5-10-16,5-10-16,5-10-16,5-10-16
5-10-18,5-10-18,5-10-18,5-10-18,5-10-18,5-10-18
5-10-20,5-10-20,5-10-20,5-10-20,5-10-20,5-10-20
5-10-22,5-10-22,5-10-22,5-10-22,5-10-22,5-10-22
5-10-24,5-10-24,5-10-24,5-10-24,5-10-24,5-10-24
6-2-6,6-2-6,6-2-6,6-2-6,6-2-6,6-2-6
6-2-8,6-2-8,6-2-8,6-2-8,6-2-8,6-2-8
6-2-10,6-2-10,6-2-10,6-2-10,6-2-10,6-2-10
6-2-12,6-2-12,6-2-12,6-2-12,6-2-12,6-2-12
6-2-14,6-2-14,6-2-14,6-2-14,6-2-14,6-2-14
6-2-16,6-2-16,6-2-16,6-2-16,6-2-16,6-2-16
6-2-18,6-2-18,6-2-18,6-2-18,6-2-18,6-2-18
6-2-20,6-2-20,6-2-20,6-2-20,6-2-20,6-2-20
6-2-22,6-2-22,6-2-22,6-2-22,6-2-22,6-2-22
6-2-24,6-2-24,6-2-24,6-2-24,6-2-24,6-2-24
6-3-6,6-3-6,6-3-6,6-3-6,6-3-6,6-3-6
6-3-8,6-3-8,6-3-8,6-3-8,6-3-8,6-3-8
6-3-10,6-3-10,6-3-10,6-3-10,6-3-10,6-3-10
6-3-12,6-3-12,6-3-12,6-3-12,6-3-12,6-3-12
6-3-14,6-3-14,6-3-14,6-3-14,6-3-14,6-3-14
6-3-16,6-3-16,6-3-16,6-3-16,6-3-16,6-3-16
6-3-18,6-3-18,6-3-18,6-3-18,6-3-18,6-3-18
6-3-20,6-3-20,6-3-20,6-3-20,6-3-20,6-3-20
6-3-22,6-3-22,6-3-22,6-3-22,6-3-22,6-3-22
6-3-24,6-3-24,6-3-24,6-3-24,6-3-24,6-3-24
6-4-6,6-4-6,6-4-6,6-4-6,6-4-6,6-4-6
6-4-8,6-4-8,6-4-8,6-4-8,6-4-8,6-4-8
6-4-10,6-4-10,6-4-10,6-4-10,6-4-10,6-4-10
6-4-12,6-4-12,6-4-12,6-4-12,6-4-12,6-4-12
6-4-14,6-4-14,6-4-14,6-4-14,6-4-14,6-4-14
6-4-16,6-4-16,6-4-16,6-4-16,6-4-16,6-4-16
6-4-18,6-4-18,6-4-18,6-4-18,6-4-18,6-4-18
6-4-20,6-4-20,6-4-20,6-4-20,6-4-20,6-4-20
6-4-22,6-4-22,6-4-22,6-4-22,6-4-22,6-4-22
6-4-24,6-4-24,6-4-24,6-4-24,6-4-24,6-4-24
6-5-6,6-5-6,6-5-6,6-5-6,6-5-6,6-5-6
6-5-8,6-5-8,6-5-8,6-5-8,6-5-8,6-5-8
6-5-10,6-5-10,6-5-10,6-5-10,6-5-10,6-5-10
6-5-12,6-5-12,6-5-12,6-5-12,6-5-12,6-5-12
6-5-14,6-5-14,6-5-14,6-5-14,6-5-14,6-5-14
6-5-16,6-5-16,6-5-16,6-5-16,6-5-16,6-5-16
6-5-18,6-5-18,6-5-18,6-5-18,6-5-18,6-5-18
6-5-20,6-5-20,6-5-20,6-5-20,6-5-20,6-5-20
6-5-22,6-5-22,6-5-22,6-5-22,6-5-22,6-5-22
6-5-24,6-5-24,6-5-24,6-5-24,6-5-24,6-5-24
6-6-6,6-6-6,6-6-6,6-6-6,6-6-6,6-6-6
6-6-8,6-6-8,6-6-8,6-6-8,6-6-8,6-6-8
6-6-10,6-6-10,6-6-10,6-6-10,6-6-10,6-6-10
6-6-12,6-6-12,6-6-12,6-6-12,6-6-12,6-6-12
6-6-14,6-6-14,6-6-14,6-6-14,6-6-14,6-6-14
6-6-16,6-6-16,6-6-16,6-6-16,6-6-16,6-6-16
6-6-18,6-6-18,6-6-18,6-6-18,6-6-18,6-6-18
6-6-20,6-6-20,6-6-20,6-6-20,6-6-20,6-6-20
6-6-22,6-6-22,6-6-22,6-6-22,6-6-22,6-6-22
6-6-24,6-6-24,6-6-24,6-6-24,6-6-24,6-6-24
6-7-6,6-7-6,6-7-6,6-7-6,6-7-6,6-7-6
6-7-8,6-7-8,6-7-8,6-7-8,6-7-8,6-7-8
6-7-10,6-7-10,6-7-10,6-7-10,6-7-10,6-7-10
6-7-12,6-7-12,6-7-12,6-7-12,6-7-12,6-7-12
6-7-14,6-7-14,6-7-14,6-7-14,6-7-14,6-7-14
6-7-16,6-7-16,6-7-16,6-7-16,6-7-16,6-7-16
6-7-18,6-7-18,6-7-18,6-7-18,6-7-18,6-7-18
6-7-20,6-7-20,6-7-20,6-7-20,6-7-20,6-7-20
6-7-22,6-7-22,6-7-22,6-7-22,6-7-22,6-7-22
6-7-24,6-7-24,6-7-24,6-7-24,6-7-24,6-7-24
6-8-6,6-8-6,6-8-6,6-8-6,6-8-6,6-8-6
6-8-8,6-8-8,6-8-8,6-8-8,6-8-8,6-8-8
6-8-10,6-8-10,6-8-10,6-8-10,6-8-10,6-8-10
6-8-12,6-8-12,6-8-12,6-8-12,6-8-12,6-8-12
6-8-14,6-8-14,6-8-14,6-8-14,6-8-14,6-8-14
6-8-16,6-8-16,6-8-16,6-8-16,6-8-16,6-8-16
6-8-18,6-8-18,6-8-18,6-8-18,6-8-18,6-8-18
6-8-20,6-8-20,6-8-20,6-8-20,6-8-20,6-8-20
6-8-22,6-8-22,6-8-22,6-8-22,6-8-22,6-8-22
6-8-24,6-8-24,6-8-24,6-8-24,6-8-24,6-8-24
6-9-6,6-9-6,6-9-6,6-9-6,6-9-6,6-9-6
6-9-8,6-9-8,6-9-8,6-9-8,6-9-8,6-9-8
6-9-10,6-9-10,6-9-10,6-9-10,6-9-10,6-9-10
6-9-12,6-9-12,6-9-12,6-9-12,6-9-12,6-9-12
6-9-14,6-9-14,6-9-14,6-9-14,6-9-14,6-9-14
6-9-16,6-9-16,6-9-16,6-9-16,6-9-16,6-9-16
6-9-18,6-9-18,6-9-18,6-9-18,6-9-18,6-9-18
6-9-20,6-9-20,6-9-20,6-9-20,6-9-20,6-9-20
6-9-22,6-9-22,6-9-22,6-9-22,6-9-22,6-9-22
6-9-24,6-9-24,6-9-24,6-9-24,6-9-24,6-9-24
6-10-6,6-10-6,6-10-6,6-10-6,6-10-6,6-10-6
6-10-8,6-10-8,6-10-8,6-10-8,6-10-8,6-10-8
6-10-10,6-10-10,6-10-10,6-10-10,6-10-10,6-10-10
6-10-12,6-10-12,6-10-12,6-10-12,6-10-12,6-10-12
6-10-14,6-10-14,6-10-14,6-10-14,6-10-14,6-10-14
6-10-16,6-10-16,6-10-16,6-10-16,6-10-16,6-10-16
6-10-18,6-10-18,6-10-18,6-10-18,6-10-18,6-10-18
6-10-20,6-10-20,6-10-20,6-10-20,6-10-20,6-10-20
6-10-22,6-10-22,6-10-22,6-10-22,6-10-22,6-10-22
6-10-24,6-10-24,6-10-24,6-10-24,6-10-24,6-10-24
7-2-6,7-2-6,7-2-6,7-2-6,7-2-6,7-2-6
7-2-8,7-2-8,7-2-8,7-2-8,7-2-8,7-2-8
7-2-10,7-2-10,7-2-10,7-2-10,7-2-10,7-2-10
7-2-12,7-2-12,7-2-12,7-2-12,7-2-12,7-2-12
7-2-14,7-2-14,7-2-14,7-2-14,7-2-14,7-2-14
7-2-16,7-2-16,7-2-16,7-2-16,7-2-16,7-2-16
7-2-18,7-2-18,7-2-18,7-2-18,7-2-18,7-2-18
7-2-20,7-2-20,7-2-20,7-2-20,7-2-20,7-2-20
7-2-22,7-2-22,7-2-22,7-2-22,7-2-22,7-2-22
7-2-24,7-2-24,7-2-24,7-2-24,7-2-24,7-2-24
7-3-6,7-3-6,7-3-6,7-3-6,7-3-6,7-3-6
7-3-8,7-3-8,7-3-8,7-3-8,7-3-8,7-3-8
7-3-10,7-3-10,7-3-10,7-3-10,7-3-10,7-3-10
7-3-12,7-3-12,7-3-12,7-3-12,7-3-12,7-3-12
7-3-14,7-3-14,7-3-14,7-3-14,7-3-14,7-3-14
7-3-16,7-3-16,7-3-16,7-3-16,7-3-16,7-3-16
7-3-18,7-3-18,7-3-18,7-3-18,7-3-18,7-3-18
7-3-20,7-3-20,7-3-20,7-3-20,7-3-20,7-3-20
7-3-22,7-3-22,7-3-22,7-3-22,7-3-22,7-3-22
7-3-24,7-3-24,7-3-24,7-3-24,7-3-24,7-3-24
7-4-6,7-4-6,7-4-6,7-4-6,7-4-6,7-4-6
7-4-8,7-4-8,7-4-8,7-4-8,7-4-8,7-4-8
7-4-10,7-4-10,7-4-10,7-4-10,7-4-10,7-4-10
7-4-12,7-4-12,7-4-12,7-4-12,7-4-12,7-4-12
7-4-14,7-4-14,7-4-14,7-4-14,7-4-14,7-4-14
7-4-16,7-4-16,7-4-16,7-4-16,7-4-16,7-4-16
7-4-18,7-4-18,7-4-18,7-4-18,7-4-18,7-4-18
7-4-20,7-4-20,7-4-20,7-4-20,7-4-20,7-4-20
7-4-22,7-4-22,7-4-22,7-4-22,7-4-22,7-4-22
7-4-24,7-4-24,7-4-24,7-4-24,7-4-24,7-4-24
7-5-6,7-5-6,7-5-6,7-5-6,7-5-6,7-5-6
7-5-8,7-5-8,7-5-8,7-5-8,7-5-8,7-5-8
7-5-10,7-5-10,7-5-10,7-5-10,7-5-10,7-5-10
7-5-12,7-5-12,7-5-12,7-5-12,7-5-12,7-5-12
7-5-14,7-5-14,7-5-14,7-5-14,7-5-14,7-5-14
7-5-16,7-5-16,7-5-16,7-5-16,7-5-16,7-5-16
7-5-18,7-5-18,7-5-18,7-5-18,7-5-18,7-5-18
7-5-20,7-5-20,7-5-20,7-5-20,7-5-20,7-5-20
7-5-22,7-5-22,7-5-22,7-5-22,7-5-22,7-5-22
7-5-24,7-5-24,7-5-24,7-5-24,7-5-24,7-5-24
7-6-6,7-6-6,7-6-6,7-6-6,7-6-6,7-6-6
7-6-8,7-6-8,7-6-8,7-6-8,7-6-8,7-6-8
7-6-10,7-6-10,7-6-10,7-6-10,7-6-10,7-6-10
7-6-12,7-6-12,7-6-12,7-6-12,7-6-12,7-6-12
7-6-14,7-6-14,7-6-14,7-6-14,7-6-14,7-6-14
7-6-16,7-6-16,7-6-16,7-6-16,7-6-16,7-6-16
7-6-18,7-6-18,7-6-18,7-6-18,7-6-18,7-6-18
7-6-20,7-6-20,7-6-20,7-6-20,7-6-20,7-6-20
7-6-22,7-6-22,7-6-22,7-6-22,7-6-22,7-6-22
7-6-24,7-6-24,7-6-24,7-6-24,7-6-24,7-6-24
7-7-6,7-7-6,7-7-6,7-7-6,7-7-6,7-7-6
7-7-8,7-7-8,7-7-8,7-7-8,7-7-8,7-7-8
7-7-10,7-7-10,7-7-10,7-7-10,7-7-10,7-7-10
7-7-12,7-7-12,7-7-12,7-7-12,7-7-12,7-7-12
7-7-14,7-7-14,7-7-14,7-7-14,7-7-14,7-7-14
7-7-16,7-7-16,7-7-16,7-7-16,7-7-16,7-7-16
7-7-18,7-7-18,7-7-18,7-7-18,7-7-18,7-7-18
7-7-20,7-7-20,7-7-20,7-7-20,7-7-20,7-7-20
7-7-22,7-7-22,7-7-22,7-7-22,7-7-22,7-7-22
7-7-24,7-7-24,7-7-24,7-7-24,7-7-24,7-7-24
7-8-6,7-8-6,7-8-6,7-8-6,7-8-6,7-8-6
7-8-8,7-8-8,7-8-8,7-8-8,7-8-8,7-8-8
7-8-10,7-8-10,7-8-10,7-8-10,7-8-10,7-8-10
7-8-12,7-8-12,7-8-12,7-8-12,7-8-12,7-8-12
7-8-14,7-8-14,7-8-14,7-8-14,7-8-14,7-8-14
7-8-16,7-8-16,7-8-16,7-8-16,7-8-16,7-8-16
7-8-18,7-8-18,7-8-18,7-8-18,7-8-18,7-8-18
7-8-20,7-8-20,7-8-20,7-8-20,7-8-20,7-8-20
7-8-22,7-8-22,7-8-22,7-8-22,7-8-22,7-8-22
7-8-24,7-8-24,7-8-24,7-8-24,7-8-24,7-8-24
7-9-6,7-9-6,7-9-6,7-9-6,7-9-6,7-9-6
7-9-8,7-9-8,7-9-8,7-9-8,7-9-8,7-9-8
7-9-10,7-9-10,7-9-10,7-9-10,7-9-10,7-9-10
7-9-12,7-9-12,7-9-12,7-9-12,7-9-12,7-9-12
7-9-14,7-9-14,7-9-14,7-9-14,7-9-14,7-9-14
7-9-16,7-9-16,7-9-16,7-9-16,7-9-16,7-9-16
7-9-18,7-9-18,7-9-18,7-9-18,7-9-18,7-9-18
7-9-20,7-9-20,7-9-20,7-9-20,7-9-20,7-9-20
7-9-22,7-9-22,7-9-22,7-9-22,7-9-22,7-9-22
7-9-24,7-9-24,7-9-24,7-9-24,7-9-24,7-9-24
7-10-6,7-10-6,7-10-6,7-10-6,7-10-6,7-10-6
7-10-8,7-10-8,7-10-8,7-10-8,7-10-8,7-10-8
7-10-10,7-10-10,7-10-10,7-10-10,7-10-10,7-10-10
7-10-12,7-10-12,7-10-12,7-10-12,7-10-12,7-10-12
7-10-14,7-10-14,7-10-14,7-10-14,7-10-14,7-10-14
7-10-16,7-10-16,7-10-16,7-10-16,7-10-16,7-10-16
7-10-18,7-10-18,7-10-18,7-10-18,7-10-18,7-10-18
7-10-20,7-10-20,7-10-20,7-10-20,7-10-20,7-10-20
7-10-22,7-10-22,7-10-22,7-10-22,7-10-22,7-10-22
7-10-24,7-10-24,7-10-24,7-10-24,7-10-24,7-10-24
8-2-6,8-2-6,8-2-6,8-2-6,8-2-6,8-2-6
8-2-8,8-2-8,8-2-8,8-2-8,8-2-8,8-2-8
8-2-10,8-2-10,8-2-10,8-2-10,8-2-10,8-2-10
8-2-12,8-2-12,8-2-12,8-2-12,8-2-12,8-2-12
8-2-14,8-2-14,8-2-14,8-2-14,8-2-14,8-2-14
8-2-16,8-2-16,8-2-16,8-2-16,8-2-16,8-2-16
8-2-18,8-2-18,8-2-18,8-2-18,8-2-18,8-2-18
8-2-20,8-2-20,8-2-20,8-2-20,8-2-20,8-2-20
8-2-22,8-2-22,8-2-22,8-2-22,8-2-22,8-2-22
8-2-24,8-2-24,8-2-24,8-2-24,8-2-24,8-2-24
8-3-6,8-3-6,8-3-6,8-3-6,8-3-6,8-3-6
8-3-8,8-3-8,8-3-8,8-3-8,8-3-8,8-3-8
8-3-10,8-3-10,8-3-10,8-3-10,8-3-10,8-3-10
8-3-12,8-3-12,8-3-12,8-3-12,8-3-12,8-3-12
8-3-14,8-3-14,8-3-14,8-3-14,8-3-14,8-3-14
8-3-16,8-3-16,8-3-16,8-3-16,8-3-16,8-3-16
8-3-18,8-3-18,8-3-18,8-3-18,8-3-18,8-3-18
8-3-20,8-3-20,8-3-20,8-3-20,8-3-20,8-3-20
8-3-22,8-3-22,8-3-22,8-3-22,8-3-22,8-3-22
8-3-24,8-3-24,8-3-24,8-3-24,8-3-24,8-3-24
8-4-6,8-4-6,8-4-6,8-4-6,8-4-6,8-4-6
8-4-8,8-4-8,8-4-8,8-4-8,8-4-8,8-4-8
8-4-10,8-4-10,8-4-10,8-4-10,8-4-10,8-4-10
8-4-12,8-4-12,8-4-12,8-4-12,8-4-12,8-4-12
8-4-14,8-4-14,8-4-14,8-4-14,8-4-14,8-4-14
8-4-16,8-4-16,8-4-16,8-4-16,8-4-16,8-4-16
8-4-18,8-4-18,8-4-18,8-4-18,8-4-18,8-4-18
8-4-20,8-4-20,8-4-20,8-4-20,8-4-20,8-4-20
8-4-22,8-4-22,8-4-22,8-4-22,8-4-22,8-4-22
8-4-24,8-4-24,8-4-24,8-4-24,8-4-24,8-4-24
8-5-6,8-5-6,8-5-6,8-5-6,8-5-6,8-5-6
8-5-8,8-5-8,8-5-8,8-5-8,8-5-8,8-5-8
8-5-10,8-5-10,8-5-10,8-5-10,8-5-10,8-5-10
8-5-12,8-5-12,8-5-12,8-5-12,8-5-12,8-5-12
8-5-14,8-5-14,8-5-14,8-5-14,8-5-14,8-5-14
8-5-16,8-5-16,8-5-16,8-5-16,8-5-16,8-5-16
8-5-18,8-5-18,8-5-18,8-5-18,8-5-18,8-5-18
8-5-20,8-5-20,8-5-20,8-5-20,8-5-20,8-5-20
8-5-22,8-5-22,8-5-22,8-5-22,8-5-22,8-5-22
8-5-24,8-5-24,8-5-24,8-5-24,8-5-24,8-5-24
8-6-6,8-6-6,8-6-6,8-6-6,8-6-6,8-6-6
8-6-8,8-6-8,8-6-8,8-6-8,8-6-8,8-6-8
8-6-10,8-6-10,8-6-10,8-6-10,8-6-10,8-6-10
8-6-12,8-6-12,8-6-12,8-6-12,8-6-12,8-6-12
8-6-14,8-6-14,8-6-14,8-6-14,8-6-14,8-6-14
8-6-16,8-6-16,8-6-16,8-6-16,8-6-16,8-6-16
8-6-18,8-6-18,8-6-18,8-6-18,8-6-18,8-6-18
8-6-20,8-6-20,8-6-20,8-6-20,8-6-20,8-6-20
8-6-22,8-6-22,8-6-22,8-6-22,8-6-22,8-6-22
8-6-24,8-6-24,8-6-24,8-6-24,8-6-24,8-6-24
8-7-6,8-7-6,8-7-6,8-7-6,8-7-6,8-7-6
8-7-8,8-7-8,8-7-8,8-7-8,8-7-8,8-7-8
8-7-10,8-7-10,8-7-10,8-7-10,8-7-10,8-7-10
8-7-12,8-7-12,8-7-12,8-7-12,8-7-12,8-7-12
8-7-14,8-7-14,8-7-14,8-7-14,8-7-14,8-7-14
8-7-16,8-7-16,8-7-16,8-7-16,8-7-16,8-7-16
8-7-18,8-7-18,8-7-18,8-7-18,8-7-18,8-7-18
8-7-20,8-7-20,8-7-20,8-7-20,8-7-20,8-7-20
8-7-22,8-7-22,8-7-22,8-7-22,8-7-22,8-7-22
8-7-24,8-7-24,8-7-24,8-7-24,8-7-24,8-7-24
8-8-6,8-8-6,8-8-6,8-8-6,8-8-6,8-8-6
8-8-8,8-8-8,8-8-8,8-8-8,8-8-8,8-8-8
8-8-10,8-8-10,8-8-10,8-8-10,8-8-10,8-8-10
8-8-12,8-8-12,8-8-12,8-8-12,8-8-12,8-8-12
8-8-14,8-8-14,8-8-14,8-8-14,8-8-14,8-8-14
8-8-16,8-8-16,8-8-16,8-8-16,8-8-16,8-8-16
8-8-18,8-8-18,8-8-18,8-8-18,8-8-18,8-8-18
8-8-20,8-8-20,8-8-20,8-8-20,8-8-20,8-8-20
8-8-22,8-8-22,8-8-22,8-8-22,8-8-22,8-8-22
8-8-24,8-8-24,8-8-24,8-8-24,8-8-24,8-8-24
8-9-6,8-9-6,8-9-6,8-9-6,8-9-6,8-9-6
8-9-8,8-9-8,8-9-8,8-9-8,8-9-8,8-9-8
8-9-10,8-9-10,8-9-10,8-9-10,8-9-10,8-9-10
8-9-12,8-9-12,8-9-12,8-9-12,8-9-12,8-9-12
8-9-14,8-9-14,8-9-14,8-9-14,8-9-14,8-9-14
8-9-16,8-9-16,8-9-16,8-9-16,8-9-16,8-9-16
8-9-18,8-9-18,8-9-18,8-9-18,8-9-18,8-9-18
8-9-20,8-9-20,8-9-20,8-9-20,8-9-20,8-9-20
8-9-22,8-9-22,8-9-22,8-9-22,8-9-22,8-9-22
8-9-24,8-9-24,8-9-24,8-9-24,8-9-24,8-9-24
8-10-6,8-10-6,8-10-6,8-10-6,8-10-6,8-10-6
8-10-8,8-10-8,8-10-8,8-10-8,8-10-8,8-10-8
8-10-10,8-10-10,8-10-10,8-10-10,8-10-10,8-10-10
8-10-12,8-10-12,8-10-12,8-10-12,8-10-12,8-10-12
8-10-14,8-10-14,8-10-14,8-10-14,8-10-14,8-10-14
8-10-16,8-10-16,8-10-16,8-10-16,8-10-16,8-10-16
8-10-18,8-10-18,8-10-18,8-10-18,8-10-18,8-10-18
8-10-20,8-10-20,8-10-20,8-10-20,8-10-20,8-10-20
8-10-22,8-10-22,8-10-22,8-10-22,8-10-22,8-10-22
8-10-24,8-10-24,8-10-24,8-10-24,8-10-24,8-10-24
9-2-6,9-2-6,9-2-6,9-2-6,9-2-6,9-2-6
9-2-8,9-2-8,9-2-8,9-2-8,9-2-8,9-2-8
9-2-10,9-2-10,9-2-10,9-2-10,9-2-10,9-2-10
9-2-12,9-2-12,9-2-12,9-2-12,9-2-12,9-2-12
9-2-14,9-2-14,9-2-14,9-2-14,9-2-14,9-2-14
9-2-16,9-2-16,9-2-16,9-2-16,9-2-16,9-2-16
9-2-18,9-2-18,9-2-18,9-2-18,9-2-18,9-2-18
9-2-20,9-2-20,9-2-20,9-2-20,9-2-20,9-2-20
9-2-22,9-2-22,9-2-22,9-2-22,9-2-22,9-2-22
9-2-24,9-2-24,9-2-24,9-2-24,9-2-24,9-2-24
9-3-6,9-3-6,9-3-6,9-3-6,9-3-6,9-3-6
9-3-8,9-3-8,9-3-8,9-3-8,9-3-8,9-3-8
9-3-10,9-3-10,9-3-10,9-3-10,9-3-10,9-3-10
9-3-12,9-3-12,9-3-12,9-3-12,9-3-12,9-3-12
9-3-14,9-3-14,9-3-14,9-3-14,9-3-14,9-3-14
9-3-16,9-3-16,9-3-16,9-3-16,9-3-16,9-3-16
9-3-18,9-3-18,9-3-18,9-3-18,9-3-18,9-3-18
9-3-20,9-3-20,9-3-20,9-3-20,9-3-20,9-3-20
9-3-22,9-3-22,9-3-22,9-3-22,9-3-22,9-3-22
9-3-24,9-3-24,9-3-24,9-3-24,9-3-24,9-3-24
9-4-6,9-4-6,9-4-6,9-4-6,9-4-6,9-4-6
9-4-8,9-4-8,9-4-8,9-4-8,9-4-8,9-4-8
9-4-10,9-4-10,9-4-10,9-4-10,9-4-10,9-4-10
9-4-12,9-4-12,9-4-12,9-4-12,9-4-12,9-4-12
9-4-14,9-4-14,9-4-14,9-4-14,9-4-14,9-4-14
9-4-16,9-4-16,9-4-16,9-4-16,9-4-16,9-4-16
9-4-18,9-4-18,9-4-18,9-4-18,9-4-18,9-4-18
9-4-20,9-4-20,9-4-20,9-4-20,9-4-20,9-4-20
9-4-22,9-4-22,9-4-22,9-4-22,9-4-22,9-4-22
9-4-24,9-4-24,9-4-24,9-4-24,9-4-24,9-4-24
9-5-6,9-5-6,9-5-6,9-5-6,9-5-6,9-5-6
9-5-8,9-5-8,9-5-8,9-5-8,9-5-8,9-5-8
9-5-10,9-5-10,9-5-10,9-5-10,9-5-10,9-5-10
9-5-12,9-5-12,9-5-12,9-5-12,9-5-12,9-5-12
9-5-14,9-5-14,9-5-14,9-5-14,9-5-14,9-5-14
9-5-16,9-5-16,9-5-16,9-5-16,9-5-16,9-5-16
9-5-18,9-5-18,9-5-18,9-5-18,9-5-18,9-5-18
9-5-20,9-5-20,9-5-20,9-5-20,9-5-20,9-5-20
9-5-22,9-5-22,9-5-22,9-5-22,9-5-22,9-5-22
9-5-24,9-5-24,9-5-24,9-5-24,9-5-24,9-5-24
9-6-6,9-6-6,9-6-6,9-6-6,9-6-6,9-6-6
9-6-8,9-6-8,9-6-8,9-6-8,9-6-8,9-6-8
9-6-10,9-6-10,9-6-10,9-6-10,9-6-10,9-6-10
9-6-12,9-6-12,9-6-12,9-6-12,9-6-12,9-6-12
9-6-14,9-6-14,9-6-14,9-6-14,9-6-14,9-6-14
9-6-16,9-6-16,9-6-16,9-6-16,9-6-16,9-6-16
9-6-18,9-6-18,9-6-18,9-6-18,9-6-18,9-6-18
9-6-20,9-6-20,9-6-20,9-6-20,9-6-20,9-6-20
9-6-22,9-6-22,9-6-22,9-6-22,9-6-22,9-6-22
9-6-24,9-6-24,9-6-24,9-6-24,9-6-24,9-6-24
9-7-6,9-7-6,9-7-6,9-7-6,9-7-6,9-7-6
9-7-8,9-7-8,9-7-8,9-7-8,9-7-8,9-7-8
9-7-10,9-7-10,9-7-10,9-7-10,9-7-10,9-7-10
9-7-12,9-7-12,9-7-12,9-7-12,9-7-12,9-7-12
9-7-14,9-7-14,9-7-14,9-7-14,9-7-14,9-7-14
9-7-16,9-7-16,9-7-16,9-7-16,9-7-16,9-7-16
9-7-18,9-7-18,9-7-18,9-7-18,9-7-18,9-7-18
9-7-20,9-7-20,9-7-20,9-7-20,9-7-20,9-7-20
9-7-22,9-7-22,9-7-22,9-7-22,9-7-22,9-7-22
9-7-24,9-7-24,9-7-24,9-7-24,9-7-24,9-7-24
9-8-6,9-8-6,9-8-6,9-8-6,9-8-6,9-8-6
9-8-8,9-8-8,9-8-8,9-8-8,9-8-8,9-8-8
9-8-10,9-8-10,9-8-10,9-8-10,9-8-10,9-8-10
9-8-12,9-8-12,9-8-12,9-8-12,9-8-12,9-8-12
9-8-14,9-8-14,9-8-14,9-8-14,9-8-14,9-8-14
9-8-16,9-8-16,9-8-16,9-8-16,9-8-16,9-8-16
9-8-18,9-8-18,9-8-18,9-8-18,9-8-18,9-8-18
9-8-20,9-8-20,9-8-20,9-8-20,9-8-20,9-8-20
9-8-22,9-8-22,9-8-22,9-8-22,9-8-22,9-8-22
9-8-24,9-8-24,9-8-24,9-8-24,9-8-24,9-8-24
9-9-6,9-9-6,9-9-6,9-9-6,9-9-6,9-9-6
9-9-8,9-9-8,9-9-8,9-9-8,9-9-8,9-9-8
9-9-10,9-9-10,9-9-10,9-9-10,9-9-10,9-9-10
9-9-12,9-9-12,9-9-12,9-9-12,9-9-12,9-9-12
9-9-14,9-9-14,9-9-14,9-9-14,9-9-14,9-9-14
9-9-16,9-9-16,9-9-16,9-9-16,9-9-16,9-9-16
9-9-18,9-9-18,9-9-18,9-9-18,9-9-18,9-9-18
9-9-20,9-9-20,9-9-20,9-9-20,9-9-20,9-9-20
9-9-22,9-9-22,9-9-22,9-9-22,9-9-22,9-9-22
9-9-24,9-9-24,9-9-24,9-9-24,9-9-24,9-9-24
9-10-6,9-10-6,9-10-6,9-10-6,9-10-6,9-10-6
9-10-8,9-10-8,9-10-8,9-10-8,9-10-8,9-10-8
9-10-10,9-10-10,9-10-10,9-10-10,9-10-10,9-10-10
9-10-12,9-10-12,9-10-12,9-10-12,9-10-12,9-10-12
9-10-14,9-10-14,9-10-14,9-10-14,9-10-14,9-10-14
9-10-16,9-10-16,9-10-16,9-10-16,9-10-16,9-10-16
9-10-18,9-10-18,9-10-18,9-10-18,9-10-18,9-10-18
9-10-20,9-10-20,9-10-20,9-10-20,9-10-20,9-10-20
9-10-22,9-10-22,9-10-22,9-10-22,9-10-22,9-10-22
9-10-24,9-10-24,9-10-24,9-10-24,9-10-24,9-10-24
10-2-6,10-2-6,10-2-6,10-2-6,10-2-6,10-2-6
10-2-8,10-2-8,10-2-8,10-2-8,10-2-8,10-2-8
10-2-10,10-2-10,10-2-10,10-2-10,10-2-10,10-2-10
10-2-12,10-2-12,10-2-12,10-2-12,10-2-12,10-2-12
10-2-14,10-2-14,10-2-14,10-2-14,10-2-14,10-2-14
10-2-16,10-2-16,10-2-16,10-2-16,10-2-16,10-2-16
10-2-18,10-2-18,10-2-18,10-2-18,10-2-18,10-2-18
10-2-20,10-2-20,10-2-20,10-2-20,10-2-20,10-2-20
10-2-22,10-2-22,10-2-22,10-2-22,10-2-22,10-2-22
10-2-24,10-2-24,10-2-24,10-2-24,10-2-24,10-2-24
10-3-6,10-3-6,10-3-6,10-3-6,10-3-6,10-3-6
10-3-8,10-3-8,10-3-8,10-3-8,10-3-8,10-3-8
10-3-10,10-3-10,10-3-10,10-3-10,10-3-10,10-3-10
10-3-12,10-3-12,10-3-12,10-3-12,10-3-12,10-3-12
10-3-14,10-3-14,10-3-14,10-3-14,10-3-14,10-3-14
10-3-16,10-3-16,10-3-16,10-3-16,10-3-16,10-3-16
10-3-18,10-3-18,10-3-18,10-3-18,10-3-18,10-3-18
10-3-20,10-3-20,10-3-20,10-3-20,10-3-20,10-3-20
10-3-22,10-3-22,10-3-22,10-3-22,10-3-22,10-3-22
10-3-24,10-3-24,10-3-24,10-3-24,10-3-24,10-3-24
10-4-6,10-4-6,10-4-6,10-4-6,10-4-6,10-4-6
10-4-8,10-4-8,10-4-8,10-4-8,10-4-8,10-4-8
10-4-10,10-4-10,10-4-10,10-4-10,10-4-10,10-4-10
10-4-12,10-4-12,10-4-12,10-4-12,10-4-12,10-4-12
10-4-14,10-4-14,10-4-14,10-4-14,10-4-14,10-4-14
10-4-16,10-4-16,10-4-16,10-4-16,10-4-16,10-4-16
10-4-18,10-4-18,10-4-18,10-4-18,10-4-18,10-4-18
10-4-20,10-4-20,10-4-20,10-4-20,10-4-20,10-4-20
10-4-22,10-4-22,10-4-22,10-4-22,10-4-22,10-4-22
10-4-24,10-4-24,10-4-24,10-4-24,10-4-24,10-4-24
10-5-6,10-5-6,10-5-6,10-5-6,10-5-6,10-5-6
10-5-8,10-5-8,10-5-8,10-5-8,10-5-8,10-5-8
10-5-10,10-5-10,10-5-10,10-5-10,10-5-10,10-5-10
10-5-12,10-5-12,10-5-12,10-5-12,10-5-12,10-5-12
10-5-14,10-5-14,10-5-14,10-5-14,10-5-14,10-5-14
10-5-16,10-5-16,10-5-16,10-5-16,10-5-16,10-5-16
10-5-18,10-5-18,10-5-18,10-5-18,10-5-18,10-5-18
10-5-20,10-5-20,10-5-20,10-5-20,10-5-20,10-5-20
10-5-22,10-5-22,10-5-22,10-5-22,10-5-22,10-5-22
10-5-24,10-5-24,10-5-24,10-5-24,10-5-24,10-5-24
10-6-6,10-6-6,10-6-6,10-6-6,10-6-6,10-6-6
10-6-8,10-6-8,10-6-8,10-6-8,10-6-8,10-6-8
10-6-10,10-6-10,10-6-10,10-6-10,10-6-10,10-6-10
10-6-12,10-6-12,10-6-12,10-6-12,10-6-12,10-6-12
10-6-14,10-6-14,10-6-14,10-6-14,10-6-14,10-6-14
10-6-16,10-6-16,10-6-16,10-6-16,10-6-16,10-6-16
10-6-18,10-6-18,10-6-18,10-6-18,10-6-18,10-6-18
10-6-20,10-6-20,10-6-20,10-6-20,10-6-20,10-6-20
10-6-22,10-6-22,10-6-22,10-6-22,10-6-22,10-6-22
10-6-24,10-6-24,10-6-24,10-6-24,10-6-24,10-6-24
10-7-6,10-7-6,10-7-6,10-7-6,10-7-6,10-7-6
10-7-8,10-7-8,10-7-8,10-7-8,10-7-8,10-7-8
10-7-10,10-7-10,10-7-10,10-7-10,10-7-10,10-7-10
10-7-12,10-7-12,10-7-12,10-7-12,10-7-12,10-7-12
10-7-14,10-7-14,10-7-14,10-7-14,10-7-14,10-7-14
10-7-16,10-7-16,10-7-16,10-7-16,10-7-16,10-7-16
10-7-18,10-7-18,10-7-18,10-7-18,10-7-18,10-7-18
10-7-20,10-7-20,10-7-20,10-7-20,10-7-20,10-7-20
10-7-22,10-7-22,10-7-22,10-7-22,10-7-22,10-7-22
10-7-24,10-7-24,10-7-24,10-7-24,10-7-24,10-7-24
10-8-6,10-8-6,10-8-6,10-8-6,10-8-6,10-8-6
10-8-8,10-8-8,10-8-8,10-8-8,10-8-8,10-8-8
10-8-10,10-8-10,10-8-10,10-8-10,10-8-10,10-8-10
10-8-12,10-8-12,10-8-12,10-8-12,10-8-12,10-8-12
10-8-14,10-8-14,10-8-14,10-8-14,10-8-14,10-8-14
10-8-16,10-8-16,10-8-16,10-8-16,10-8-16,10-8-16
10-8-18,10-8-18,10-8-18,10-8-18,10-8-18,10-8-18
10-8-20,10-8-20,10-8-20,10-8-20,10-8-20,10-8-20
10-8-22,10-8-22,10-8-22,10-8-22,10-8-22,10-8-22
10-8-24,10-8-24,10-8-24,10-8-24,10-8-24,10-8-24
10-9-6,10-9-6,10-9-6,10-9-6,10-9-6,10-9-6
10-9-8,10-9-8,10-9-8,10-9-8,10-9-8,10-9-8
10-9-10,10-9-10,10-9-10,10-9-10,10-9-10,10-9-10
10-9-12,10-9-12,10-9-12,10-9-12,10-9-12,10-9-12
10-9-14,10-9-14,10-9-14,10-9-14,10-9-14,10-9-14
10-9-16,10-9-16,10-9-16,10-9-16,10-9-16,10-9-16
10-9-18,10-9-18,10-9-18,10-9-18,10-9-18,10-9-18
10-9-20,10-9-20,10-9-20,10-9-20,10-9-20,10-9-20
10-9-22,10-9-22,10-9-22,10-9-22,10-9-22,10-9-22
10-9-24,10-9-24,10-9-24,10-9-24,10-9-24,10-9-24
10-10-6,10-10-6,10-10-6,10-10-6,10-10-6,10-10-6
10-10-8,10-10-8,10-10-8,10-10-8,10-10-8,10-10-8
10-10-10,10-10-10,10-10-10,10-10-10,10-10-10,10-10-10
10-10-12,10-10-12,10-10-12,10-10-12,10-10-12,10-10-12
10-10-14,10-10-14,10-10-14,10-10-14,10-10-14,10-10-14
10-10-16,10-10-16,10-10-16,10-10-16,10-10-16,10-10-16
10-10-18,10-10-18,10-10-18,10-10-18,10-10-18,10-10-18
10-10-20,10-10-20,10-10-20,10-10-20,10-10-20,10-10-20
10-10-22,10-10-22,10-10-22,10-10-22,10-10-22,10-10-22
10-10-24,10-10-24,10-10-24,10-10-24,10-10-24,10-10-24
