average,BTC/USD,ETH/USD,ETH/BTC,LTC/BTC,EOS/BTC,XRP/BTC,mean,Profit before fees,0,1,2,3,4,total_trades,Fees (%),% paid in fees,Profit after fees,Loss rate
"[13, 15, 200]",0.8674,1.8429,0.2823,0.7028,1.585,2.1504,1.2385,743.1%,534,621,305,96,333,1889,377.8%,50.8%,365.28%,39.4%
"[13, 15, 233]",0.944,1.7381,0.2418,0.6608,1.6107,1.951,1.1911,714.6%,530,611,300,94,326,1861,372.2%,52.1%,342.43%,39.8%
"[13, 15, 150]",0.7204,1.9951,0.2321,0.6229,1.3847,2.1563,1.1853,711.2%,536,645,309,92,330,1912,382.4%,53.8%,328.75%,39.0%
"[13, 15, 144]",0.7049,2.1035,0.2197,0.5503,1.3535,2.1383,1.1784,707.0%,541,646,310,93,332,1922,384.4%,54.4%,322.63%,39.2%
"[21, 25, 200]",0.6184,0.6238,0.3588,0.6117,1.2177,1.9598,0.8984,539.0%,297,375,192,69,190,1123,224.6%,41.7%,314.41%,36.0%
"[21, 25, 233]",0.565,0.5891,0.3998,0.7255,1.2016,1.8893,0.895,537.0%,296,375,192,70,189,1122,224.4%,41.8%,312.63%,35.8%
"[21, 30, 50]",0.7439,0.4755,0.3419,0.262,1.0167,1.3324,0.6954,417.3%,141,240,117,33,120,651,130.2%,31.2%,287.05%,27.6%
"[21, 30, 55]",0.7207,0.5118,0.3326,0.3162,1.0204,1.2793,0.6968,418.1%,154,245,123,37,124,683,136.6%,32.7%,281.50%,29.1%
"[10, 13, 200]",0.5193,1.3249,0.5793,0.5007,1.7718,1.9133,1.1015,660.9%,535,639,301,111,316,1902,380.4%,57.6%,280.52%,39.1%
"[21, 25, 55]",0.3907,0.3805,0.47,0.4802,1.3016,1.7998,0.8038,482.3%,281,348,180,64,178,1051,210.2%,43.6%,272.09%,36.5%
"[10, 13, 144]",0.3884,1.6956,0.5854,0.3745,1.6973,1.8354,1.0961,657.7%,541,649,313,110,319,1932,386.4%,58.8%,271.26%,38.9%
"[21, 25, 144]",0.4558,0.6242,0.3331,0.61,1.1348,1.8148,0.8288,497.3%,306,381,190,67,187,1131,226.2%,45.5%,271.06%,37.1%
"[21, 25, 150]",0.4506,0.6238,0.2948,0.5948,1.1861,1.8161,0.8277,496.6%,307,381,189,65,187,1129,225.8%,45.5%,270.82%,37.3%
"[21, 25, 60]",0.3647,0.4686,0.4124,0.482,1.2525,1.8352,0.8025,481.5%,287,351,180,64,182,1064,212.8%,44.2%,268.73%,36.9%
"[13, 15, 60]",0.7311,1.685,0.116,0.5275,1.5847,2.019,1.1105,666.3%,556,673,330,99,331,1989,397.8%,59.7%,268.53%,38.8%
"[10, 13, 233]",0.5856,1.2332,0.5496,0.4467,1.7432,1.8924,1.0751,645.1%,529,633,306,110,308,1886,377.2%,58.5%,267.86%,39.0%
"[10, 13, 150]",0.3625,1.6534,0.5935,0.4442,1.6464,1.8425,1.0904,654.3%,543,649,314,109,318,1933,386.6%,59.1%,267.65%,39.1%
"[21, 25, 100]",0.4331,0.6584,0.3279,0.5536,1.0802,1.8216,0.8125,487.5%,301,369,188,66,186,1110,222.0%,45.5%,265.48%,37.2%
"[13, 15, 55]",0.6942,1.7287,0.1335,0.5433,1.6414,1.858,1.0999,659.9%,550,667,334,100,327,1978,395.6%,59.9%,264.33%,38.5%
"[21, 30, 60]",0.722,0.4635,0.2704,0.3212,0.9624,1.2749,0.6691,401.4%,157,252,123,38,122,692,138.4%,34.5%,263.03%,29.3%
"[8, 13, 144]",0.8025,1.6146,0.574,0.4496,1.0108,1.3721,0.9706,582.4%,448,533,253,93,275,1602,320.4%,55.0%,261.96%,38.8%
"[13, 15, 100]",0.6097,1.786,0.2672,0.544,1.2794,2.0184,1.0841,650.5%,552,652,320,95,325,1944,388.8%,59.8%,261.67%,39.7%
"[8, 13, 200]",0.8878,1.317,0.6341,0.5341,1.0488,1.3787,0.9668,580.1%,448,538,243,95,273,1597,319.4%,55.1%,260.65%,39.0%
"[21, 25, 50]",0.3591,0.2076,0.4425,0.5423,1.3008,1.8219,0.779,467.4%,280,345,175,62,175,1037,207.4%,44.4%,260.00%,37.0%
"[21, 30, 200]",0.6256,0.5517,0.2172,0.4032,0.9764,1.4245,0.6998,419.9%,198,276,151,42,137,804,160.8%,38.3%,259.07%,32.7%
"[15, 21, 60]",0.3994,0.9647,0.435,0.4382,1.1904,1.1702,0.7663,459.8%,267,351,172,62,169,1021,204.2%,44.4%,255.61%,35.4%
"[21, 30, 150]",0.6654,0.5733,0.2602,0.3811,0.9178,1.321,0.6865,411.9%,192,270,151,37,137,787,157.4%,38.2%,254.48%,32.3%
"[10, 30, 233]",0.8716,0.4965,0.1652,0.5071,0.8924,1.0447,0.6629,397.8%,171,247,128,47,125,718,143.6%,36.1%,254.15%,31.3%
"[8, 13, 150]",0.7971,1.5836,0.551,0.4984,0.9231,1.3883,0.9569,574.2%,450,535,250,94,274,1603,320.6%,55.8%,253.56%,39.0%
"[8, 25, 50]",0.8242,1.1855,0.4522,0.0675,0.5848,0.7752,0.6482,388.9%,160,232,120,40,128,680,136.0%,35.0%,252.94%,30.8%
"[21, 25, 75]",0.4667,0.4051,0.3846,0.5,1.1774,1.776,0.785,471.0%,297,358,186,64,186,1091,218.2%,46.3%,252.78%,37.4%
"[21, 30, 233]",0.6709,0.4574,0.2036,0.4007,1.0589,1.3407,0.6887,413.2%,200,276,150,42,135,803,160.6%,38.9%,252.62%,33.2%
"[13, 15, 75]",0.5894,1.7345,0.1756,0.6171,1.3764,1.977,1.0783,647.0%,554,663,329,101,325,1972,394.4%,61.0%,252.59%,39.1%
"[13, 15, 89]",0.6008,1.8261,0.2012,0.5913,1.263,1.9691,1.0752,645.1%,556,657,324,100,326,1963,392.6%,60.9%,252.54%,39.5%
"[21, 30, 100]",0.7819,0.5985,0.1236,0.372,0.8714,1.274,0.6702,402.1%,181,260,138,38,132,749,149.8%,37.3%,252.33%,31.9%
"[13, 30, 233]",0.5548,0.4022,0.1842,0.4097,1.2658,1.0832,0.65,390.0%,163,236,127,43,123,692,138.4%,35.5%,251.59%,30.8%
"[15, 30, 233]",0.6424,0.6244,0.0151,0.3351,1.2336,1.0494,0.65,390.0%,168,234,130,43,122,697,139.4%,35.7%,250.60%,31.8%
"[21, 25, 89]",0.4737,0.4682,0.3009,0.5433,1.1487,1.7667,0.7836,470.2%,300,364,185,64,185,1098,219.6%,46.7%,250.56%,37.6%
"[10, 15, 200]",0.6993,0.9365,0.2613,0.1343,1.4835,1.964,0.9132,547.9%,400,500,262,83,246,1491,298.2%,54.4%,249.69%,36.7%
"[13, 15, 50]",0.6981,1.6761,0.1223,0.4765,1.6173,1.8016,1.0653,639.2%,547,656,337,103,321,1964,392.8%,61.5%,246.38%,38.6%
"[15, 30, 200]",0.565,0.7039,0.0126,0.336,1.1336,1.1097,0.6435,386.1%,171,232,130,44,122,699,139.8%,36.2%,246.29%,32.4%
"[15, 21, 55]",0.3985,0.9149,0.4416,0.3987,1.2369,1.0781,0.7448,446.9%,267,343,172,62,165,1009,201.8%,45.2%,245.07%,36.0%
"[13, 30, 200]",0.4806,0.4821,0.1817,0.4106,1.1408,1.1378,0.6389,383.4%,167,232,127,43,123,692,138.4%,36.1%,244.96%,31.8%
"[10, 13, 75]",0.3676,1.2154,0.5381,0.3875,2.087,1.7848,1.0634,638.1%,550,664,319,119,319,1971,394.2%,61.8%,243.85%,38.7%
"[10, 30, 200]",0.7974,0.5726,0.145,0.508,0.7556,1.0935,0.6453,387.2%,177,241,128,47,125,718,143.6%,37.1%,243.61%,32.7%
"[15, 21, 40]",0.2309,0.6431,0.4039,0.4508,1.3255,1.2332,0.7146,428.7%,243,318,151,56,158,926,185.2%,43.2%,243.54%,35.6%
"[21, 30, 144]",0.696,0.5017,0.1986,0.3475,0.9162,1.3261,0.6644,398.6%,191,270,151,37,134,783,156.6%,39.3%,242.01%,32.3%
"[8, 13, 233]",0.9431,1.1557,0.6046,0.4854,1.0757,1.3193,0.9306,558.4%,449,536,249,95,266,1595,319.0%,57.1%,239.37%,39.2%
"[10, 13, 60]",0.3185,1.2749,0.5538,0.3641,2.1151,1.6981,1.0541,632.5%,546,673,322,117,315,1973,394.6%,62.4%,237.87%,38.3%
"[10, 15, 233]",0.7989,0.8152,0.2661,0.1161,1.5466,1.8006,0.8906,534.3%,399,500,266,82,242,1489,297.8%,55.7%,236.54%,36.6%
"[21, 30, 75]",0.7895,0.4656,0.1867,0.2694,0.8657,1.2285,0.6342,380.5%,176,259,127,37,128,727,145.4%,38.2%,235.13%,31.9%
"[8, 30, 233]",0.9596,0.2948,0.1399,0.5939,0.8225,1.0264,0.6395,383.7%,194,254,123,50,134,755,151.0%,39.4%,232.71%,34.6%
"[15, 21, 50]",0.277,0.7557,0.3891,0.4517,1.2653,1.1548,0.7156,429.4%,259,341,169,59,160,988,197.6%,46.0%,231.76%,35.5%
"[10, 15, 144]",0.5579,1.2725,0.239,0.0951,1.2521,1.9095,0.8877,532.6%,402,511,266,79,247,1505,301.0%,56.5%,231.61%,36.4%
"[15, 21, 75]",0.3395,0.9845,0.3669,0.3484,1.0365,1.2739,0.725,435.0%,271,345,177,65,167,1025,205.0%,47.1%,229.98%,35.9%
"[8, 25, 55]",0.8298,1.1855,0.2994,0.0721,0.5368,0.7574,0.6135,368.1%,168,242,121,41,127,699,139.8%,38.0%,228.30%,31.6%
"[21, 30, 89]",0.7642,0.3909,0.1226,0.3247,0.8934,1.2649,0.6268,376.1%,183,261,133,37,129,743,148.6%,39.5%,227.47%,32.7%
"[10, 13, 55]",0.2933,1.1898,0.5649,0.343,2.1832,1.6305,1.0341,620.5%,545,667,326,117,312,1967,393.4%,63.4%,227.06%,38.3%
"[10, 15, 150]",0.5574,1.1231,0.2389,0.1529,1.2783,1.9072,0.8763,525.8%,401,507,266,78,245,1497,299.4%,56.9%,226.38%,36.6%
"[10, 13, 100]",0.4251,1.4452,0.5202,0.3338,1.6581,1.7741,1.0261,615.7%,550,659,315,114,317,1955,391.0%,63.5%,224.65%,39.1%
"[8, 25, 60]",0.8214,1.2192,0.2854,0.0723,0.4847,0.7749,0.6096,365.8%,169,247,122,41,128,707,141.4%,38.7%,224.37%,31.4%
"[8, 30, 200]",0.8859,0.3825,0.1197,0.5948,0.6898,1.0834,0.626,375.6%,199,250,124,50,134,757,151.4%,40.3%,224.22%,35.7%
"[5, 13, 200]",1.02,1.2491,0.2385,0.361,1.0293,1.4355,0.8889,533.3%,435,516,246,88,261,1546,309.2%,58.0%,224.14%,39.2%
"[10, 13, 89]",0.4649,1.4259,0.4676,0.3226,1.764,1.7039,1.0248,614.9%,554,655,318,116,318,1961,392.2%,63.8%,222.69%,39.4%
"[13, 30, 150]",0.3589,0.4929,0.2136,0.3941,1.0193,1.0809,0.5933,356.0%,165,221,122,40,119,667,133.4%,37.5%,222.57%,32.9%
"[13, 15, 34]",0.54,1.6851,0.075,0.5438,1.5326,1.501,0.9796,587.7%,515,594,319,100,299,1827,365.4%,62.2%,222.34%,39.3%
"[5, 13, 144]",0.8904,1.5324,0.2307,0.2838,0.9763,1.412,0.8876,532.6%,435,518,254,86,262,1555,311.0%,58.4%,221.55%,38.8%
"[21, 25, 40]",0.2471,-0.0827,0.3431,0.5697,1.2391,1.7804,0.6828,409.7%,257,311,162,54,157,941,188.2%,45.9%,221.46%,37.6%
"[5, 25, 200]",1.0251,1.199,0.2071,0.3429,0.4931,0.9241,0.6985,419.1%,265,335,167,56,168,991,198.2%,47.3%,220.93%,36.5%
"[21, 30, 40]",0.5222,0.389,0.2698,0.3092,0.8522,0.9984,0.5568,334.1%,123,213,104,25,101,566,113.2%,33.9%,220.88%,27.8%
"[8, 13, 89]",0.8267,1.4802,0.4464,0.3916,1.0235,1.2214,0.8983,539.0%,451,529,252,93,268,1593,318.6%,59.1%,220.38%,39.5%
"[5, 13, 150]",0.8837,1.5013,0.2072,0.353,0.9389,1.4281,0.8854,531.2%,436,518,252,87,262,1555,311.0%,58.5%,220.22%,39.0%
"[15, 21, 34]",0.2942,0.6034,0.2687,0.3858,1.3796,0.981,0.6521,391.3%,226,302,139,48,142,857,171.4%,43.8%,219.89%,35.8%
"[8, 25, 200]",0.9661,0.9327,0.1762,0.3187,0.5695,0.8766,0.64,384.0%,212,287,143,47,140,829,165.8%,43.2%,218.18%,34.4%
"[5, 25, 233]",1.0333,1.1446,0.2169,0.4216,0.5275,0.8172,0.6935,416.1%,266,339,168,57,168,998,199.6%,48.0%,216.50%,36.3%
"[8, 13, 100]",0.8191,1.4432,0.4794,0.4017,0.8929,1.3055,0.8903,534.2%,450,536,249,93,268,1596,319.2%,59.8%,214.99%,39.3%
"[21, 30, 34]",0.6329,0.2683,0.267,0.2694,0.6824,0.9389,0.5098,305.9%,99,172,86,18,87,462,92.4%,30.2%,213.50%,27.3%
"[8, 25, 40]",0.7104,1.0035,0.3988,0.0226,0.5885,0.6238,0.5579,334.8%,147,211,108,32,111,609,121.8%,36.4%,212.96%,31.8%
"[15, 30, 150]",0.4274,0.7351,0.0511,0.3191,0.8937,1.0627,0.5815,348.9%,172,220,128,43,117,680,136.0%,39.0%,212.91%,33.9%
"[5, 21, 40]",0.5618,1.0683,0.3138,0.068,0.674,1.2176,0.6506,390.4%,228,306,148,54,159,895,179.0%,45.9%,211.35%,34.2%
"[5, 25, 50]",0.8627,1.3954,0.4936,0.0152,0.3479,0.6545,0.6282,376.9%,207,298,141,47,146,839,167.8%,44.5%,209.13%,32.8%
"[8, 25, 75]",0.969,1.1922,0.2325,0.1124,0.4135,0.6316,0.5919,355.1%,176,259,126,41,131,733,146.6%,41.3%,208.52%,31.6%
"[5, 21, 55]",0.5599,1.2111,0.3502,0.0177,0.706,1.236,0.6801,408.1%,254,352,163,61,169,999,199.8%,49.0%,208.28%,34.1%
"[8, 13, 75]",0.8159,1.2643,0.354,0.4138,1.124,1.2783,0.8751,525.0%,448,531,252,93,263,1587,317.4%,60.5%,207.63%,39.3%
"[5, 21, 100]",0.5944,1.1566,0.3791,0.1416,0.671,1.2796,0.7037,422.2%,277,371,177,68,181,1074,214.8%,50.9%,207.44%,34.8%
"[8, 25, 233]",0.9598,0.8826,0.186,0.3109,0.6534,0.7473,0.6233,374.0%,214,287,144,49,139,833,166.6%,44.5%,207.40%,34.6%
"[5, 13, 75]",0.9385,1.2185,0.1608,0.3256,1.1506,1.3428,0.8561,513.7%,424,520,253,85,255,1537,307.4%,59.8%,206.27%,38.1%
"[13, 30, 144]",0.3895,0.4212,0.1532,0.3599,0.9667,1.0944,0.5642,338.5%,165,221,122,40,115,663,132.6%,39.2%,205.89%,33.1%
"[15, 30, 50]",0.5457,0.6582,0.0966,0.0671,0.7849,0.9599,0.5187,311.2%,127,177,94,36,94,528,105.6%,33.9%,205.62%,31.7%
"[8, 25, 34]",0.5861,0.8565,0.3659,0.0979,0.4809,0.7199,0.5179,310.7%,127,186,92,27,99,531,106.2%,34.2%,204.53%,31.4%
"[5, 15, 75]",0.5411,1.1575,0.5074,0.1272,0.9393,1.4482,0.7868,472.1%,391,441,210,69,228,1339,267.8%,56.7%,204.25%,41.2%
"[10, 30, 50]",0.5557,0.6725,0.1899,0.2389,0.5359,0.9234,0.5194,311.6%,133,181,82,40,101,537,107.4%,34.5%,204.24%,32.9%
"[15, 21, 200]",0.398,0.7171,0.3989,0.3886,0.7909,1.5359,0.7049,423.0%,303,371,183,70,171,1098,219.6%,51.9%,203.35%,38.1%
"[10, 13, 34]",0.2074,1.0736,0.4646,0.4235,2.3457,1.1906,0.9509,570.5%,505,609,320,117,286,1837,367.4%,64.4%,203.13%,37.9%
"[13, 15, 40]",0.6881,1.5491,0.0546,0.5191,1.3981,1.6355,0.9741,584.4%,537,628,331,104,307,1907,381.4%,65.3%,203.04%,39.2%
"[5, 13, 233]",1.0632,1.0552,0.2013,0.3782,1.0388,1.3813,0.853,511.8%,434,518,250,87,255,1544,308.8%,60.3%,202.99%,39.1%
"[8, 13, 60]",0.764,1.2804,0.3736,0.333,1.2179,1.1875,0.8594,515.6%,442,529,248,93,257,1569,313.8%,60.9%,201.83%,39.2%
"[15, 30, 55]",0.5373,0.6402,0.0963,0.1243,0.7882,0.9377,0.5207,312.4%,137,183,98,38,97,553,110.6%,35.4%,201.80%,32.9%
"[8, 25, 150]",0.8598,0.9806,0.1995,0.2309,0.6267,0.7341,0.6053,363.2%,212,284,132,44,139,811,162.2%,44.7%,200.96%,35.4%
"[5, 21, 75]",0.5398,1.2005,0.2814,0.0432,0.7254,1.2763,0.6778,406.7%,263,356,171,64,175,1029,205.8%,50.6%,200.86%,34.3%
"[5, 13, 89]",0.931,1.3868,0.1244,0.3108,1.0592,1.2808,0.8488,509.3%,432,518,254,85,256,1545,309.0%,60.7%,200.30%,38.8%
"[5, 13, 100]",0.9097,1.4028,0.1692,0.3238,0.9085,1.3785,0.8487,509.3%,433,522,252,84,258,1549,309.8%,60.8%,199.45%,38.8%
"[5, 15, 60]",0.6087,1.0608,0.5131,0.0046,1.0533,1.395,0.7726,463.6%,381,438,211,70,222,1322,264.4%,57.0%,199.15%,40.5%
"[10, 30, 150]",0.4577,0.6176,0.1773,0.4667,0.6353,1.031,0.5643,338.6%,180,234,122,46,119,701,140.2%,41.4%,198.35%,34.5%
"[15, 30, 144]",0.458,0.6635,0.0042,0.2855,0.841,1.0762,0.5547,332.8%,171,221,128,43,113,676,135.2%,40.6%,197.63%,33.9%
"[15, 21, 89]",0.4181,1.0155,0.3169,0.3663,0.6995,1.257,0.6789,407.3%,282,358,179,65,165,1049,209.8%,51.5%,197.52%,36.8%
"[10, 25, 50]",0.3114,1.0945,0.3259,0.1019,0.6595,0.7769,0.545,327.0%,156,226,121,40,113,656,131.2%,40.1%,195.81%,31.2%
"[13, 30, 50]",0.4629,0.354,0.2065,0.1113,0.8869,0.9601,0.497,298.2%,125,172,87,37,96,517,103.4%,34.7%,194.78%,31.9%
"[10, 25, 55]",0.4023,1.073,0.3264,0.1069,0.6391,0.7655,0.5522,331.3%,163,238,125,42,116,684,136.8%,41.3%,194.52%,31.3%
"[10, 13, 50]",0.2405,1.1353,0.542,0.2724,2.1085,1.5834,0.9803,588.2%,550,662,334,119,306,1971,394.2%,67.0%,194.00%,38.7%
"[10, 30, 55]",0.5517,0.7013,0.1659,0.225,0.4906,0.9228,0.5095,305.7%,142,188,85,41,103,559,111.8%,36.6%,193.92%,34.1%
"[15, 30, 60]",0.5296,0.677,0.0167,0.1399,0.7626,0.9372,0.5105,306.3%,140,189,99,39,96,563,112.6%,36.8%,193.71%,33.1%
"[5, 15, 200]",0.6026,0.8998,0.4497,0.168,1.0878,1.5102,0.7864,471.8%,423,437,222,78,232,1392,278.4%,59.0%,193.41%,43.7%
"[5, 21, 60]",0.5113,1.2502,0.2932,0.0744,0.6415,1.1865,0.6595,395.7%,260,358,166,60,170,1014,202.8%,51.2%,192.91%,34.5%
"[21, 25, 34]",0.2604,-0.0113,0.3294,0.4975,0.973,1.5413,0.5984,359.0%,229,277,140,48,138,832,166.4%,46.3%,192.64%,38.0%
"[13, 30, 55]",0.4435,0.3815,0.2187,0.1678,0.8416,0.9455,0.4997,299.9%,133,179,89,37,99,537,107.4%,35.8%,192.45%,32.9%
"[8, 13, 55]",0.7307,1.2404,0.3877,0.2792,1.314,1.0859,0.8397,503.8%,438,523,251,92,253,1557,311.4%,61.8%,192.40%,39.1%
"[15, 21, 150]",0.3311,0.8669,0.4096,0.3963,0.7406,1.3428,0.6812,408.7%,307,366,178,66,172,1089,217.8%,53.3%,190.93%,39.3%
"[10, 30, 60]",0.5426,0.76,0.1156,0.2291,0.4906,0.909,0.5078,304.7%,143,196,88,42,102,571,114.2%,37.5%,190.49%,33.4%
"[15, 21, 144]",0.3415,0.8669,0.3638,0.412,0.7406,1.3498,0.6791,407.5%,306,365,178,65,172,1086,217.2%,53.3%,190.26%,39.2%
"[5, 25, 55]",0.864,1.3986,0.419,0.0087,0.2958,0.6456,0.6053,363.2%,223,303,141,49,150,866,173.2%,47.7%,189.97%,34.7%
"[15, 21, 233]",0.4398,0.6614,0.4049,0.3867,0.7878,1.4076,0.6813,408.8%,302,369,183,73,169,1096,219.2%,53.6%,189.60%,38.0%
"[10, 30, 40]",0.6233,0.7112,0.1072,0.1294,0.4592,0.8028,0.4722,283.3%,116,156,71,32,94,469,93.8%,33.1%,189.51%,32.9%
"[8, 25, 144]",0.866,0.9806,0.1541,0.2308,0.5427,0.7305,0.5841,350.5%,211,285,130,45,137,808,161.6%,46.1%,188.87%,35.3%
"[15, 21, 100]",0.4063,0.9904,0.4061,0.3427,0.6276,1.2493,0.6704,402.3%,294,358,183,66,167,1068,213.6%,53.1%,188.65%,38.0%
"[8, 21, 233]",1.0879,1.0439,0.1605,0.0821,0.5444,0.9556,0.6457,387.4%,270,338,163,66,161,998,199.6%,51.5%,187.84%,37.1%
"[5, 21, 34]",0.5069,0.9646,0.2459,-0.0117,0.6352,1.1693,0.585,351.0%,209,283,138,42,144,816,163.2%,46.5%,187.82%,34.4%
"[10, 13, 40]",0.2661,1.1341,0.4849,0.2932,2.1521,1.361,0.9485,569.1%,532,633,332,114,296,1907,381.4%,67.0%,187.73%,38.7%
"[8, 21, 200]",1.0437,1.087,0.155,-0.0154,0.4771,1.107,0.6424,385.4%,270,335,157,65,163,990,198.0%,51.4%,187.44%,37.5%
"[5, 13, 60]",0.9442,1.1337,0.1935,0.2352,1.1487,1.2352,0.8151,489.1%,418,514,249,82,246,1509,301.8%,61.7%,187.25%,38.3%
"[10, 30, 144]",0.4935,0.5459,0.1167,0.4331,0.6437,1.031,0.544,326.4%,178,234,122,47,116,697,139.4%,42.7%,186.99%,34.3%
"[5, 25, 150]",0.8061,1.3281,0.1708,0.2347,0.4783,0.7877,0.6343,380.6%,264,331,160,55,164,974,194.8%,51.2%,185.76%,37.2%
"[13, 30, 60]",0.4194,0.4193,0.1374,0.2043,0.8416,0.9317,0.4923,295.4%,136,185,91,38,98,548,109.6%,37.1%,185.76%,33.0%
"[8, 15, 200]",0.4541,0.7706,0.3258,0.1388,1.0615,1.8262,0.7628,457.7%,394,438,231,74,223,1360,272.0%,59.4%,185.71%,40.8%
"[5, 15, 144]",0.4673,1.3663,0.4634,0.1032,0.8824,1.3807,0.7772,466.3%,425,446,226,73,234,1404,280.8%,60.2%,185.53%,43.4%
"[5, 15, 150]",0.4491,1.264,0.464,0.1705,0.9083,1.3931,0.7748,464.9%,424,443,226,74,233,1400,280.0%,60.2%,184.90%,43.4%
"[10, 25, 60]",0.3933,1.1075,0.3009,0.1071,0.5406,0.7826,0.5387,323.2%,167,242,125,42,117,693,138.6%,42.9%,184.60%,31.7%
"[5, 21, 89]",0.6076,1.2224,0.257,0.0973,0.5862,1.1868,0.6595,395.7%,273,368,175,64,177,1057,211.4%,53.4%,184.33%,34.8%
"[10, 15, 75]",0.5866,0.9396,0.1374,0.1504,1.2501,1.7153,0.7966,477.9%,388,507,266,81,231,1473,294.6%,61.6%,183.34%,35.8%
"[13, 25, 200]",0.4728,0.6644,0.1038,0.3639,0.6387,1.2754,0.5865,351.9%,223,275,157,50,138,843,168.6%,47.9%,183.30%,36.0%
"[10, 21, 200]",1.028,0.8359,0.1711,0.0931,0.5199,1.141,0.6315,378.9%,269,331,158,61,165,984,196.8%,51.9%,182.10%,37.6%
"[10, 25, 40]",0.3,0.8695,0.341,0.0592,0.6619,0.7603,0.4986,299.2%,141,202,110,33,101,587,117.4%,39.2%,181.79%,31.6%
"[8, 30, 150]",0.5824,0.5111,0.1328,0.5478,0.4532,1.0587,0.5477,328.6%,198,244,119,47,127,735,147.0%,44.7%,181.60%,36.9%
"[5, 21, 200]",0.7484,0.7103,0.2984,0.0958,0.7083,1.5104,0.6786,407.2%,306,386,181,72,185,1130,226.0%,55.5%,181.15%,37.1%
"[8, 25, 89]",0.9136,1.1894,0.2495,0.1066,0.2604,0.5791,0.5498,329.9%,188,264,123,40,129,744,148.8%,45.1%,181.07%,33.8%
"[8, 25, 100]",0.8468,1.1782,0.2243,0.1476,0.2599,0.6783,0.5558,333.5%,195,272,126,40,130,763,152.6%,45.8%,180.91%,34.3%
"[10, 25, 200]",0.6933,0.6177,0.231,0.2554,0.7282,0.9119,0.5729,343.8%,211,275,152,49,128,815,163.0%,47.4%,180.75%,34.9%
"[5, 15, 55]",0.5272,0.9928,0.5125,-0.0313,1.1693,1.2591,0.7383,443.0%,379,434,213,71,216,1313,262.6%,59.3%,180.36%,40.6%
"[5, 21, 50]",0.3767,1.127,0.275,0.017,0.7499,1.1949,0.6234,374.1%,251,341,159,59,162,972,194.4%,52.0%,179.65%,34.8%
"[10, 25, 233]",0.6929,0.5576,0.2575,0.2476,0.8184,0.8542,0.5714,342.8%,208,276,155,50,127,816,163.2%,47.6%,179.62%,34.2%
"[5, 15, 233]",0.7606,0.7671,0.4529,0.1278,1.0813,1.3737,0.7606,456.3%,424,436,224,78,230,1392,278.4%,61.0%,177.94%,43.8%
"[13, 25, 233]",0.4712,0.604,0.1296,0.3559,0.6938,1.2134,0.578,346.8%,222,277,159,51,137,846,169.2%,48.8%,177.60%,35.6%
"[5, 25, 40]",0.8426,1.2359,0.4134,-0.0237,0.2963,0.5415,0.551,330.6%,194,272,129,43,129,767,153.4%,46.4%,177.20%,33.9%
"[5, 25, 100]",0.8079,1.5509,0.2568,0.1215,0.2307,0.6586,0.6044,362.6%,245,332,151,48,154,930,186.0%,51.3%,176.64%,35.8%
"[10, 15, 60]",0.6407,0.9558,0.1466,0.0763,1.2025,1.6675,0.7815,468.9%,380,506,270,81,227,1464,292.8%,62.4%,176.13%,35.1%
"[8, 30, 144]",0.6182,0.5111,0.0722,0.5244,0.4158,1.0561,0.533,319.8%,195,243,119,47,124,728,145.6%,45.5%,174.19%,36.6%
"[10, 15, 55]",0.6851,0.9318,0.1506,0.0404,1.3166,1.5334,0.7763,465.8%,375,501,276,83,224,1459,291.8%,62.6%,173.99%,34.6%
"[5, 25, 144]",0.7955,1.3281,0.186,0.2128,0.4045,0.7568,0.6139,368.4%,264,333,160,55,162,974,194.8%,52.9%,173.57%,37.2%
"[15, 25, 200]",0.4854,0.5881,0.0612,0.3998,0.847,1.0078,0.5649,338.9%,214,284,149,48,133,828,165.6%,48.9%,173.34%,34.9%
"[8, 30, 60]",0.7582,0.5166,0.1313,0.4209,0.2156,0.9048,0.4912,294.7%,163,204,93,42,112,614,122.8%,41.7%,171.94%,36.1%
"[5, 25, 60]",0.7886,1.3765,0.3634,0.0128,0.2792,0.643,0.5772,346.3%,226,310,144,47,147,874,174.8%,50.5%,171.54%,34.9%
"[13, 21, 40]",0.2145,0.4788,0.1483,0.1876,0.8891,1.4664,0.5641,338.5%,214,295,134,54,138,835,167.0%,49.3%,171.47%,34.5%
"[5, 21, 233]",0.8528,0.6783,0.3024,0.1007,0.6869,1.3613,0.6637,398.2%,308,385,185,73,183,1134,226.8%,57.0%,171.44%,37.3%
"[5, 21, 150]",0.5405,1.0178,0.3636,0.0605,0.6495,1.3185,0.6584,395.0%,304,379,179,73,183,1118,223.6%,56.6%,171.43%,37.3%
"[5, 13, 55]",0.8546,1.1361,0.2034,0.1959,1.1696,1.1555,0.7859,471.5%,414,511,251,83,242,1501,300.2%,63.7%,171.32%,38.1%
"[10, 25, 34]",0.1854,0.8142,0.3094,0.1317,0.5458,0.7284,0.4525,271.5%,122,175,95,28,89,509,101.8%,37.5%,169.69%,31.5%
"[8, 30, 55]",0.7681,0.4253,0.1913,0.3692,0.2119,0.9321,0.483,289.8%,162,200,87,41,112,602,120.4%,41.5%,169.40%,36.8%
"[10, 21, 233]",1.0713,0.7744,0.1766,0.106,0.5558,0.9899,0.6123,367.4%,271,335,162,63,162,993,198.6%,54.1%,168.79%,37.5%
"[8, 13, 34]",0.6423,1.1689,0.1865,0.2649,1.4969,0.7084,0.7447,446.8%,390,459,238,82,225,1394,278.8%,62.4%,167.99%,38.8%
"[13, 21, 55]",0.3361,0.6544,0.1837,0.1506,0.8626,1.3422,0.5883,353.0%,241,326,152,59,148,926,185.2%,52.5%,167.75%,35.2%
"[10, 15, 100]",0.4996,0.942,0.2568,0.0489,1.2238,1.6731,0.774,464.4%,402,506,265,78,235,1486,297.2%,64.0%,167.22%,37.1%
"[5, 21, 144]",0.5535,1.0178,0.3048,0.0366,0.6626,1.3257,0.6502,390.1%,303,379,180,72,182,1116,223.2%,57.2%,166.90%,37.3%
"[8, 30, 50]",0.7687,0.3115,0.1802,0.382,0.1967,0.9855,0.4708,282.5%,155,191,84,40,108,578,115.6%,40.9%,166.86%,36.6%
"[8, 21, 40]",0.5849,0.9862,0.2533,-0.1763,0.6948,0.8347,0.5296,317.8%,197,263,120,45,132,757,151.4%,47.6%,166.36%,35.2%
"[5, 25, 34]",0.6854,1.0339,0.3987,-0.0099,0.291,0.6598,0.5098,305.9%,174,246,120,41,117,698,139.6%,45.6%,166.29%,33.2%
"[10, 15, 89]",0.539,0.9933,0.1789,0.0689,1.2246,1.6253,0.7717,463.0%,399,510,266,77,234,1486,297.2%,64.2%,165.81%,36.7%
"[5, 25, 75]",0.9239,1.3242,0.3061,0.0413,0.3127,0.5638,0.5787,347.2%,235,326,148,47,151,907,181.4%,52.2%,165.80%,35.0%
"[13, 30, 100]",0.4566,0.3931,0.073,0.2577,0.7493,0.967,0.4828,289.7%,158,212,108,37,106,621,124.2%,42.9%,165.47%,34.1%
"[15, 25, 233]",0.4861,0.5085,0.0856,0.3951,0.8883,0.9565,0.5534,332.0%,217,282,152,49,133,833,166.6%,50.2%,165.42%,35.2%
"[5, 15, 89]",0.4639,1.1449,0.4706,0.0533,0.8979,1.3572,0.7313,438.8%,408,445,217,69,228,1367,273.4%,62.3%,165.39%,42.5%
"[10, 30, 75]",0.5269,0.721,0.0397,0.2498,0.4017,0.9293,0.4781,286.8%,161,206,93,42,106,608,121.6%,42.4%,165.23%,36.0%
"[10, 30, 100]",0.5008,0.6933,0.0355,0.3504,0.4349,0.9148,0.4883,293.0%,171,219,105,43,109,647,129.4%,44.2%,163.58%,35.9%
"[8, 30, 40]",0.7907,0.3948,0.1504,0.2638,0.187,0.8664,0.4422,265.3%,135,163,76,36,100,510,102.0%,38.4%,163.30%,36.0%
"[8, 21, 60]",0.7263,1.2496,0.2045,-0.1829,0.5585,0.801,0.5595,335.7%,227,307,136,50,143,863,172.6%,51.4%,163.10%,35.7%
"[13, 21, 60]",0.3362,0.6786,0.1616,0.1587,0.7787,1.4014,0.5859,351.5%,245,333,156,60,149,943,188.6%,53.7%,162.92%,35.1%
"[10, 21, 150]",0.7935,1.0483,0.218,0.0174,0.4809,0.9984,0.5927,355.6%,269,330,149,57,163,968,193.6%,54.4%,162.04%,38.5%
"[8, 21, 150]",0.7368,1.3135,0.201,-0.066,0.4384,0.9513,0.5958,357.5%,274,333,149,61,161,978,195.6%,54.7%,161.90%,38.9%
"[15, 30, 100]",0.5929,0.6463,-0.0749,0.1521,0.6153,0.9548,0.4811,288.7%,166,207,117,40,104,634,126.8%,43.9%,161.85%,35.5%
"[8, 15, 144]",0.2838,1.0761,0.3102,0.0762,0.8104,1.7769,0.7223,433.4%,394,446,231,73,220,1364,272.8%,62.9%,160.56%,40.6%
"[10, 21, 144]",0.8039,1.0483,0.1863,0.0053,0.494,0.9892,0.5878,352.7%,267,330,150,56,162,965,193.0%,54.7%,159.70%,38.3%
"[10, 21, 40]",0.7074,0.8135,0.3099,-0.0792,0.5051,0.8366,0.5155,309.3%,198,262,117,39,134,750,150.0%,48.5%,159.33%,35.9%
"[5, 34, 50]",0.6171,0.6937,-0.026,0.3337,0.5496,0.7388,0.4845,290.7%,172,219,103,45,118,657,131.4%,45.2%,159.29%,35.5%
"[13, 21, 200]",0.5678,0.4604,0.117,0.2311,0.6465,1.6578,0.6134,368.1%,284,353,174,70,165,1046,209.2%,56.8%,158.85%,37.3%
"[8, 21, 144]",0.7473,1.3174,0.1418,-0.08,0.4514,0.9583,0.5894,353.6%,272,334,150,60,160,976,195.2%,55.2%,158.41%,38.6%
"[5, 15, 50]",0.5342,0.8673,0.5168,-0.1172,1.1173,1.2187,0.6895,413.7%,374,419,210,69,209,1281,256.2%,61.9%,157.51%,41.2%
"[8, 15, 75]",0.3657,0.8279,0.3355,0.1397,0.8713,1.6365,0.6961,417.7%,360,438,225,71,207,1301,260.2%,62.3%,157.46%,38.3%
"[5, 34, 55]",0.5666,0.7617,-0.0194,0.3363,0.4659,0.8128,0.4873,292.4%,178,226,107,44,120,675,135.0%,46.2%,157.39%,35.8%
"[8, 21, 89]",0.8177,1.362,0.0761,-0.1616,0.4043,0.8944,0.5655,339.3%,243,319,142,57,151,912,182.4%,53.8%,156.89%,36.3%
"[8, 15, 150]",0.2832,0.9249,0.3109,0.1451,0.8385,1.7746,0.7129,427.7%,392,442,231,72,218,1355,271.0%,63.4%,156.72%,40.7%
"[8, 15, 233]",0.5504,0.603,0.3314,0.1035,1.0659,1.6368,0.7151,429.1%,397,438,235,74,218,1362,272.4%,63.5%,156.69%,41.1%
"[10, 30, 34]",0.6267,0.5696,0.0717,0.072,0.4203,0.6202,0.3968,238.1%,107,132,63,28,80,410,82.0%,34.4%,156.05%,35.3%
"[8, 15, 60]",0.4632,0.8083,0.3196,0.0141,0.9263,1.5917,0.6872,412.3%,351,431,226,71,204,1283,256.6%,62.2%,155.72%,37.7%
"[8, 13, 50]",0.6974,1.1591,0.3413,0.2078,1.2006,1.0525,0.7765,465.9%,440,519,254,93,245,1551,310.2%,66.6%,155.68%,39.6%
"[5, 15, 100]",0.4278,1.0808,0.475,0.0487,0.8434,1.4281,0.7173,430.4%,418,441,219,71,228,1377,275.4%,64.0%,154.99%,43.6%
"[21, 34, 75]",0.6365,0.2639,0.2166,0.1662,0.8421,0.5987,0.454,272.4%,150,205,108,33,94,590,118.0%,43.3%,154.41%,34.1%
"[8, 21, 34]",0.6525,0.9561,0.1046,-0.2658,0.6952,0.7747,0.4862,291.7%,178,240,114,35,120,687,137.4%,47.1%,154.33%,35.0%
"[8, 21, 75]",0.7199,1.271,0.1079,-0.2005,0.5048,0.9021,0.5509,330.5%,237,302,139,55,148,881,176.2%,53.3%,154.32%,36.8%
"[13, 30, 40]",0.3576,0.3108,0.1028,0.159,0.7784,0.7086,0.4029,241.7%,113,147,75,27,84,446,89.2%,36.9%,152.52%,33.9%
"[10, 25, 75]",0.5234,0.9628,0.2515,0.1296,0.4737,0.6254,0.4944,296.7%,178,254,130,43,116,721,144.2%,48.6%,152.45%,32.8%
"[15, 30, 89]",0.5865,0.5341,-0.0755,0.1382,0.6261,0.9546,0.4607,276.4%,164,202,112,40,102,620,124.0%,44.9%,152.39%,36.0%
"[13, 21, 233]",0.6488,0.4222,0.1241,0.2395,0.6841,1.5124,0.6052,363.1%,285,357,177,72,163,1054,210.8%,58.1%,152.31%,37.1%
"[8, 21, 100]",0.8022,1.2767,0.1786,-0.1876,0.4062,0.913,0.5649,338.9%,253,327,143,59,153,935,187.0%,55.2%,151.91%,37.1%
"[10, 30, 89]",0.501,0.6337,0.034,0.3029,0.395,0.9164,0.4638,278.3%,170,213,102,42,107,634,126.8%,45.6%,151.49%,36.6%
"[13, 21, 50]",0.2129,0.4926,0.1319,0.1774,0.8831,1.4257,0.5539,332.4%,234,323,149,57,142,905,181.0%,54.5%,151.35%,34.9%
"[13, 25, 55]",0.297,0.9397,0.3745,0.0625,0.2224,1.0272,0.4872,292.3%,172,250,122,45,116,705,141.0%,48.2%,151.33%,32.3%
"[10, 21, 60]",0.8195,1.0176,0.2746,-0.0955,0.4282,0.7887,0.5388,323.3%,228,302,138,48,144,860,172.0%,53.2%,151.30%,36.1%
"[13, 30, 75]",0.3913,0.3494,0.0794,0.1752,0.7054,0.9687,0.4449,267.0%,151,196,98,37,101,583,116.6%,43.7%,150.36%,35.0%
"[13, 25, 60]",0.288,0.9649,0.33,0.0649,0.2001,1.0851,0.4888,293.3%,176,252,123,46,118,715,143.0%,48.8%,150.30%,32.7%
"[8, 13, 40]",0.7113,1.2015,0.2337,0.2443,1.214,0.8319,0.7394,443.7%,419,484,246,85,235,1469,293.8%,66.2%,149.86%,39.9%
"[5, 13, 34]",0.7472,0.9831,0.0267,0.223,1.3474,0.7714,0.6831,409.9%,354,439,230,69,210,1302,260.4%,63.5%,149.47%,37.3%
"[13, 30, 89]",0.4502,0.2799,0.0723,0.2255,0.7106,0.9681,0.4511,270.7%,157,204,106,37,103,607,121.4%,44.9%,149.25%,34.9%
"[15, 30, 75]",0.5258,0.5957,-0.0445,0.1102,0.598,0.8932,0.4464,267.9%,157,197,106,38,99,597,119.4%,44.6%,148.45%,35.7%
"[13, 25, 50]",0.2061,0.9642,0.3521,0.0581,0.2714,0.9896,0.4736,284.2%,164,240,119,43,113,679,135.8%,47.8%,148.35%,31.8%
"[8, 21, 55]",0.7214,1.1294,0.2442,-0.2374,0.5761,0.7554,0.5315,318.9%,228,300,135,49,141,853,170.6%,53.5%,148.32%,36.5%
"[15, 25, 150]",0.3616,0.6507,0.0617,0.3159,0.7812,0.9278,0.5165,309.9%,212,279,143,46,130,810,162.0%,52.3%,147.89%,35.5%
"[13, 21, 150]",0.3606,0.6364,0.1675,0.2364,0.6632,1.4857,0.5917,355.0%,284,354,164,69,165,1036,207.2%,58.4%,147.79%,37.8%
"[21, 34, 233]",0.6813,0.1457,0.2843,0.3108,0.7835,0.6206,0.471,282.6%,175,232,129,40,99,675,135.0%,47.8%,147.61%,35.0%
"[21, 34, 50]",0.4584,0.141,0.2671,0.1705,0.8945,0.5664,0.4163,249.8%,128,183,92,27,81,511,102.2%,40.9%,147.59%,33.4%
"[10, 21, 89]",0.8713,1.1626,0.2265,-0.0969,0.2569,0.8773,0.5496,329.8%,245,313,147,54,153,912,182.4%,55.3%,147.38%,36.7%
"[8, 30, 75]",0.6561,0.5458,0.0535,0.4054,0.1419,0.9494,0.4587,275.2%,178,210,99,42,114,643,128.6%,46.7%,146.60%,38.3%
"[8, 15, 55]",0.4963,0.7958,0.3327,-0.0203,0.9941,1.4116,0.6684,401.0%,348,426,228,73,199,1274,254.8%,63.5%,146.22%,37.6%
"[5, 34, 60]",0.55,0.7858,-0.0369,0.3394,0.3771,0.8247,0.4733,284.0%,181,233,110,46,119,689,137.8%,48.5%,146.20%,35.6%
"[13, 25, 150]",0.2932,0.7195,0.1036,0.2877,0.5693,1.1353,0.5181,310.9%,222,273,148,47,134,824,164.8%,53.0%,146.07%,36.9%
"[15, 30, 40]",0.2835,0.537,0.0188,0.1364,0.6748,0.7079,0.3931,235.8%,112,152,81,27,77,449,89.8%,38.1%,146.04%,33.2%
"[5, 30, 40]",0.7024,0.8267,0.1327,0.2251,0.2519,0.607,0.4576,274.6%,172,223,100,32,116,643,128.6%,46.8%,145.98%,36.5%
"[10, 21, 34]",0.7143,0.8382,0.1531,-0.183,0.5692,0.7012,0.4655,279.3%,180,237,111,30,120,678,135.6%,48.5%,143.71%,36.1%
"[10, 21, 100]",0.8669,1.0773,0.3207,-0.1216,0.2536,0.8986,0.5493,329.6%,253,321,148,54,155,931,186.2%,56.5%,143.35%,37.3%
"[10, 25, 144]",0.4914,0.7712,0.1751,0.1705,0.6522,0.7663,0.5044,302.7%,213,272,141,47,125,798,159.6%,52.7%,143.05%,36.4%
"[15, 25, 60]",0.3471,0.8747,0.2485,0.0411,0.4866,0.8777,0.4793,287.6%,180,260,119,46,118,723,144.6%,50.3%,142.97%,33.1%
"[13, 25, 144]",0.324,0.7195,0.1171,0.2876,0.4904,1.1323,0.5118,307.1%,220,273,147,48,133,821,164.2%,53.5%,142.89%,36.6%
"[10, 21, 55]",0.8143,0.9644,0.3036,-0.1381,0.4518,0.7159,0.5186,311.2%,227,296,134,46,142,845,169.0%,54.3%,142.18%,36.7%
"[13, 21, 144]",0.371,0.6622,0.123,0.1812,0.6632,1.4927,0.5822,349.3%,285,354,165,68,164,1036,207.2%,59.3%,142.13%,37.9%
"[15, 25, 144]",0.3682,0.6507,0.0752,0.3158,0.7023,0.9248,0.5062,303.7%,211,279,142,47,129,808,161.6%,53.2%,142.10%,35.3%
"[5, 34, 200]",0.6335,0.6952,-0.0845,0.3867,0.7127,0.7399,0.5139,308.3%,236,269,141,53,133,832,166.4%,54.0%,141.94%,39.6%
"[13, 21, 75]",0.3109,0.6895,0.1113,0.0755,0.6932,1.4634,0.5573,334.4%,256,327,162,67,152,964,192.8%,57.7%,141.58%,36.2%
"[10, 21, 75]",0.7539,1.0744,0.232,-0.1147,0.3684,0.8606,0.5291,317.5%,237,298,144,53,148,880,176.0%,55.4%,141.46%,36.9%
"[5, 34, 40]",0.6023,0.5595,-0.0662,0.317,0.5685,0.6274,0.4347,260.8%,159,194,99,41,107,600,120.0%,46.0%,140.84%,36.1%
"[5, 34, 100]",0.5372,1.0332,-0.0526,0.4335,0.2178,0.753,0.487,292.2%,202,257,128,49,123,759,151.8%,51.9%,140.42%,36.3%
"[10, 25, 150]",0.4522,0.6386,0.2348,0.1706,0.7344,0.7699,0.5001,300.1%,214,272,142,46,125,799,159.8%,53.3%,140.25%,36.6%
"[10, 15, 50]",0.6479,0.8737,0.1617,-0.0645,1.2184,1.4423,0.7133,428.0%,376,490,275,82,216,1439,287.8%,67.3%,140.15%,35.4%
"[13, 21, 34]",0.2085,0.4466,0.0313,0.0845,0.918,1.2485,0.4896,293.7%,199,277,128,44,121,769,153.8%,52.4%,139.94%,34.9%
"[5, 25, 89]",0.828,1.3519,0.2623,0.0081,0.2193,0.5553,0.5375,322.5%,243,327,149,46,148,913,182.6%,56.6%,139.88%,36.3%
"[5, 30, 233]",0.8577,0.6378,-0.0595,0.3041,0.7485,0.68,0.5281,316.9%,245,303,152,46,139,885,177.0%,55.9%,139.86%,38.3%
"[21, 34, 89]",0.6285,0.2953,0.1303,0.1878,0.8173,0.5803,0.4399,264.0%,162,214,114,36,95,621,124.2%,47.1%,139.75%,35.3%
"[8, 21, 50]",0.6553,0.9694,0.2092,-0.2159,0.6352,0.7997,0.5088,305.3%,221,292,135,50,137,835,167.0%,54.7%,138.29%,36.0%
"[10, 60, 150]",0.1967,0.3912,0.0559,0.1509,0.4801,0.868,0.3571,214.3%,106,125,52,21,77,381,76.2%,35.6%,138.09%,38.5%
"[21, 34, 55]",0.5064,0.1642,0.2353,0.1667,0.8462,0.5312,0.4083,245.0%,136,191,98,27,83,535,107.0%,43.7%,138.00%,34.1%
"[10, 60, 144]",0.1967,0.3912,0.0553,0.1529,0.4801,0.8644,0.3568,214.1%,106,125,52,21,77,381,76.2%,35.6%,137.86%,38.5%
"[15, 25, 55]",0.3347,0.7898,0.2922,0.0386,0.525,0.8198,0.4667,280.0%,177,257,119,44,115,712,142.4%,50.9%,137.61%,33.1%
"[21, 34, 60]",0.5118,0.175,0.2381,0.2,0.8393,0.5225,0.4144,248.7%,141,199,105,30,84,559,111.8%,45.0%,136.86%,33.7%
"[5, 34, 233]",0.7477,0.6882,-0.1056,0.3657,0.6495,0.6867,0.5054,303.2%,236,266,146,52,132,832,166.4%,54.9%,136.82%,39.6%
"[5, 13, 50]",0.8125,1.0338,0.1526,0.1227,1.0739,1.1364,0.722,433.2%,413,503,249,84,233,1482,296.4%,68.4%,136.79%,38.6%
"[5, 30, 34]",0.7408,0.8476,0.0935,0.1041,0.2515,0.5075,0.4241,254.5%,159,204,90,31,106,590,118.0%,46.4%,136.49%,36.9%
"[21, 34, 100]",0.648,0.2876,0.1998,0.1938,0.7096,0.5821,0.4368,262.1%,163,219,119,37,94,632,126.4%,48.2%,135.69%,34.8%
"[8, 34, 50]",0.3564,0.9017,-0.1929,0.1309,0.4369,0.8229,0.4093,245.6%,154,180,92,32,95,553,110.6%,45.0%,134.99%,38.6%
"[8, 30, 100]",0.6258,0.5098,0.0161,0.4518,0.2,0.9066,0.4517,271.0%,188,229,109,44,115,685,137.0%,50.6%,134.01%,37.8%
"[10, 21, 50]",0.7344,0.8043,0.2698,-0.1174,0.5067,0.7908,0.4981,298.9%,221,288,133,43,140,825,165.0%,55.2%,133.86%,36.6%
"[8, 34, 55]",0.3323,1.0364,-0.1869,0.1336,0.3644,0.7966,0.4127,247.6%,156,188,99,32,96,571,114.2%,46.1%,133.44%,37.6%
"[13, 25, 40]",0.1614,0.7096,0.2938,0.0681,0.3043,0.9878,0.4208,252.5%,146,212,105,36,100,599,119.8%,47.4%,132.70%,32.2%
"[8, 30, 34]",0.8073,0.2624,0.099,0.1844,0.2076,0.6597,0.3701,222.0%,124,139,66,31,87,447,89.4%,40.3%,132.63%,38.4%
"[21, 34, 150]",0.5696,0.1167,0.2437,0.2633,0.7995,0.6503,0.4405,264.3%,176,227,123,41,97,664,132.8%,50.2%,131.51%,36.1%
"[21, 34, 200]",0.5735,0.0705,0.285,0.3133,0.8008,0.6326,0.446,267.6%,178,233,131,41,98,681,136.2%,50.9%,131.38%,35.4%
"[5, 15, 40]",0.5622,0.8275,0.4559,-0.0729,1.0237,0.9234,0.62,372.0%,353,391,196,69,195,1204,240.8%,64.7%,131.19%,41.5%
"[13, 25, 34]",0.1352,0.6379,0.2071,0.1337,0.1867,1.0532,0.3923,235.4%,129,187,90,32,89,527,105.4%,44.8%,129.98%,32.4%
"[10, 60, 100]",0.1425,0.4834,0.0318,0.1761,0.4021,0.7798,0.336,201.6%,101,114,51,19,74,359,71.8%,35.6%,129.78%,39.1%
"[15, 25, 75]",0.4126,0.7458,0.2534,0.1762,0.4398,0.7701,0.4663,279.8%,188,267,127,49,120,751,150.2%,53.7%,129.60%,33.4%
"[5, 30, 60]",0.6355,0.9803,0.112,0.2463,0.1784,0.6366,0.4649,278.9%,206,265,117,36,127,751,150.2%,53.9%,128.71%,37.8%
"[8, 40, 150]",0.4497,0.4652,-0.1214,0.1994,0.4953,1.031,0.4199,251.9%,164,215,105,37,104,625,125.0%,49.6%,126.92%,35.6%
"[10, 60, 233]",0.3514,0.2074,0.0506,0.1565,0.4199,0.8641,0.3417,205.0%,111,127,54,24,78,394,78.8%,38.4%,126.20%,39.2%
"[5, 34, 150]",0.5318,0.8382,-0.065,0.3875,0.396,0.7769,0.4776,286.5%,227,267,134,51,127,806,161.2%,56.3%,125.34%,39.2%
"[10, 25, 89]",0.525,0.874,0.2702,0.0964,0.3447,0.6143,0.4541,272.5%,189,260,128,44,115,736,147.2%,54.0%,125.27%,34.6%
"[8, 15, 89]",0.3207,0.825,0.3028,0.061,0.8197,1.5838,0.6522,391.3%,378,445,229,70,210,1332,266.4%,68.1%,124.90%,39.6%
"[5, 13, 40]",0.7882,1.0301,0.0683,0.1395,1.122,0.8833,0.6719,403.1%,387,472,238,74,221,1392,278.4%,69.1%,124.74%,38.5%
"[10, 60, 200]",0.2539,0.2462,0.0565,0.1434,0.4305,0.9042,0.3391,203.5%,113,127,54,23,77,394,78.8%,38.7%,124.68%,40.2%
"[13, 60, 150]",0.2364,0.3869,-0.0611,0.0715,0.6225,0.7244,0.3301,198.1%,102,128,52,17,69,368,73.6%,37.2%,124.46%,38.3%
"[5, 30, 200]",0.7724,0.7389,-0.0598,0.3155,0.4966,0.7433,0.5011,300.7%,248,303,147,46,138,882,176.4%,58.7%,124.29%,39.1%
"[13, 25, 75]",0.3616,0.8195,0.2735,0.1758,0.1598,0.9538,0.4573,274.4%,191,262,131,48,120,752,150.4%,54.8%,124.00%,34.0%
"[21, 34, 144]",0.5711,0.1771,0.1832,0.259,0.7151,0.6482,0.4256,255.4%,175,224,122,41,95,657,131.4%,51.5%,123.97%,36.3%
"[5, 34, 75]",0.5197,0.9034,-0.0928,0.3479,0.2923,0.6763,0.4411,264.7%,195,235,116,45,117,708,141.6%,53.5%,123.08%,38.0%
"[8, 30, 89]",0.6249,0.4686,-0.0086,0.4152,0.1519,0.9115,0.4272,256.4%,188,220,106,43,113,670,134.0%,52.3%,122.35%,39.0%
"[5, 30, 50]",0.5878,0.8018,0.1261,0.2242,0.2017,0.6976,0.4398,263.9%,195,247,112,36,121,711,142.2%,53.9%,121.71%,37.8%
"[8, 34, 40]",0.2653,0.8802,-0.2722,0.1236,0.4498,0.7591,0.3676,220.6%,136,161,87,29,83,496,99.2%,45.0%,121.39%,37.8%
"[5, 30, 55]",0.6445,0.8801,0.1257,0.2112,0.173,0.6457,0.4467,268.0%,202,258,114,36,124,734,146.8%,54.8%,121.23%,38.0%
"[15, 30, 34]",0.3078,0.3886,0.063,0.1525,0.5285,0.5373,0.3296,197.8%,100,123,72,23,65,383,76.6%,38.7%,121.17%,35.3%
"[5, 34, 89]",0.5382,0.9754,-0.127,0.3164,0.2739,0.7173,0.4491,269.4%,201,253,123,46,119,742,148.4%,55.1%,121.03%,37.2%
"[13, 21, 89]",0.3903,0.7819,0.0633,0.0933,0.3889,1.4688,0.5311,318.7%,265,346,163,68,152,994,198.8%,62.4%,119.85%,36.4%
"[10, 60, 75]",0.1227,0.5672,-0.0748,0.2078,0.2843,0.769,0.3127,187.6%,96,112,43,18,71,340,68.0%,36.2%,119.62%,39.3%
"[10, 34, 50]",0.4161,0.6313,-0.2276,0.041,0.5222,0.8329,0.3693,221.6%,129,174,93,31,85,512,102.4%,46.2%,119.18%,33.7%
"[15, 25, 89]",0.4165,0.6718,0.1753,0.2195,0.4477,0.7704,0.4502,270.1%,193,271,126,49,119,758,151.6%,56.1%,118.52%,34.2%
"[5, 34, 144]",0.4647,0.8361,-0.1507,0.4003,0.4547,0.7765,0.4636,278.2%,225,265,133,50,126,799,159.8%,57.5%,118.35%,39.2%
"[10, 25, 100]",0.4819,0.866,0.2445,0.0933,0.3229,0.698,0.4511,270.7%,200,269,135,43,116,763,152.6%,56.4%,118.07%,35.5%
"[21, 34, 40]",0.3733,-0.1136,0.2267,0.176,0.8606,0.5397,0.3438,206.3%,115,152,87,20,70,444,88.8%,43.1%,117.47%,35.0%
"[8, 15, 100]",0.2921,0.7481,0.3403,0.041,0.7726,1.635,0.6382,382.9%,384,440,229,70,209,1332,266.4%,69.6%,116.51%,40.5%
"[13, 25, 89]",0.3632,0.7309,0.2153,0.223,0.2345,0.9187,0.4476,268.6%,200,265,129,49,122,765,153.0%,57.0%,115.56%,35.4%
"[10, 55, 150]",0.089,0.3945,0.0174,0.158,0.5387,0.8193,0.3361,201.7%,116,155,60,25,75,431,86.2%,42.7%,115.49%,36.8%
"[13, 21, 100]",0.3759,0.7578,0.1492,0.0686,0.4182,1.4039,0.5289,317.4%,274,349,165,68,154,1010,202.0%,63.7%,115.36%,37.2%
"[8, 40, 144]",0.4497,0.3662,-0.1777,0.2049,0.5061,1.042,0.3985,239.1%,163,213,103,38,102,619,123.8%,51.8%,115.33%,35.7%
"[13, 60, 144]",0.1918,0.4018,-0.0611,0.0696,0.5507,0.7244,0.3128,187.7%,101,128,52,17,67,365,73.0%,38.9%,114.71%,38.3%
"[15, 25, 50]",0.23,0.707,0.2702,0.0372,0.4969,0.7834,0.4208,252.5%,171,251,116,43,108,689,137.8%,54.6%,114.68%,33.0%
"[10, 60, 89]",0.1429,0.4988,-0.0285,0.1907,0.2617,0.7731,0.3064,183.9%,100,112,45,19,71,347,69.4%,37.7%,114.47%,40.5%
"[8, 34, 200]",0.3578,0.6751,-0.2409,0.152,0.7736,0.8818,0.4332,259.9%,214,232,135,36,112,729,145.8%,56.1%,114.14%,41.6%
"[10, 34, 55]",0.3972,0.7431,-0.2284,0.0433,0.4496,0.8003,0.3675,220.5%,133,182,99,32,86,532,106.4%,48.3%,114.11%,33.3%
"[13, 30, 34]",0.3532,0.1683,0.1225,0.1232,0.6358,0.4984,0.3169,190.2%,102,121,65,24,70,382,76.4%,40.2%,113.75%,36.4%
"[15, 25, 100]",0.3724,0.6843,0.1424,0.2133,0.4379,0.8458,0.4493,269.6%,204,277,132,48,121,782,156.4%,58.0%,113.20%,35.3%
"[10, 55, 144]",0.089,0.3945,0.0183,0.1696,0.5387,0.7662,0.3294,197.6%,115,155,62,25,74,431,86.2%,43.6%,111.44%,36.4%
"[8, 15, 50]",0.4652,0.6987,0.3223,-0.1247,0.8866,1.3576,0.601,360.6%,347,414,227,71,192,1251,250.2%,69.4%,110.37%,38.4%
"[10, 34, 40]",0.3109,0.6024,-0.2397,0.0266,0.5304,0.7841,0.3358,201.5%,117,152,86,27,74,456,91.2%,45.3%,110.27%,34.5%
"[5, 60, 150]",0.1989,0.3781,0.013,0.1931,0.4224,0.9341,0.3566,214.0%,142,171,85,33,88,519,103.8%,48.5%,110.16%,37.7%
"[13, 25, 100]",0.3223,0.7215,0.1819,0.185,0.2243,1.0371,0.4454,267.2%,210,269,136,48,123,786,157.2%,58.8%,110.02%,36.5%
"[13, 60, 100]",0.1911,0.5032,-0.0812,0.1145,0.4581,0.5861,0.2953,177.2%,94,118,51,17,63,343,68.6%,38.7%,108.58%,37.8%
"[21, 75, 233]",0.5072,0.1036,-0.0461,0.1434,0.4417,0.4471,0.2662,159.7%,65,85,36,26,45,257,51.4%,32.2%,108.29%,33.9%
"[13, 55, 150]",0.0905,0.3904,-0.1262,0.1525,0.4428,0.8921,0.307,184.2%,110,126,59,23,72,390,78.0%,42.3%,106.21%,39.3%
"[13, 34, 50]",0.2751,0.5132,0.0253,0.2403,0.3136,0.6376,0.3342,200.5%,122,154,93,24,81,474,94.8%,47.3%,105.72%,34.7%
"[10, 55, 60]",-0.0683,0.4918,0.0091,0.1694,0.4075,0.7484,0.293,175.8%,95,128,41,29,58,351,70.2%,39.9%,105.58%,37.1%
"[10, 55, 233]",0.0446,0.3259,0.0118,0.2014,0.4549,0.9058,0.3241,194.4%,120,160,62,27,76,445,89.0%,45.8%,105.44%,36.9%
"[8, 40, 100]",0.5337,0.3705,-0.1628,0.1071,0.299,1.083,0.3717,223.0%,149,210,101,36,95,591,118.2%,53.0%,104.84%,33.7%
"[5, 15, 34]",0.3008,0.8559,0.3746,-0.0979,1.0831,0.7505,0.5445,326.7%,329,358,187,56,180,1110,222.0%,68.0%,104.69%,42.1%
"[5, 60, 144]",0.1989,0.3193,0.0125,0.1892,0.4224,0.936,0.3464,207.8%,142,171,85,33,87,518,103.6%,49.8%,104.23%,37.8%
"[13, 60, 200]",0.276,0.2595,-0.0604,0.0543,0.5024,0.7621,0.299,179.4%,108,133,55,18,68,382,76.4%,42.6%,102.98%,39.4%
"[10, 40, 100]",0.565,0.4183,-0.1127,0.1637,0.2776,0.7838,0.3493,209.6%,143,177,99,29,86,534,106.8%,51.0%,102.78%,36.6%
"[8, 34, 75]",0.4139,1.0874,-0.3077,0.0912,0.1346,0.8184,0.373,223.8%,173,200,102,35,96,606,121.2%,54.2%,102.57%,40.0%
"[15, 25, 40]",0.1949,0.5441,0.1974,0.0459,0.4407,0.8287,0.3753,225.2%,152,226,103,37,95,613,122.6%,54.4%,102.57%,33.0%
"[8, 40, 89]",0.6117,0.3363,-0.0948,0.1528,0.1658,0.9931,0.3608,216.5%,149,201,94,33,93,570,114.0%,52.7%,102.48%,35.4%
"[8, 34, 233]",0.4672,0.53,-0.2204,0.1294,0.7226,0.8576,0.4144,248.6%,213,235,137,36,110,731,146.2%,58.8%,102.44%,41.1%
"[13, 55, 144]",0.0905,0.3904,-0.1253,0.1499,0.4428,0.839,0.2979,178.7%,110,126,59,23,71,389,77.8%,43.5%,100.93%,39.4%
"[10, 55, 200]",0.0301,0.258,0.0174,0.1977,0.4766,0.9066,0.3144,188.6%,118,160,59,28,74,439,87.8%,46.5%,100.84%,36.8%
"[8, 40, 200]",0.5733,0.0857,-0.0839,0.2589,0.4597,1.0019,0.3826,229.6%,176,217,108,40,104,645,129.0%,56.2%,100.56%,37.5%
"[21, 75, 200]",0.4413,0.1098,-0.0294,0.1423,0.4552,0.4068,0.2543,152.6%,68,87,36,27,45,263,52.6%,34.5%,99.99%,34.9%
"[15, 60, 150]",0.3304,0.2131,0.0307,0.0207,0.5235,0.5428,0.2769,166.1%,94,115,42,20,62,333,66.6%,40.1%,99.52%,39.3%
"[21, 89, 144]",0.3726,0.3965,0.0799,0.2508,0.0983,0.2317,0.2383,143.0%,51,71,34,20,42,218,43.6%,30.5%,99.38%,30.5%
"[13, 55, 233]",0.0532,0.3278,-0.1001,0.1603,0.3605,1.0159,0.3029,181.8%,113,135,63,27,74,412,82.4%,45.3%,99.35%,37.8%
"[13, 34, 150]",0.1503,0.6307,-0.098,0.2804,0.6169,0.6583,0.3731,223.9%,168,203,127,27,100,625,125.0%,55.8%,98.85%,36.8%
"[5, 30, 100]",0.6093,1.0362,-0.06,0.3283,0.2022,0.491,0.4345,260.7%,229,285,130,37,130,811,162.2%,62.2%,98.49%,39.3%
"[13, 34, 75]",0.2549,0.6853,-0.1246,0.2339,0.3612,0.6398,0.3417,205.0%,139,174,104,28,88,533,106.6%,52.0%,98.44%,35.3%
"[13, 34, 40]",0.2215,0.4396,0.0169,0.2653,0.2858,0.5781,0.3012,180.7%,108,130,84,20,72,414,82.8%,45.8%,97.93%,35.3%
"[5, 60, 233]",0.2436,0.3442,0.0257,0.1625,0.3531,0.9033,0.3387,203.2%,143,171,93,37,86,530,106.0%,52.2%,97.24%,37.0%
"[21, 89, 150]",0.3938,0.3586,0.081,0.2508,0.0983,0.2317,0.2357,141.4%,52,72,35,20,42,221,44.2%,31.3%,97.22%,30.8%
"[21, 75, 150]",0.2915,0.0646,-0.0339,0.1333,0.5948,0.4187,0.2449,146.9%,68,77,35,25,44,249,49.8%,33.9%,97.12%,37.6%
"[8, 34, 60]",0.3105,1.0121,-0.2753,0.1027,0.1922,0.805,0.3579,214.7%,163,196,102,34,93,588,117.6%,54.8%,97.12%,38.4%
"[5, 30, 75]",0.6296,1.0823,0.0088,0.1986,0.0666,0.5195,0.4175,250.5%,221,266,124,35,126,772,154.4%,61.6%,96.12%,40.1%
"[5, 60, 200]",0.2576,0.2807,0.0131,0.1579,0.3577,0.9465,0.3356,201.4%,145,172,89,35,86,527,105.4%,52.3%,95.95%,38.0%
"[8, 34, 100]",0.4184,1.0731,-0.3008,0.1529,0.0513,0.8783,0.3789,227.3%,188,213,120,36,100,657,131.4%,57.8%,95.92%,40.1%
"[10, 89, 233]",0.3699,0.0615,0.0684,0.3415,0.2836,0.4061,0.2552,153.1%,83,88,42,25,49,287,57.4%,37.5%,95.70%,40.7%
"[8, 34, 150]",0.2312,0.836,-0.2423,0.1305,0.4912,0.9042,0.3918,235.1%,209,223,125,34,107,698,139.6%,59.4%,95.47%,42.7%
"[10, 40, 55]",0.6001,0.3464,-0.0971,0.1454,0.0826,0.7781,0.3093,185.6%,124,152,75,25,77,453,90.6%,48.8%,94.96%,37.7%
"[15, 34, 50]",0.2109,0.3682,0.0274,0.1469,0.2903,0.8343,0.313,187.8%,130,151,79,23,82,465,93.0%,49.5%,94.81%,38.8%
"[21, 89, 233]",0.4553,0.2342,0.1553,0.2571,0.1255,0.1851,0.2354,141.3%,57,75,37,21,43,233,46.6%,33.0%,94.66%,32.4%
"[13, 34, 55]",0.1802,0.5388,0.0376,0.2425,0.3272,0.6002,0.3211,192.6%,125,163,96,25,81,490,98.0%,50.9%,94.63%,34.2%
"[8, 34, 144]",0.2766,0.8964,-0.3177,0.1372,0.4315,0.9042,0.388,232.8%,205,222,126,34,105,692,138.4%,59.4%,94.41%,42.1%
"[13, 60, 75]",0.172,0.5799,-0.0975,0.0597,0.3073,0.5629,0.2641,158.4%,91,109,46,16,61,323,64.6%,40.8%,93.84%,39.2%
"[13, 55, 200]",0.0599,0.2387,-0.1025,0.1603,0.3787,1.0137,0.2915,174.9%,112,135,62,25,72,406,81.2%,46.4%,93.68%,38.1%
"[13, 60, 89]",0.1916,0.5188,-0.0793,0.0557,0.3162,0.5844,0.2646,158.7%,90,113,46,17,60,326,65.2%,41.1%,93.53%,38.1%
"[21, 75, 144]",0.2548,0.0735,-0.0315,0.1211,0.594,0.4187,0.2384,143.1%,68,76,36,25,43,248,49.6%,34.7%,93.46%,37.8%
"[10, 34, 100]",0.4315,0.8387,-0.3747,0.104,0.267,0.8872,0.359,215.4%,161,202,119,35,93,610,122.0%,56.6%,93.37%,35.9%
"[13, 60, 233]",0.2674,0.2224,-0.0572,0.0646,0.4842,0.7145,0.2827,169.6%,109,131,55,19,68,382,76.4%,45.0%,93.20%,39.9%
"[5, 30, 144]",0.6336,0.9275,-0.1002,0.2882,0.2649,0.6075,0.4369,262.2%,239,298,136,44,132,849,169.8%,64.8%,92.35%,39.2%
"[10, 55, 75]",0.0137,0.4354,-0.0464,0.2249,0.3396,0.696,0.2772,166.3%,99,138,47,29,57,370,74.0%,44.5%,92.31%,36.5%
"[10, 34, 60]",0.3607,0.7482,-0.3183,0.0124,0.3944,0.8076,0.3342,200.5%,138,186,101,33,84,542,108.4%,54.1%,92.10%,34.2%
"[8, 40, 233]",0.6177,0.0873,-0.0606,0.2414,0.4674,0.8635,0.3695,221.7%,179,218,110,39,103,649,129.8%,58.6%,91.89%,38.1%
"[13, 89, 233]",0.4265,-0.0102,0.1084,0.3467,0.2509,0.3138,0.2393,143.6%,70,83,43,18,46,260,52.0%,36.2%,91.61%,36.8%
"[13, 34, 144]",0.1517,0.7059,-0.1439,0.2258,0.5444,0.6562,0.3567,214.0%,165,201,126,27,97,616,123.2%,57.6%,90.82%,36.6%
"[8, 60, 150]",0.1733,0.0615,0.0681,0.2012,0.4034,0.8725,0.2966,178.0%,120,149,73,25,70,437,87.4%,49.1%,90.59%,37.9%
"[15, 25, 34]",0.0702,0.4763,0.1125,0.1148,0.3516,0.8812,0.3344,200.7%,137,206,91,32,85,551,110.2%,54.9%,90.46%,33.1%
"[8, 60, 144]",0.1733,0.0615,0.0676,0.1973,0.4034,0.8689,0.2953,177.2%,120,149,71,25,70,435,87.0%,49.1%,90.18%,38.1%
"[10, 40, 150]",0.4991,0.3018,-0.1322,0.1859,0.4493,0.7329,0.3395,203.7%,160,186,101,32,89,568,113.6%,55.8%,90.08%,39.2%
"[8, 55, 150]",0.0526,0.205,-0.1205,0.3859,0.6194,0.7263,0.3114,186.9%,140,171,69,28,77,485,97.0%,51.9%,89.86%,40.6%
"[13, 34, 60]",0.1427,0.5803,-0.032,0.2755,0.3306,0.6156,0.3188,191.3%,130,168,102,26,82,508,101.6%,53.1%,89.67%,34.4%
"[5, 55, 233]",0.2668,0.2614,0.0133,0.2061,0.2913,0.9745,0.3356,201.3%,164,176,86,36,98,560,112.0%,55.6%,89.34%,41.4%
"[8, 55, 144]",0.0526,0.2378,-0.1196,0.3969,0.6188,0.6731,0.3099,186.0%,137,173,70,28,76,484,96.8%,52.1%,89.16%,39.5%
"[10, 34, 150]",0.2357,0.6519,-0.3266,0.0928,0.6631,0.8754,0.3654,219.2%,181,212,126,34,98,651,130.2%,59.4%,89.03%,38.5%
"[10, 40, 144]",0.4991,0.3002,-0.1751,0.1933,0.4544,0.7438,0.336,201.6%,158,184,101,32,88,563,112.6%,55.9%,88.99%,39.0%
"[13, 34, 100]",0.2577,0.72,-0.1238,0.2321,0.3072,0.6484,0.3403,204.2%,153,188,117,28,93,579,115.8%,56.7%,88.37%,35.9%
"[15, 60, 144]",0.2858,0.2127,0.0307,0.0214,0.4517,0.5428,0.2575,154.5%,94,115,42,20,60,331,66.2%,42.8%,88.31%,39.7%
"[10, 34, 75]",0.4189,0.8197,-0.3826,0.0097,0.3067,0.8381,0.3351,201.0%,148,192,104,33,87,564,112.8%,56.1%,88.24%,35.6%
"[13, 89, 100]",0.404,0.0565,0.2059,0.2336,0.0827,0.3903,0.2288,137.3%,71,76,43,13,46,249,49.8%,36.3%,87.50%,39.9%
"[21, 89, 200]",0.4203,0.2342,0.1553,0.2571,0.0462,0.2109,0.2207,132.4%,55,74,35,20,41,225,45.0%,34.0%,87.41%,32.4%
"[8, 34, 89]",0.4004,1.0623,-0.3723,0.0881,0.1322,0.8362,0.3578,214.7%,184,210,116,35,97,642,128.4%,59.8%,86.29%,40.2%
"[15, 60, 200]",0.3454,0.1477,0.0551,0.0098,0.4155,0.5851,0.2598,155.9%,99,121,44,21,63,348,69.6%,44.7%,86.27%,39.8%
"[10, 40, 50]",0.5877,0.2669,-0.1341,0.1771,0.0148,0.8085,0.2868,172.1%,120,143,69,25,73,430,86.0%,50.0%,86.08%,38.7%
"[10, 89, 200]",0.3917,0.0451,0.0712,0.3415,0.1522,0.4357,0.2396,143.7%,86,87,44,24,48,289,57.8%,40.2%,85.94%,42.4%
"[13, 34, 200]",0.13,0.4136,-0.0241,0.3002,0.7314,0.5975,0.3581,214.9%,175,207,134,29,101,646,129.2%,60.1%,85.67%,37.2%
"[10, 15, 34]",0.3489,0.7156,0.0931,-0.0891,1.3033,1.0478,0.5699,342.0%,341,423,253,75,190,1282,256.4%,75.0%,85.57%,36.2%
"[10, 34, 144]",0.2594,0.7261,-0.3737,0.0994,0.5509,0.8754,0.3563,213.8%,175,212,126,34,95,642,128.4%,60.1%,85.35%,37.5%
"[10, 55, 100]",0.0519,0.419,-0.0945,0.1509,0.3774,0.7316,0.2727,163.6%,108,143,52,29,61,393,78.6%,48.0%,85.04%,37.9%
"[10, 55, 89]",0.0272,0.419,-0.0851,0.2258,0.2896,0.7396,0.2693,161.6%,106,141,48,29,59,383,76.6%,47.4%,85.01%,38.3%
"[13, 34, 233]",0.259,0.355,-0.0247,0.2775,0.7037,0.5779,0.3581,214.8%,174,213,132,30,101,650,130.0%,60.5%,84.84%,36.6%
"[15, 89, 233]",0.2564,-0.0474,0.0421,0.3457,0.3866,0.3506,0.2223,133.4%,59,84,42,18,41,244,48.8%,36.6%,84.61%,31.9%
"[5, 30, 150]",0.593,0.8768,-0.0413,0.2696,0.2493,0.6107,0.4264,255.8%,244,302,137,43,132,858,171.6%,67.1%,84.22%,39.7%
"[10, 40, 60]",0.5621,0.3313,-0.0922,0.1483,0.1128,0.7187,0.2968,178.1%,131,159,79,25,77,471,94.2%,52.9%,83.89%,38.5%
"[10, 15, 40]",0.5305,0.6678,0.0969,-0.0638,1.1241,1.2218,0.5962,357.7%,363,459,266,84,198,1370,274.0%,76.6%,83.73%,36.0%
"[15, 60, 75]",0.2449,0.3792,0.0567,0.0027,0.3639,0.3574,0.2341,140.5%,82,93,35,20,54,284,56.8%,40.4%,83.69%,40.6%
"[8, 40, 75]",0.621,0.3184,-0.167,0.1183,0.1318,0.9134,0.3227,193.6%,147,195,88,35,87,552,110.4%,57.0%,83.19%,36.3%
"[13, 34, 89]",0.2462,0.7009,-0.1896,0.22,0.371,0.6134,0.327,196.2%,150,183,114,28,90,565,113.0%,57.6%,83.19%,36.1%
"[13, 89, 200]",0.4342,0.0105,0.1136,0.3467,0.0974,0.3514,0.2256,135.4%,72,84,43,18,45,262,52.4%,38.7%,82.98%,37.9%
"[21, 40, 55]",0.478,0.2543,0.0517,0.2724,0.2656,0.3291,0.2752,165.1%,113,135,76,21,66,411,82.2%,49.8%,82.91%,37.9%
"[10, 34, 200]",0.2515,0.4504,-0.3217,0.1147,0.8398,0.8544,0.3648,218.9%,188,225,130,37,100,680,136.0%,62.1%,82.90%,38.2%
"[21, 60, 150]",0.0925,0.1919,-0.0292,0.0864,0.6059,0.5087,0.2427,145.6%,85,112,44,20,56,317,63.4%,43.5%,82.22%,36.6%
"[15, 55, 150]",0.287,0.2847,-0.2098,0.1589,0.5518,0.4914,0.2607,156.4%,100,134,58,22,62,376,75.2%,48.1%,81.19%,36.2%
"[5, 55, 200]",0.1821,0.1931,0.0111,0.2057,0.3607,0.9745,0.3212,192.7%,164,179,84,36,96,559,111.8%,58.0%,80.91%,41.5%
"[5, 60, 100]",0.126,0.2988,-0.0089,0.178,0.3551,0.8629,0.302,181.2%,142,163,81,31,85,502,100.4%,55.4%,80.80%,39.4%
"[15, 34, 60]",0.2193,0.4406,-0.0475,0.1812,0.3028,0.7273,0.3039,182.4%,140,168,90,25,85,508,101.6%,55.7%,80.77%,38.0%
"[15, 60, 100]",0.2884,0.2562,0.0364,0.0531,0.4014,0.3821,0.2363,141.8%,87,104,40,21,55,307,61.4%,43.3%,80.37%,39.5%
"[10, 34, 233]",0.3784,0.3787,-0.3208,0.092,0.8123,0.8285,0.3615,216.9%,188,227,130,38,100,683,136.6%,63.0%,80.33%,38.0%
"[15, 55, 60]",0.1017,0.4837,-0.098,0.1421,0.3782,0.3774,0.2309,138.5%,76,102,41,22,51,292,58.4%,42.2%,80.13%,35.2%
"[5, 55, 150]",0.0417,0.2756,0.0111,0.1765,0.4565,0.9401,0.3169,190.2%,161,177,85,36,92,551,110.2%,58.0%,79.95%,41.3%
"[15, 34, 75]",0.3392,0.4847,-0.0969,0.1521,0.2496,0.7509,0.3133,188.0%,152,173,96,29,91,541,108.2%,57.6%,79.76%,39.1%
"[15, 34, 150]",0.2394,0.402,-0.0609,0.2162,0.4646,0.7868,0.3414,204.8%,179,200,115,30,103,627,125.4%,61.2%,79.42%,40.0%
"[13, 55, 100]",0.064,0.3991,-0.1362,0.1561,0.2716,0.7403,0.2491,149.5%,101,119,50,20,64,354,70.8%,47.4%,78.69%,39.9%
"[5, 30, 89]",0.584,1.0515,-0.0317,0.1599,0.1371,0.4814,0.397,238.2%,230,282,125,37,126,800,160.0%,67.2%,78.23%,40.4%
"[8, 55, 60]",-0.0191,0.2854,-0.1768,0.3996,0.4031,0.6972,0.2649,159.0%,116,146,51,25,67,405,81.0%,51.0%,77.95%,40.1%
"[5, 55, 144]",0.0417,0.2959,0.012,0.185,0.4572,0.887,0.3131,187.9%,159,179,85,36,91,550,110.0%,58.5%,77.88%,40.7%
"[15, 55, 233]",0.2411,0.2907,-0.1837,0.1652,0.4686,0.601,0.2638,158.3%,106,143,61,27,66,403,80.6%,50.9%,77.69%,35.7%
"[8, 40, 55]",0.5369,0.1786,-0.1501,0.1389,0.1386,0.9876,0.3051,183.1%,140,186,81,36,84,527,105.4%,57.6%,77.65%,36.2%
"[15, 60, 233]",0.3059,0.1464,0.06,0.0181,0.3983,0.5385,0.2445,146.7%,100,119,45,23,62,349,69.8%,47.6%,76.92%,40.2%
"[8, 55, 200]",0.0624,0.1163,-0.1205,0.4138,0.5278,0.7473,0.2912,174.7%,144,174,66,30,77,491,98.2%,56.2%,76.51%,41.5%
"[10, 89, 144]",0.3327,0.077,0.0086,0.3106,0.1782,0.4257,0.2221,133.3%,84,88,43,23,46,284,56.8%,42.6%,76.48%,42.0%
"[10, 40, 89]",0.5753,0.3835,-0.2091,0.1734,0.1246,0.7329,0.2968,178.1%,141,170,90,26,81,508,101.6%,57.1%,76.46%,38.4%
"[8, 60, 233]",0.1767,0.0144,0.0617,0.1545,0.3369,0.9077,0.2753,165.2%,122,151,75,28,69,445,89.0%,53.9%,76.19%,37.8%
"[15, 34, 55]",0.2351,0.3985,-0.0058,0.149,0.2506,0.7119,0.2899,173.9%,135,164,84,24,82,489,97.8%,56.2%,76.14%,38.1%
"[15, 60, 89]",0.2652,0.3185,0.0779,-0.0012,0.3098,0.375,0.2242,134.5%,83,101,36,19,53,292,58.4%,43.4%,76.11%,39.7%
"[15, 55, 144]",0.287,0.2847,-0.2089,0.1565,0.5518,0.4382,0.2516,150.9%,100,134,58,22,61,375,75.0%,49.7%,75.93%,36.4%
"[10, 40, 75]",0.6213,0.3567,-0.1669,0.1269,0.1215,0.6707,0.2884,173.0%,137,163,84,25,77,486,97.2%,56.2%,75.81%,39.3%
"[15, 34, 40]",0.1315,0.2704,-0.0529,0.1669,0.2851,0.7651,0.261,156.6%,117,125,73,18,71,404,80.8%,51.6%,75.81%,40.8%
"[8, 40, 50]",0.5402,0.0802,-0.1884,0.1326,0.1698,1.0334,0.2946,176.8%,136,178,74,36,81,505,101.0%,57.1%,75.78%,36.9%
"[21, 89, 100]",0.3138,0.2891,0.0621,0.1881,0.0471,0.232,0.1887,113.2%,48,65,31,17,36,197,39.4%,34.8%,73.82%,32.2%
"[13, 89, 144]",0.3633,0.0417,0.082,0.2881,0.1324,0.339,0.2078,124.7%,71,81,42,18,43,255,51.0%,40.9%,73.65%,38.6%
"[10, 34, 89]",0.41,0.7864,-0.4466,-0.0063,0.3392,0.8451,0.3213,192.8%,160,200,115,34,89,598,119.6%,62.0%,73.19%,36.5%
"[8, 55, 233]",0.0998,0.0302,-0.1183,0.4175,0.5066,0.7831,0.2865,171.9%,143,174,70,31,76,494,98.8%,57.5%,73.11%,40.7%
"[21, 60, 144]",0.0479,0.1919,-0.0292,0.1152,0.5247,0.5094,0.2267,136.0%,84,114,44,20,54,316,63.2%,46.5%,72.79%,36.2%
"[5, 55, 60]",0.0593,0.3707,-0.0362,0.0873,0.3142,0.9117,0.2845,170.7%,139,161,75,33,82,490,98.0%,57.4%,72.71%,39.6%
"[10, 89, 150]",0.3327,0.0657,0.0097,0.3106,0.1782,0.4028,0.2166,130.0%,86,89,43,23,46,287,57.4%,44.2%,72.57%,42.8%
"[8, 40, 60]",0.4864,0.2111,-0.1564,0.1407,0.1598,0.9682,0.3016,181.0%,146,192,84,36,85,543,108.6%,60.0%,72.39%,36.8%
"[15, 55, 200]",0.2475,0.2043,-0.1861,0.1652,0.4858,0.5988,0.2526,151.6%,105,142,60,25,64,396,79.2%,52.3%,72.35%,36.1%
"[13, 55, 75]",0.0267,0.4915,-0.1835,0.1708,0.214,0.6742,0.2323,139.4%,95,112,48,21,60,336,67.2%,48.2%,72.15%,39.4%
"[13, 55, 60]",-0.1182,0.4713,-0.1258,0.1143,0.3063,0.6996,0.2246,134.8%,92,106,42,21,57,318,63.6%,47.2%,71.15%,40.7%
"[8, 15, 40]",0.4026,0.6017,0.2683,-0.1459,0.8183,1.1102,0.5092,305.5%,329,381,214,72,176,1172,234.4%,76.7%,71.12%,39.0%
"[21, 40, 60]",0.4523,0.2217,0.0293,0.2736,0.2691,0.3164,0.2604,156.2%,118,142,78,23,66,427,85.4%,54.7%,70.83%,38.2%
"[8, 60, 200]",0.1526,-0.0476,0.0676,0.1413,0.347,0.9266,0.2646,158.8%,124,150,73,26,68,441,88.2%,55.6%,70.55%,39.1%
"[15, 34, 233]",0.3768,0.1801,0.0098,0.2296,0.5545,0.6623,0.3355,201.3%,187,211,120,31,106,655,131.0%,65.1%,70.31%,40.0%
"[13, 89, 150]",0.3633,0.0294,0.0832,0.2881,0.1324,0.3161,0.2021,121.3%,73,82,42,18,43,258,51.6%,42.6%,69.65%,39.5%
"[5, 55, 100]",0.0827,0.3788,-0.0374,0.1768,0.3015,0.8347,0.2895,173.7%,151,173,80,32,88,524,104.8%,60.3%,68.91%,40.5%
"[15, 89, 200]",0.1856,-0.0266,0.0421,0.3457,0.2396,0.3882,0.1958,117.5%,61,84,42,17,39,243,48.6%,41.4%,68.86%,33.5%
"[15, 34, 200]",0.2478,0.2316,0.0104,0.2507,0.5716,0.6841,0.3327,199.6%,188,209,120,31,106,654,130.8%,65.5%,68.82%,40.3%
"[13, 55, 89]",0.0394,0.3991,-0.1296,0.1717,0.194,0.7125,0.2312,138.7%,101,118,48,21,62,350,70.0%,50.5%,68.70%,40.6%
"[15, 89, 100]",0.0658,0.0315,0.1282,0.2343,0.2251,0.4651,0.1917,115.0%,62,74,43,14,39,232,46.4%,40.4%,68.59%,36.5%
"[21, 60, 100]",0.0732,0.2483,-0.0531,0.1034,0.4697,0.4287,0.2117,127.0%,79,103,42,18,51,293,58.6%,46.1%,68.42%,36.9%
"[15, 34, 144]",0.2409,0.4611,-0.1067,0.1609,0.408,0.7416,0.3176,190.6%,176,197,114,30,99,616,123.2%,64.6%,67.38%,40.0%
"[10, 40, 233]",0.6067,0.0548,-0.0957,0.2299,0.4757,0.588,0.3099,185.9%,172,190,114,33,88,597,119.4%,64.2%,66.54%,40.5%
"[21, 55, 60]",0.1645,0.5645,0.0972,0.0249,0.3329,0.033,0.2028,121.7%,67,94,46,31,39,277,55.4%,45.5%,66.30%,31.9%
"[10, 89, 100]",0.4075,-0.0301,0.079,0.2776,0.0622,0.425,0.2036,122.1%,86,88,41,20,45,280,56.0%,45.9%,66.13%,44.3%
"[21, 40, 100]",0.4045,0.3034,0.0962,0.2167,0.2668,0.3585,0.2744,164.6%,142,159,88,28,76,493,98.6%,59.9%,66.01%,40.5%
"[8, 75, 200]",0.0611,0.2375,-0.1194,0.2729,0.3145,0.7092,0.246,147.6%,127,132,57,27,68,411,82.2%,55.7%,65.38%,44.7%
"[8, 75, 233]",0.0878,0.1967,-0.1184,0.2552,0.3773,0.675,0.2456,147.4%,127,129,58,28,68,410,82.0%,55.6%,65.35%,44.9%
"[10, 40, 200]",0.508,0.0299,-0.1013,0.2456,0.4676,0.6805,0.305,183.0%,170,189,110,34,88,591,118.2%,64.6%,64.82%,40.4%
"[8, 75, 150]",-0.0193,0.2082,-0.1165,0.2406,0.3537,0.7752,0.2403,144.2%,126,126,54,23,68,397,79.4%,55.1%,64.79%,46.5%
"[8, 55, 100]",0.0091,0.2194,-0.208,0.4331,0.423,0.6703,0.2578,154.7%,128,162,64,25,72,451,90.2%,58.3%,64.49%,39.6%
"[13, 75, 200]",0.3843,0.1801,-0.0597,0.1123,0.3549,0.2956,0.2112,126.8%,85,98,58,27,45,313,62.6%,49.4%,64.15%,37.3%
"[15, 55, 100]",0.2601,0.2978,-0.1872,0.1712,0.3733,0.4051,0.22,132.0%,92,123,48,21,56,340,68.0%,51.5%,64.03%,37.1%
"[8, 60, 100]",0.1074,0.016,0.0353,0.1606,0.3415,0.8068,0.2446,146.8%,120,135,72,22,67,416,83.2%,56.7%,63.56%,40.5%
"[8, 75, 144]",-0.0193,0.196,-0.1165,0.2247,0.366,0.7752,0.2377,142.6%,125,127,55,24,67,398,79.6%,55.8%,63.01%,45.8%
"[8, 55, 89]",0.0082,0.2166,-0.2,0.4656,0.334,0.6774,0.2503,150.2%,126,158,58,25,71,438,87.6%,58.3%,62.57%,40.4%
"[15, 34, 100]",0.3681,0.515,-0.0995,0.1247,0.1819,0.7,0.2984,179.0%,164,190,108,30,93,585,117.0%,65.4%,62.03%,39.0%
"[13, 75, 150]",0.1928,0.1779,-0.0367,0.0885,0.4657,0.3168,0.2008,120.5%,83,92,53,23,44,295,59.0%,49.0%,61.49%,39.2%
"[15, 34, 89]",0.3489,0.5233,-0.1652,0.1024,0.2449,0.6972,0.2919,175.2%,163,183,104,30,92,572,114.4%,65.3%,60.75%,39.9%
"[13, 75, 233]",0.4004,0.154,-0.075,0.0738,0.366,0.3039,0.2038,122.3%,85,97,57,26,44,309,61.8%,50.5%,60.50%,37.9%
"[8, 55, 75]",-0.0053,0.2133,-0.2338,0.4642,0.3548,0.6658,0.2432,145.9%,121,156,57,25,69,428,85.6%,58.7%,60.29%,39.4%
"[15, 89, 144]",0.1175,-0.0025,0.0139,0.289,0.2806,0.3763,0.1791,107.5%,60,81,42,17,37,237,47.4%,44.1%,60.08%,33.9%
"[21, 40, 75]",0.4134,0.2704,-0.0029,0.2796,0.2435,0.3011,0.2508,150.5%,130,148,81,25,69,453,90.6%,60.2%,59.91%,40.2%
"[15, 55, 75]",0.2394,0.3289,-0.1571,0.1801,0.2848,0.3599,0.206,123.6%,87,111,47,21,54,320,64.0%,51.8%,59.60%,37.3%
"[21, 55, 150]",0.3373,0.5034,-0.0415,0.0126,0.4497,0.0636,0.2208,132.5%,94,135,59,33,44,365,73.0%,55.1%,59.51%,34.7%
"[21, 75, 100]",0.1616,0.0687,-0.0516,0.1038,0.4556,0.3054,0.1739,104.4%,66,67,36,20,36,225,45.0%,43.1%,59.35%,41.5%
"[21, 60, 200]",0.0569,0.1547,-0.0286,0.0955,0.4367,0.5279,0.2072,124.3%,91,115,47,20,55,328,65.6%,52.8%,58.72%,38.4%
"[15, 89, 150]",0.1175,-0.0148,0.015,0.289,0.2806,0.3763,0.1773,106.4%,61,82,42,17,37,239,47.8%,44.9%,58.56%,34.3%
"[13, 75, 144]",0.1928,0.1487,-0.0367,0.0701,0.4709,0.3168,0.1937,116.3%,83,91,54,23,43,294,58.8%,50.6%,57.45%,39.3%
"[21, 55, 75]",0.2683,0.5028,0.0828,0.0142,0.3291,-0.022,0.1959,117.5%,77,103,49,33,41,303,60.6%,51.6%,56.93%,34.1%
"[21, 75, 89]",0.1645,0.0687,-0.0591,0.0804,0.4315,0.317,0.1672,100.3%,64,67,36,19,34,220,44.0%,43.9%,56.32%,41.0%
"[21, 40, 50]",0.4247,0.1286,0.0226,0.3004,0.1397,0.3067,0.2205,132.3%,109,128,71,17,57,382,76.4%,57.8%,55.87%,39.9%
"[5, 60, 75]",0.2373,0.336,-0.1016,0.1082,0.1624,0.7661,0.2514,150.8%,139,160,70,28,79,476,95.2%,63.1%,55.64%,41.2%
"[5, 60, 89]",0.1544,0.2767,-0.0539,0.1126,0.2111,0.824,0.2542,152.5%,140,162,73,30,80,485,97.0%,63.6%,55.49%,40.6%
"[15, 55, 89]",0.2601,0.2978,-0.1908,0.181,0.2973,0.376,0.2035,122.1%,92,121,47,21,55,336,67.2%,55.0%,54.93%,37.7%
"[21, 60, 89]",0.0855,0.212,-0.0326,0.0294,0.3778,0.4215,0.1823,109.4%,76,98,36,28,35,273,54.6%,49.9%,54.76%,38.6%
"[8, 15, 34]",0.1475,0.6387,0.1858,-0.1467,0.882,0.9839,0.4485,269.1%,305,344,200,62,163,1074,214.8%,79.8%,54.32%,39.7%
"[5, 55, 89]",0.0715,0.3828,-0.0745,0.1291,0.2143,0.848,0.2619,157.1%,155,171,76,33,87,522,104.4%,66.4%,52.72%,42.2%
"[5, 55, 75]",0.0605,0.3835,-0.1291,0.1583,0.2165,0.8572,0.2578,154.7%,151,167,74,33,85,510,102.0%,65.9%,52.69%,42.1%
"[21, 55, 144]",0.3373,0.4832,-0.0417,0.0111,0.4497,0.0105,0.2083,125.0%,95,134,59,33,43,364,72.8%,58.2%,52.20%,35.3%
"[21, 60, 233]",0.0276,0.1708,-0.0271,0.0955,0.4232,0.4786,0.1948,116.9%,91,115,46,21,54,327,65.4%,56.0%,51.47%,38.6%
"[21, 60, 75]",0.0362,0.2711,-0.0229,0.0193,0.4102,0.3158,0.1716,103.0%,73,91,36,26,34,260,52.0%,50.5%,50.98%,39.0%
"[8, 89, 100]",0.2018,0.2476,0.1761,0.1941,0.1131,0.216,0.1914,114.9%,102,104,44,19,51,320,64.0%,55.7%,50.86%,46.8%
"[8, 89, 233]",0.1575,0.2173,0.0677,0.2964,0.2592,0.1622,0.1934,116.0%,104,103,44,26,52,329,65.8%,56.7%,50.23%,46.2%
"[8, 89, 144]",0.235,0.2578,0.0664,0.2665,0.1587,0.1583,0.1905,114.3%,105,101,44,24,51,325,65.0%,56.9%,49.27%,47.7%
"[21, 40, 144]",0.3306,0.1393,0.1052,0.2465,0.4706,0.2318,0.254,152.4%,153,168,94,28,77,520,104.0%,68.2%,48.39%,41.7%
"[21, 55, 100]",0.2895,0.5388,-0.0094,-0.0461,0.3471,0.0131,0.1888,113.3%,84,119,51,33,40,327,65.4%,57.7%,47.91%,34.6%
"[21, 40, 150]",0.3351,0.1414,0.143,0.2363,0.4489,0.2208,0.2542,152.6%,155,169,98,28,78,528,105.6%,69.2%,46.95%,41.6%
"[21, 55, 89]",0.2888,0.5388,0.0127,-0.0384,0.2914,0.01,0.1839,110.3%,82,113,50,34,40,319,63.8%,57.8%,46.54%,34.6%
"[8, 60, 89]",0.0645,0.0133,-0.0159,0.1984,0.2046,0.7994,0.2107,126.4%,120,131,67,22,64,404,80.8%,63.9%,45.64%,42.3%
"[21, 40, 200]",0.353,-0.0029,0.1362,0.3,0.4544,0.3186,0.2599,155.9%,163,182,102,26,82,555,111.0%,71.2%,44.92%,41.6%
"[21, 40, 89]",0.3612,0.238,0.0037,0.2717,0.1648,0.3501,0.2316,139.0%,140,150,85,26,71,472,94.4%,67.9%,44.55%,42.2%
"[15, 75, 150]",0.1758,0.105,-0.1145,0.0923,0.5788,0.133,0.1617,97.0%,79,87,49,28,26,269,53.8%,55.4%,43.24%,41.6%
"[8, 89, 150]",0.1588,0.2465,0.0675,0.2665,0.1833,0.1583,0.1801,108.1%,105,102,44,24,50,325,65.0%,60.1%,43.08%,47.7%
"[8, 60, 75]",0.063,0.0817,-0.0798,0.1918,0.1927,0.7693,0.2031,121.9%,118,130,63,20,63,394,78.8%,64.7%,43.07%,42.8%
"[8, 89, 200]",0.1955,0.1763,0.0681,0.2964,0.1283,0.2138,0.1797,107.9%,104,100,45,26,50,325,65.0%,60.3%,42.85%,47.1%
"[15, 75, 144]",0.1758,0.105,-0.1145,0.074,0.5839,0.133,0.1595,95.7%,80,86,50,28,26,270,54.0%,56.4%,41.72%,42.1%
"[5, 40, 100]",0.3489,0.4885,-0.1737,0.3317,0.1836,0.6794,0.3097,185.8%,207,255,108,41,111,722,144.4%,77.7%,41.44%,40.2%
"[5, 89, 100]",0.2163,0.3301,0.0193,0.1686,-0.0714,0.4767,0.1899,114.0%,127,122,53,21,62,385,77.0%,67.6%,36.96%,49.2%
"[5, 75, 150]",-0.1356,0.5079,-0.2679,0.0432,0.4672,0.6278,0.2071,124.3%,146,133,65,23,74,441,88.2%,71.0%,36.07%,49.5%
"[21, 40, 233]",0.3304,-0.0178,0.1611,0.2889,0.4603,0.264,0.2478,148.7%,166,187,103,27,81,564,112.8%,75.9%,35.90%,41.7%
"[15, 75, 233]",0.3784,0.0053,-0.1543,0.1017,0.4697,0.1156,0.1527,91.6%,82,95,48,29,28,282,56.4%,61.6%,35.23%,41.0%
"[21, 55, 233]",0.3155,0.51,-0.0416,0.0195,0.1995,0.1169,0.1866,112.0%,102,145,59,25,59,390,78.0%,69.7%,33.98%,35.4%
"[5, 40, 50]",0.3103,0.2814,-0.1805,0.3488,0.2919,0.5372,0.2649,158.9%,186,212,94,41,95,628,125.6%,79.0%,33.32%,42.1%
"[15, 75, 200]",0.3404,0.0233,-0.139,0.1007,0.47,0.1118,0.1512,90.7%,83,97,50,29,28,287,57.4%,63.3%,33.32%,40.7%
"[5, 40, 144]",0.2851,0.3803,-0.2265,0.3584,0.3174,0.7079,0.3038,182.3%,224,258,112,43,115,752,150.4%,82.5%,31.87%,42.4%
"[21, 55, 200]",0.3193,0.44,-0.0429,0.0195,0.213,0.1162,0.1775,106.5%,100,141,60,24,57,382,76.4%,71.7%,30.10%,35.5%
"[5, 75, 144]",-0.1356,0.4929,-0.2679,0.0213,0.4672,0.5973,0.1959,117.5%,146,132,65,23,73,439,87.8%,74.7%,29.73%,49.8%
"[10, 75, 144]",0.0147,0.2074,-0.1504,0.0631,0.3344,0.509,0.163,97.8%,110,104,60,27,50,351,70.2%,71.8%,27.63%,45.6%
"[5, 40, 150]",0.2851,0.3819,-0.2275,0.3425,0.3066,0.697,0.2976,178.6%,227,257,115,42,115,756,151.2%,84.7%,27.36%,42.9%
"[5, 40, 75]",0.405,0.3857,-0.1779,0.4103,0.1189,0.4724,0.2691,161.4%,197,241,99,41,100,678,135.6%,84.0%,25.84%,41.0%
"[5, 40, 89]",0.4311,0.4214,-0.1411,0.3657,0.0787,0.5054,0.2769,166.1%,207,250,102,38,106,703,140.6%,84.6%,25.52%,41.7%
"[10, 75, 200]",0.1133,0.246,-0.1791,0.1298,0.2236,0.4342,0.1613,96.8%,112,108,61,31,51,363,72.6%,75.0%,24.18%,44.6%
"[10, 75, 150]",0.0147,0.2377,-0.1504,0.0814,0.247,0.509,0.1566,94.0%,110,105,59,27,50,351,70.2%,74.7%,23.75%,45.6%
"[13, 40, 55]",0.2132,0.1893,-0.1999,-0.1196,0.1888,0.8249,0.1828,109.7%,134,142,70,23,71,440,88.0%,80.2%,21.68%,43.8%
"[5, 75, 200]",-0.0547,0.3992,-0.2713,0.0602,0.3376,0.6342,0.1842,110.5%,147,139,67,26,72,451,90.2%,81.6%,20.31%,48.4%
"[5, 75, 233]",0.012,0.3542,-0.2681,0.0362,0.3368,0.6182,0.1815,108.9%,147,135,68,27,72,449,89.8%,82.4%,19.12%,48.7%
"[10, 75, 233]",0.1284,0.2014,-0.1781,0.0912,0.2356,0.4147,0.1489,89.3%,114,106,60,31,50,361,72.2%,80.8%,17.13%,46.2%
"[5, 89, 200]",0.1328,0.1971,-0.0759,0.1545,0.0674,0.4658,0.157,94.2%,134,113,53,28,59,387,77.4%,82.2%,16.78%,53.0%
"[5, 40, 55]",0.344,0.3701,-0.1849,0.3304,0.0589,0.4976,0.236,141.6%,193,219,92,41,96,641,128.2%,90.5%,13.41%,43.1%
"[5, 89, 144]",0.0499,0.2457,-0.0783,0.1421,0.0754,0.4692,0.1507,90.4%,133,113,53,28,58,385,77.0%,85.2%,13.40%,52.8%
"[5, 40, 60]",0.3305,0.4004,-0.1834,0.3337,0.0619,0.4992,0.2404,144.2%,196,228,96,41,97,658,131.6%,91.2%,12.63%,42.4%
"[13, 40, 100]",0.2744,0.2369,-0.214,-0.1921,0.2457,0.7974,0.1914,114.8%,157,170,80,29,76,512,102.4%,89.2%,12.44%,44.2%
"[8, 75, 89]",0.0393,-0.1576,-0.0991,0.2723,0.2809,0.5314,0.1445,86.7%,123,120,56,21,55,375,75.0%,86.5%,11.72%,48.8%
"[13, 40, 50]",0.2017,0.1319,-0.2238,-0.0912,0.09,0.8445,0.1588,95.3%,132,133,67,21,67,420,84.0%,88.1%,11.31%,45.8%
"[13, 40, 233]",0.2617,0.1293,-0.1077,-0.1353,0.4403,0.6592,0.2079,124.7%,174,191,92,30,82,569,113.8%,91.2%,10.94%,44.1%
"[13, 40, 200]",0.2203,0.0511,-0.1115,-0.1256,0.4321,0.7675,0.2056,123.4%,174,188,91,29,84,566,113.2%,91.7%,10.19%,44.4%
"[8, 75, 100]",-0.0106,-0.1042,-0.1009,0.2521,0.2757,0.5328,0.1408,84.5%,122,124,57,20,55,378,75.6%,89.5%,8.90%,47.7%
"[5, 40, 200]",0.3693,-0.0089,-0.2127,0.4058,0.432,0.6676,0.2755,165.3%,243,257,125,42,118,785,157.0%,95.0%,8.31%,44.8%
"[5, 89, 233]",0.125,0.1965,-0.0851,0.1545,0.0575,0.4053,0.1423,85.4%,138,115,53,28,60,394,78.8%,92.3%,6.57%,53.9%
"[5, 89, 150]",-0.0282,0.2457,-0.0771,0.1421,0.0754,0.4692,0.1378,82.7%,133,113,53,28,57,384,76.8%,92.9%,5.91%,53.0%
"[13, 75, 100]",0.0652,0.1031,-0.1528,0.0294,0.3859,0.171,0.1003,60.2%,82,83,57,19,33,274,54.8%,91.1%,5.38%,42.7%
"[13, 40, 60]",0.2011,0.1601,-0.2128,-0.1179,0.1576,0.7722,0.16,96.0%,143,149,72,24,71,459,91.8%,95.6%,4.23%,45.3%
"[13, 40, 150]",0.1898,0.2202,-0.1907,-0.1853,0.3895,0.7173,0.1901,114.1%,173,182,87,28,82,552,110.4%,96.8%,3.66%,45.6%
"[13, 40, 75]",0.2628,0.1748,-0.2241,-0.1506,0.1518,0.7592,0.1623,97.4%,150,155,73,26,71,475,95.0%,97.5%,2.39%,46.2%
"[13, 40, 89]",0.2533,0.2088,-0.2124,-0.1573,0.1225,0.7872,0.167,100.2%,154,161,75,27,73,490,98.0%,97.8%,2.21%,45.8%
"[13, 75, 89]",0.0662,0.0637,-0.1318,0.0292,0.3324,0.1924,0.092,55.2%,81,81,55,19,31,267,53.4%,96.8%,1.79%,43.5%
"[15, 75, 100]",0.0651,0.0383,-0.146,0.0385,0.4995,0.0002,0.0826,49.6%,80,76,52,27,17,252,50.4%,101.7%,-0.84%,46.5%
"[15, 75, 89]",0.064,0.0214,-0.1397,0.0711,0.4487,0.0226,0.0813,48.8%,80,74,51,27,17,249,49.8%,102.0%,-1.00%,47.3%
"[5, 40, 233]",0.4156,0.0154,-0.1681,0.3859,0.3931,0.487,0.2548,152.9%,245,257,126,43,117,788,157.6%,103.1%,-4.70%,45.1%
"[13, 40, 144]",0.1898,0.2175,-0.2349,-0.1893,0.3277,0.7283,0.1732,103.9%,172,183,84,28,80,547,109.4%,105.3%,-5.49%,45.9%
"[10, 75, 89]",-0.0431,0.0357,-0.2193,0.1321,0.1938,0.3101,0.0682,40.9%,104,101,57,22,39,323,64.6%,157.9%,-23.68%,47.5%
"[15, 40, 55]",0.2563,0.2161,-0.1277,-0.0419,-0.0672,0.3182,0.0923,55.4%,128,140,73,24,56,421,84.2%,152.1%,-28.83%,43.7%
"[15, 40, 233]",0.2415,0.0841,-0.0269,-0.0461,0.2508,0.3227,0.1377,82.6%,166,192,98,30,73,559,111.8%,135.3%,-29.19%,42.2%
"[5, 75, 89]",-0.1714,0.1555,-0.0918,0.0745,0.3016,0.2712,0.0899,53.9%,149,133,68,20,60,430,86.0%,159.4%,-32.06%,53.0%
"[10, 75, 100]",-0.0937,0.074,-0.2373,0.048,0.2353,0.2772,0.0506,30.3%,108,102,59,23,38,330,66.0%,217.5%,-35.66%,48.6%
"[15, 40, 200]",0.1845,0.0395,-0.03,-0.0529,0.2427,0.3568,0.1234,74.1%,167,188,98,29,73,555,111.0%,149.9%,-36.94%,43.0%
"[15, 40, 100]",0.2324,0.2221,-0.1416,-0.1293,0.0405,0.3672,0.0985,59.1%,155,167,87,29,65,503,100.6%,170.1%,-41.47%,44.5%
"[5, 75, 100]",-0.1712,0.1785,-0.2611,0.0157,0.296,0.3536,0.0686,41.2%,149,132,68,20,60,429,85.8%,208.5%,-44.65%,53.2%
"[15, 40, 150]",0.1613,0.182,-0.1145,-0.1209,0.2187,0.2853,0.102,61.2%,168,179,93,29,70,539,107.8%,176.2%,-46.61%,45.3%
"[15, 40, 60]",0.2041,0.1592,-0.142,-0.0403,-0.096,0.3334,0.0697,41.8%,138,147,76,25,57,443,88.6%,211.8%,-46.76%,45.2%
"[15, 40, 50]",0.2363,0.104,-0.1508,-0.0176,-0.1442,0.2939,0.0536,32.2%,127,132,68,22,50,399,79.8%,248.2%,-47.65%,46.7%
"[15, 40, 144]",0.1613,0.2148,-0.1523,-0.1263,0.1569,0.2962,0.0918,55.1%,167,178,91,29,69,534,106.8%,193.9%,-51.72%,45.5%
"[15, 40, 75]",0.2657,0.1264,-0.1517,-0.0664,-0.0706,0.3067,0.0683,41.0%,148,151,81,27,59,466,93.2%,227.3%,-52.19%,46.5%
"[15, 40, 89]",0.2127,0.1604,-0.1412,-0.073,-0.1007,0.357,0.0692,41.5%,152,157,83,27,61,480,96.0%,231.3%,-54.49%,46.3%
