date,ticker,signal,price,stop_loss,tp
2018-02-23 20:00:00.000,ADA-BTC,short,3.142e-05,3.2e-05,2
2018-02-24 10:00:00.000,LTC-BTC,long,0.020744,0.020095,2
2018-02-26 02:00:00,BTC-USDT,short,9429.61,9754.98,0
2018-03-01 05:00:00.000,ETH-BTC,short,0.081448,0.082999,2
2018-03-01 16:00:00.000,LTC-BTC,short,0.019235,0.01998,1
2018-03-03 08:00:00.000,LTC-BTC,short,0.018638,0.019115,1
2018-03-03 17:00:00.000,ETH-USDT,short,856.02,868.98,2
2018-03-04 01:00:00.000,ETH-BTC,short,0.075402,0.076123,0
2018-03-04 17:00:00,BTC-USDT,long,11515.0,11090.01,0
2018-03-04 21:00:00.000,LTC-BTC,short,0.018339,0.018799,0
2018-03-04 21:00:00.000,ETH-BTC,short,0.07495800000000001,0.077557,1
2018-03-05 13:00:00.000,EOS-BTC,short,0.00069007,0.00071449,2
2018-03-06 07:00:00.000,LTC-BTC,short,0.01819,0.0186,1
2018-03-06 19:00:00.000,LTC-BTC,short,0.018242,0.018564,1
2018-03-06 21:00:00.000,ADA-BTC,short,2.539e-05,2.628e-05,2
2018-03-07 08:00:00.000,XRP-BTC,short,8.396e-05,8.588e-05,1
2018-03-08 23:00:00.000,XRP-BTC,long,8.788e-05,8.548e-05,2
2018-03-09 03:00:00.000,ETH-BTC,long,0.076922,0.0745,1
2018-03-10 21:00:00.000,LTC-BTC,long,0.020453,0.01991,0
2018-03-10 21:00:00.000,XRP-BTC,long,8.94e-05,8.587e-05,0
2018-03-11 01:00:00.000,ETH-BTC,long,0.079029,0.0772,0
2018-03-13 12:00:00.000,ETH-BTC,short,0.075573,0.077186,2
2018-03-13 12:00:00.000,XRP-BTC,short,8.453e-05,8.62e-05,1
2018-03-14 10:00:00.000,XRP-BTC,short,8.416e-05,8.609e-05,2
2018-03-17 10:00:00.000,EOS-BTC,short,0.0006051,0.0006156000000000001,2
2018-03-17 14:00:00.000,ETH-BTC,short,0.070766,0.073556,2
2018-03-19 14:00:00.000,LTC-BTC,short,0.018623,0.018959,0
2018-03-23 09:00:00.000,ETH-BTC,short,0.061504,0.063,1
2018-03-23 10:00:00.000,ETH-BTC,short,0.061082,0.063,1
2018-03-24 00:00:00.000,LTC-BTC,short,0.018657,0.019038,1
2018-03-24 17:00:00.000,ETH-USDT,short,527.0,543.0,1
2018-03-28 08:00:00.000,XRP-BTC,short,7.202e-05,7.335e-05,2
2018-03-28 10:00:00.000,ETH-BTC,short,0.056815,0.057961,2
2018-03-28 11:00:00,BTC-USDT,short,7880.01,8109.0,2
2018-03-28 14:00:00,BTC-USDT,short,7899.94,8109.0,2
2018-03-28 23:00:00.000,ADA-BTC,short,1.957e-05,2.02e-05,1
2018-03-29 01:00:00.000,EOS-BTC,long,0.000786,0.00076675,2
2018-04-02 11:00:00.000,ETH-BTC,short,0.055178,0.0559,2
2018-04-02 14:00:00.000,ETH-BTC,short,0.054673,0.0559,1
2018-04-02 16:00:00.000,ADA-BTC,long,2.154e-05,2.099e-05,1
2018-04-04 01:00:00,BTC-USDT,long,7350.0,7223.0,0
2018-04-06 23:00:00.000,ADA-BTC,short,2.134e-05,2.185e-05,0
2018-04-07 00:00:00.000,XRP-BTC,short,7.114e-05,7.189e-05,2
2018-04-07 08:00:00.000,XRP-BTC,short,7.034e-05,7.15e-05,1
2018-04-08 17:00:00,BTC-USDT,long,7027.0,6937.03,2
2018-04-10 06:00:00.000,ADA-BTC,long,2.226e-05,2.18e-05,2
2018-04-10 09:00:00.000,ETH-USDT,long,399.56,391.4,2
2018-04-10 10:00:00.000,ETH-BTC,long,0.059511,0.0584,2
2018-04-10 11:00:00.000,XRP-BTC,long,7.167e-05,7.09e-05,2
2018-04-10 12:00:00.000,XRP-BTC,long,7.170000000000001e-05,7.09e-05,1
2018-04-11 09:00:00.000,XRP-BTC,long,7.209999999999999e-05,7.09e-05,1
2018-04-13 20:00:00.000,ETH-BTC,long,0.062912,0.0621,1
2018-04-14 17:00:00,BTC-USDT,long,8060.22,7849.46,2
2018-04-14 19:00:00.000,ETH-BTC,long,0.063013,0.061701,1
2018-04-15 00:00:00.000,XRP-BTC,long,8.114e-05,7.935e-05,2
2018-04-15 15:00:00.000,LTC-BTC,short,0.015764,0.016004,0
2018-04-16 02:00:00.000,ETH-BTC,long,0.0634,0.06291000000000001,2
2018-04-16 23:00:00.000,XRP-BTC,long,8.224e-05,8.101e-05,2
2018-04-17 03:00:00.000,ETH-BTC,long,0.06349199999999999,0.062874,1
2018-04-18 07:00:00.000,ETH-USDT,long,517.36,504.08,2
2018-04-18 10:00:00.000,ETH-BTC,long,0.063874,0.063261,2
2018-04-18 17:00:00.000,LTC-BTC,long,0.017158,0.016855000000000002,1
2018-04-18 17:00:00.000,ETH-BTC,long,0.064093,0.063373,1
2018-04-20 13:00:00.000,LTC-BTC,long,0.017646000000000002,0.0175,2
2018-04-20 14:00:00.000,LTC-BTC,long,0.017873,0.0175,0
2018-04-22 02:00:00.000,ETH-USDT,long,611.8,589.0,2
2018-04-22 03:00:00,BTC-USDT,long,8940.03,8762.32,0
2018-04-23 10:00:00.000,EOS-BTC,long,0.0013036,0.0012882999999999998,0
2018-04-23 11:00:00,BTC-USDT,long,8911.54,8831.0,0
2018-04-23 15:00:00,BTC-USDT,long,8924.11,8800.6,2
2018-04-27 00:00:00.000,LTC-BTC,short,0.016287,0.01668,1
2018-04-27 04:00:00.000,ETH-BTC,long,0.0724,0.07067899999999999,1
2018-04-27 10:00:00.000,XRP-BTC,short,9.092e-05,9.181e-05,0
2018-04-28 04:00:00.000,LTC-BTC,short,0.016184999999999998,0.016365,0
2018-04-29 07:00:00.000,LTC-BTC,short,0.016163999999999998,0.016397,0
2018-04-29 15:00:00.000,LTC-BTC,short,0.01623,0.016388999999999997,0
2018-04-29 20:00:00.000,ETH-BTC,long,0.073462,0.072509,2
2018-04-30 04:00:00.000,ETH-USDT,long,688.0,673.18,0
2018-04-30 10:00:00.000,LTC-BTC,short,0.016197,0.016395,2
2018-05-01 10:00:00.000,LTC-BTC,short,0.016155000000000003,0.016316999999999998,0
2018-05-02 20:00:00.000,ETH-BTC,long,0.07511,0.07391,2
2018-05-04 20:00:00,BTC-USDT,long,9809.99,9570.1,1
2018-05-04 21:00:00.000,ETH-BTC,long,0.08164,0.079907,2
2018-05-04 23:00:00.000,ETH-BTC,long,0.08257,0.079907,1
2018-05-08 07:00:00,BTC-USDT,short,9140.0,9475.7,1
2018-05-08 11:00:00.000,XRP-BTC,short,8.758e-05,8.905e-05,2
2018-05-08 12:00:00.000,ADA-BTC,short,3.509e-05,3.6e-05,2
2018-05-09 20:00:00.000,ADA-BTC,short,3.41e-05,3.456e-05,2
2018-05-10 01:00:00.000,XRP-BTC,short,8.519e-05,8.661e-05,2
2018-05-10 05:00:00.000,XRP-BTC,short,8.506e-05,8.6e-05,2
2018-05-10 07:00:00.000,LTC-BTC,short,0.016786000000000002,0.0172,2
2018-05-12 00:00:00.000,ETH-BTC,short,0.079093,0.0812,1
2018-05-15 04:00:00.000,ADA-BTC,short,3.09e-05,3.14e-05,2
2018-05-15 05:00:00.000,ADA-BTC,short,3.099e-05,3.14e-05,2
2018-05-15 11:00:00.000,ETH-BTC,long,0.08481,0.083196,0
2018-05-15 11:00:00.000,ADA-BTC,short,3.062e-05,3.14e-05,2
2018-05-16 06:00:00.000,ETH-BTC,long,0.08431,0.082447,1
2018-05-17 09:00:00.000,LTC-BTC,long,0.016738,0.01656,1
2018-05-17 13:00:00,BTC-USDT,short,8154.0,8354.0,2
2018-05-17 16:00:00.000,ADA-BTC,short,2.969e-05,3.045e-05,1
2018-05-18 21:00:00.000,XRP-BTC,short,8.18e-05,8.278e-05,1
2018-05-18 22:00:00.000,ADA-BTC,short,2.916e-05,2.972e-05,0
2018-05-19 09:00:00.000,LTC-BTC,short,0.016349000000000002,0.016572999999999997,1
2018-05-19 19:00:00.000,ADA-BTC,short,2.922e-05,2.957e-05,0
2018-05-20 22:00:00.000,EOS-BTC,long,0.0016303,0.0016115,2
2018-05-22 07:00:00.000,ETH-BTC,short,0.083137,0.084,2
2018-05-22 12:00:00.000,ETH-BTC,short,0.082105,0.083798,2
2018-05-22 19:00:00.000,XRP-BTC,short,8.006e-05,8.144e-05,1
2018-05-25 04:00:00,BTC-USDT,short,7405.0,7649.55,1
2018-05-25 10:00:00.000,ADA-BTC,short,2.678e-05,2.727e-05,1
2018-05-27 16:00:00.000,EOS-BTC,long,0.0016925999999999998,0.0016675,2
2018-05-28 02:00:00,BTC-USDT,short,7215.0,7437.0,1
2018-05-31 03:00:00,BTC-USDT,long,7544.0,7327.51,1
2018-06-02 00:00:00,BTC-USDT,long,7531.98,7396.0,2
2018-06-02 01:00:00.000,ETH-USDT,long,586.46,566.0,2
2018-06-02 04:00:00.000,ETH-BTC,long,0.077747,0.07651000000000001,2
2018-06-02 09:00:00.000,ETH-BTC,long,0.077431,0.07651000000000001,1
2018-06-03 23:00:00,BTC-USDT,long,7699.01,7636.21,0
2018-06-06 06:00:00.000,EOS-BTC,long,0.0018413,0.0018216,1
2018-06-06 10:00:00.000,ETH-BTC,long,0.07991000000000001,0.07900900000000001,0
2018-06-06 12:00:00.000,LTC-BTC,short,0.015854,0.016055,1
2018-06-07 02:00:00.000,XRP-BTC,long,8.873e-05,8.75e-05,0
2018-06-07 19:00:00,BTC-USDT,long,7694.99,7620.0,0
2018-06-09 11:00:00.000,ADA-BTC,short,2.681e-05,2.728e-05,2
2018-06-09 14:00:00.000,ETH-USDT,short,599.67,607.2,2
2018-06-10 13:00:00.000,LTC-BTC,short,0.015568,0.015754,1
2018-06-10 17:00:00.000,LTC-BTC,short,0.015468,0.015889,0
2018-06-12 11:00:00.000,XRP-BTC,short,8.48e-05,8.665e-05,1
2018-06-12 12:00:00.000,ADA-BTC,short,2.501e-05,2.576e-05,1
2018-06-12 13:00:00,BTC-USDT,short,6671.31,6872.68,2
2018-06-12 14:00:00.000,ETH-BTC,short,0.075723,0.078399,2
2018-06-14 20:00:00.000,XRP-BTC,short,8.339e-05,8.525e-05,2
2018-06-15 05:00:00.000,LTC-BTC,short,0.014844,0.01519,1
2018-06-16 07:00:00.000,ETH-USDT,short,495.71,502.98,2
2018-06-16 09:00:00.000,ETH-USDT,short,490.2,502.98,1
2018-06-16 22:00:00.000,ETH-BTC,long,0.07756,0.076159,2
2018-06-17 07:00:00.000,LTC-BTC,short,0.014749000000000003,0.01497,2
2018-06-17 21:00:00.000,ADA-BTC,short,2.468e-05,2.507e-05,2
2018-06-19 01:00:00.000,LTC-BTC,short,0.014531,0.014855000000000004,0
2018-06-19 12:00:00.000,LTC-BTC,short,0.0146,0.01504,2
2018-06-19 20:00:00.000,EOS-BTC,short,0.0015669,0.0016022000000000002,1
2018-06-19 23:00:00.000,XRP-BTC,short,8.027e-05,8.176e-05,2
2018-06-20 13:00:00,BTC-USDT,long,6757.5,6572.0,0
2018-06-20 20:00:00.000,ETH-BTC,long,0.079759,0.078775,1
2018-06-21 08:00:00.000,XRP-BTC,short,7.967e-05,8.08e-05,1
2018-06-21 12:00:00.000,EOS-BTC,short,0.0015399,0.0015822000000000002,2
2018-06-23 02:00:00.000,XRP-BTC,short,7.914e-05,8.038e-05,2
2018-06-24 00:00:00.000,ETH-BTC,short,0.07606,0.077515,2
2018-06-25 13:00:00.000,XRP-BTC,short,7.667e-05,7.864e-05,2
2018-06-26 07:00:00.000,LTC-BTC,short,0.013006,0.013354,2
2018-06-26 07:00:00.000,ETH-BTC,short,0.072515,0.07437,2
2018-06-26 08:00:00.000,LTC-BTC,short,0.01289,0.01321,1
2018-06-28 02:00:00.000,ADA-BTC,short,2.041e-05,2.092e-05,1
2018-06-28 05:00:00.000,XRP-BTC,short,7.519e-05,7.687e-05,2
2018-06-28 10:00:00,BTC-USDT,short,6107.0,6173.01,2
2018-06-28 16:00:00.000,ETH-USDT,short,426.24,440.0,2
2018-06-29 02:00:00.000,ETH-BTC,short,0.070451,0.072189,1
2018-06-29 04:00:00.000,XRP-BTC,short,7.486e-05,7.64e-05,2
2018-06-30 12:00:00.000,XRP-BTC,short,7.243e-05,7.371e-05,1
2018-06-30 16:00:00.000,LTC-BTC,short,0.012577,0.012934,1
2018-07-01 16:00:00.000,ETH-USDT,long,453.06,443.73,2
2018-07-03 10:00:00,BTC-USDT,long,6585.02,6519.99,2
2018-07-05 05:00:00.000,EOS-BTC,long,0.0013715,0.0013472000000000002,0
2018-07-06 19:00:00.000,ADA-BTC,short,2.187e-05,2.218e-05,2
2018-07-06 20:00:00.000,ADA-BTC,short,2.168e-05,2.218e-05,2
2018-07-06 23:00:00.000,XRP-BTC,short,7.172e-05,7.26e-05,1
2018-07-07 03:00:00.000,EOS-BTC,short,0.0013023,0.001321,2
2018-07-07 05:00:00.000,XRP-BTC,short,7.140000000000001e-05,7.228e-05,1
2018-07-07 08:00:00.000,EOS-BTC,short,0.0012898,0.0013135999999999998,0
2018-07-08 19:00:00.000,LTC-BTC,short,0.012286,0.012592,1
2018-07-08 20:00:00.000,ADA-BTC,short,2.153e-05,2.197e-05,1
2018-07-08 20:00:00.000,XRP-BTC,short,7.111e-05,7.219999999999999e-05,1
2018-07-10 22:00:00.000,ADA-BTC,short,2.024e-05,2.073e-05,1
2018-07-12 00:00:00.000,ADA-BTC,short,2.025e-05,2.062e-05,1
2018-07-12 01:00:00,BTC-USDT,short,6210.18,6381.08,1
2018-07-12 04:00:00.000,ETH-USDT,short,433.48,445.42,1
2018-07-13 21:00:00,BTC-USDT,short,6228.0,6347.38,0
2018-07-15 05:00:00.000,ADA-BTC,long,2.209e-05,2.154e-05,2
2018-07-15 08:00:00.000,LTC-BTC,short,0.012135,0.012323,0
2018-07-17 09:00:00.000,XRP-BTC,long,7.08e-05,7.01e-05,0
2018-07-18 11:00:00.000,EOS-BTC,long,0.0012008,0.0011886,1
2018-07-19 13:00:00,BTC-USDT,long,7427.0,7291.37,2
2018-07-22 02:00:00.000,LTC-BTC,short,0.011166,0.01138,1
2018-07-22 04:00:00.000,EOS-BTC,short,0.0010826,0.0010954,0
2018-07-22 07:00:00.000,EOS-BTC,short,0.0010868,0.0010965,2
2018-07-24 22:00:00.000,LTC-BTC,short,0.010518,0.01075,1
2018-07-26 01:00:00.000,ETH-USDT,long,483.3,471.01,0
2018-07-26 05:00:00,BTC-USDT,long,8290.47,8169.26,0
2018-07-26 08:00:00.000,XRP-BTC,short,5.599e-05,5.668e-05,0
2018-07-26 13:00:00.000,ADA-BTC,short,2.073e-05,2.128e-05,1
2018-07-28 20:00:00.000,XRP-BTC,short,5.507e-05,5.564e-05,0
2018-07-28 22:00:00.000,LTC-BTC,short,0.010204,0.01031,2
2018-07-29 09:00:00,BTC-USDT,long,8215.97,8115.0,1
2018-07-29 15:00:00.000,LTC-BTC,short,0.01019,0.010283,0
2018-07-29 21:00:00.000,EOS-BTC,short,0.001003,0.00103,2
2018-07-29 21:00:00.000,ADA-BTC,short,1.967e-05,1.995e-05,2
2018-07-30 04:00:00.000,LTC-BTC,short,0.010175,0.010304,1
2018-07-30 04:00:00.000,ETH-BTC,short,0.056403,0.057074,1
2018-07-30 10:00:00.000,XRP-BTC,short,5.503e-05,5.58e-05,0
2018-07-30 14:00:00.000,XRP-BTC,short,5.477e-05,5.59e-05,1
2018-08-01 16:00:00.000,ADA-BTC,short,1.822e-05,1.875e-05,2
2018-08-02 10:00:00,BTC-USDT,short,7524.79,7699.0,2
2018-08-04 00:00:00.000,XRP-BTC,long,5.937e-05,5.877e-05,2
2018-08-04 07:00:00,BTC-USDT,short,7255.0,7494.81,2
2018-08-04 08:00:00.000,ETH-USDT,short,410.36,419.41,2
2018-08-04 08:00:00.000,ADA-BTC,short,1.754e-05,1.783e-05,0
2018-08-04 08:00:00.000,XRP-BTC,long,6.017e-05,5.882e-05,2
2018-08-06 04:00:00.000,ETH-BTC,long,0.058329,0.057658,1
2018-08-06 07:00:00,BTC-USDT,short,6965.27,7153.55,1
2018-08-06 08:00:00.000,ETH-USDT,short,405.14,412.47,2
2018-08-06 08:00:00.000,EOS-BTC,long,0.0010055,0.0009941,2
2018-08-09 09:00:00.000,ETH-BTC,short,0.056164,0.057188,1
2018-08-09 17:00:00.000,XRP-BTC,short,5.290000000000001e-05,5.446e-05,2
2018-08-09 22:00:00.000,EOS-BTC,short,0.000875,0.0009049,1
2018-08-10 04:00:00.000,ETH-USDT,short,357.27,368.93,2
2018-08-12 09:00:00.000,EOS-BTC,short,0.0008,0.0008148,2
2018-08-12 09:00:00.000,ADA-BTC,short,1.774e-05,1.795e-05,1
2018-08-12 13:00:00.000,EOS-BTC,short,0.0007851,0.0008148,2
2018-08-12 13:00:00.000,XRP-BTC,short,4.748e-05,4.854e-05,1
2018-08-12 17:00:00.000,ETH-BTC,short,0.050381,0.051246000000000014,2
2018-08-12 17:00:00.000,ADA-BTC,short,1.761e-05,1.786e-05,2
2018-08-12 19:00:00.000,LTC-BTC,short,0.009374,0.009494,2
2018-08-15 22:00:00.000,ETH-BTC,short,0.044891,0.046148,0
2018-08-16 19:00:00,BTC-USDT,long,6347.93,6228.0,2
2018-08-19 06:00:00.000,LTC-BTC,short,0.008898999999999999,0.009067,0
2018-08-22 13:00:00.000,EOS-BTC,short,0.0007364,0.0007618999999999999,1
2018-08-22 14:00:00.000,LTC-BTC,short,0.008556999999999999,0.0087,0
2018-08-23 05:00:00.000,LTC-BTC,short,0.008595,0.008705,2
2018-08-23 10:00:00.000,LTC-BTC,short,0.008598,0.0087,0
2018-08-23 19:00:00.000,XRP-BTC,short,4.971e-05,5.03e-05,1
2018-08-23 21:00:00.000,ETH-BTC,short,0.042242,0.043230000000000005,1
2018-08-24 11:00:00.000,ADA-BTC,short,1.401e-05,1.428e-05,2
2018-08-25 18:00:00,BTC-USDT,long,6733.64,6663.03,1
2018-08-26 07:00:00.000,XRP-BTC,short,4.831e-05,4.882e-05,1
2018-08-26 18:00:00,BTC-USDT,long,6700.0,6627.16,1
2018-08-30 22:00:00.000,EOS-BTC,long,0.0008663999999999999,0.0008533999999999999,2
2018-08-31 10:00:00.000,XRP-BTC,short,4.741e-05,4.786e-05,0
2018-09-03 13:00:00.000,ADA-BTC,short,1.427e-05,1.444e-05,0
2018-09-03 15:00:00,BTC-USDT,long,7305.3,7214.64,2
2018-09-05 03:00:00.000,ADA-BTC,short,1.423e-05,1.449e-05,2
2018-09-07 04:00:00.000,ETH-BTC,short,0.034798,0.035899,2
2018-09-08 07:00:00.000,ETH-USDT,short,217.07,219.83,2
2018-09-08 11:00:00.000,ADA-BTC,short,1.282e-05,1.306e-05,2
2018-09-08 12:00:00.000,LTC-BTC,short,0.008546,0.008870999999999999,0
2018-09-08 12:00:00.000,EOS-BTC,short,0.0007725,0.000799,1
2018-09-09 12:00:00.000,XRP-BTC,short,4.444e-05,4.538e-05,1
2018-09-09 17:00:00.000,ADA-BTC,short,1.218e-05,1.264e-05,2
2018-09-09 19:00:00.000,XRP-BTC,short,4.411e-05,4.538e-05,2
2018-09-10 03:00:00.000,ADA-BTC,short,1.203e-05,1.249e-05,2
2018-09-10 04:00:00,BTC-USDT,short,6300.08,6373.98,1
2018-09-10 07:00:00.000,ETH-BTC,short,0.031063,0.031811,2
2018-09-11 09:00:00,BTC-USDT,short,6204.15,6366.66,0
2018-09-15 00:00:00.000,ADA-BTC,short,1.045e-05,1.068e-05,0
2018-09-15 01:00:00.000,ADA-BTC,short,1.043e-05,1.068e-05,0
2018-09-15 03:00:00,BTC-USDT,long,6512.89,6449.38,1
2018-09-16 14:00:00.000,EOS-BTC,long,0.0008408,0.0008173999999999999,0
2018-09-16 15:00:00.000,LTC-BTC,long,0.008783,0.008624,1
2018-09-16 16:00:00.000,XRP-BTC,long,4.331e-05,4.2700000000000015e-05,1
2018-09-17 21:00:00.000,XRP-BTC,long,4.352e-05,4.275e-05,1
2018-09-19 07:00:00.000,LTC-BTC,short,0.00837,0.008618,0
2018-09-19 08:00:00,BTC-USDT,short,6289.94,6369.04,2
2018-09-19 10:00:00.000,ETH-BTC,long,0.033101,0.032434,0
2018-09-20 16:00:00.000,LTC-BTC,short,0.008435,0.008555,0
2018-09-23 04:00:00.000,ETH-BTC,long,0.036495,0.0354,0
2018-09-23 04:00:00.000,EOS-BTC,long,0.0008992000000000002,0.0008684,0
2018-09-27 03:00:00,BTC-USDT,short,6465.0,6530.0,0
2018-09-27 04:00:00.000,ETH-BTC,short,0.032832,0.033645,0
2018-09-29 04:00:00.000,ADA-BTC,long,1.276e-05,1.248e-05,2
2018-09-29 07:00:00.000,LTC-BTC,long,0.009377,0.009117,1
2018-10-03 12:00:00.000,EOS-BTC,short,0.0008527000000000001,0.0008648999999999999,0
2018-10-04 14:00:00.000,XRP-BTC,short,8.09e-05,8.219e-05,2
2018-10-04 18:00:00.000,ETH-BTC,short,0.033777,0.03419,1
2018-10-04 20:00:00.000,LTC-BTC,short,0.008844,0.008976000000000001,1
2018-10-04 20:00:00.000,ADA-BTC,short,1.238e-05,1.25e-05,1
2018-10-04 21:00:00.000,ETH-USDT,short,221.55,225.72,0
2018-10-05 07:00:00.000,EOS-BTC,long,0.0008707000000000001,0.0008599,1
2018-10-05 17:00:00,BTC-USDT,long,6633.33,6575.0,0
2018-10-06 08:00:00.000,LTC-BTC,short,0.008732,0.00893,0
2018-10-08 21:00:00.000,XRP-BTC,short,7.306e-05,7.423e-05,2
2018-10-09 09:00:00.000,EOS-BTC,long,0.0008886000000000002,0.0008811,2
2018-10-10 03:00:00.000,EOS-BTC,long,0.0008927,0.000884,1
2018-10-13 01:00:00.000,XRP-BTC,short,6.649e-05,6.852e-05,2
2018-10-14 04:00:00.000,XRP-BTC,short,6.653e-05,6.746e-05,2
2018-10-14 16:00:00.000,ETH-USDT,short,199.51,203.01,2
2018-10-14 18:00:00.000,XRP-BTC,short,6.471e-05,6.698e-05,1
2018-10-16 18:00:00.000,ETH-USDT,long,215.09,212.0,1
2018-10-17 11:00:00,BTC-USDT,long,6751.02,6676.01,1
2018-10-17 17:00:00.000,XRP-BTC,long,7.185e-05,7.076e-05,1
2018-10-18 06:00:00.000,LTC-BTC,short,0.008109,0.00823,1
2018-10-18 08:00:00.000,ADA-BTC,long,1.18e-05,1.171e-05,0
2018-10-19 19:00:00.000,ETH-USDT,short,204.53,207.3,0
2018-10-23 05:00:00.000,ADA-BTC,short,1.137e-05,1.177e-05,2
2018-10-25 13:00:00.000,XRP-BTC,long,7.156e-05,7.038e-05,0
2018-10-25 19:00:00.000,LTC-BTC,short,0.008045,0.008116,1
2018-10-26 00:00:00.000,ADA-BTC,short,1.135e-05,1.153e-05,1
2018-10-27 06:00:00.000,ADA-BTC,short,1.135e-05,1.144e-05,2
2018-10-29 06:00:00.000,ADA-BTC,short,1.119e-05,1.135e-05,2
2018-10-29 06:00:00,BTC-USDT,short,6429.9,6505.01,2
2018-10-31 01:00:00.000,ETH-USDT,short,196.74,198.34,1
2018-10-31 04:00:00.000,LTC-BTC,short,0.007761,0.007838,2
2018-10-31 09:00:00.000,ETH-BTC,short,0.030977,0.03125,0
2018-11-01 21:00:00.000,EOS-BTC,long,0.0008273,0.0008187000000000001,2
2018-11-03 06:00:00.000,LTC-BTC,long,0.008038,0.007972,1
2018-11-04 00:00:00.000,ADA-BTC,long,1.159e-05,1.115e-05,1
2018-11-04 01:00:00.000,LTC-BTC,long,0.0081,0.007912,2
2018-11-04 02:00:00.000,EOS-BTC,long,0.000849,0.0008300000000000001,1
2018-11-06 03:00:00,BTC-USDT,long,6498.53,6445.18,2
2018-11-09 07:00:00.000,EOS-BTC,short,0.0008457000000000001,0.0008597999999999999,1
2018-11-10 21:00:00.000,LTC-BTC,short,0.00811,0.008197,2
2018-11-10 21:00:00.000,EOS-BTC,short,0.0008394,0.0008470000000000001,2
2018-11-12 14:00:00.000,ADA-BTC,long,1.195e-05,1.176e-05,0
2018-11-13 11:00:00.000,LTC-BTC,short,0.007895000000000001,0.007989,2
2018-11-16 06:00:00.000,LTC-BTC,short,0.007678,0.007789,1
2018-11-16 06:00:00.000,ETH-BTC,short,0.031802,0.032197,2
2018-11-16 09:00:00.000,ADA-BTC,short,1.096e-05,1.113e-05,1
2018-11-17 02:00:00.000,XRP-BTC,long,8.554e-05,8.411e-05,2
2018-11-17 16:00:00.000,ETH-USDT,short,175.94,177.29,0
2018-11-18 16:00:00.000,LTC-BTC,short,0.007506999999999998,0.007633,2
2018-11-18 19:00:00,BTC-USDT,short,5593.93,5738.17,1
2018-11-21 04:00:00.000,EOS-BTC,long,0.0008288,0.0008187000000000001,1
2018-11-21 12:00:00.000,LTC-BTC,short,0.007392,0.007494,0
2018-11-21 21:00:00.000,EOS-BTC,long,0.0008334,0.0008254,0
2018-11-22 04:00:00,BTC-USDT,short,4582.8,4721.77,1
2018-11-22 07:00:00.000,ADA-BTC,short,1.017e-05,1.047e-05,2
2018-11-22 17:00:00.000,XRP-BTC,long,9.795e-05,9.647e-05,0
2018-11-23 22:00:00.000,ADA-BTC,short,9.92e-06,1.004e-05,2
2018-11-24 02:00:00.000,LTC-BTC,short,0.007386,0.00755,0
2018-11-24 02:00:00.000,ADA-BTC,short,9.81e-06,1.004e-05,2
2018-11-24 10:00:00,BTC-USDT,short,4338.13,4450.0,2
2018-11-24 13:00:00.000,ETH-USDT,short,121.82,125.86,2
2018-11-26 13:00:00.000,EOS-BTC,long,0.000842,0.0008218,1
2018-11-26 19:00:00.000,ADA-BTC,short,9.3e-06,9.5e-06,0
2018-11-29 02:00:00.000,LTC-BTC,long,0.008209000000000001,0.008018,0
2018-12-01 06:00:00.000,XRP-BTC,short,8.936e-05,9.087e-05,2
2018-12-01 08:00:00.000,EOS-BTC,short,0.0007074,0.0007191,2
2018-12-02 11:00:00.000,LTC-BTC,long,0.008175,0.008037,0
2018-12-02 12:00:00.000,LTC-BTC,long,0.008179,0.008037,0
2018-12-02 16:00:00.000,EOS-BTC,short,0.0006847,0.0007099000000000001,0
2018-12-04 15:00:00.000,LTC-BTC,short,0.007897,0.00799,2
2018-12-09 20:00:00.000,ADA-BTC,short,8.65e-06,8.94e-06,0
2018-12-11 06:00:00.000,LTC-BTC,short,0.006957,0.007142,0
2018-12-11 06:00:00.000,ETH-BTC,short,0.02585,0.026534,2
2018-12-12 22:00:00.000,LTC-BTC,short,0.007002,0.007178,1
2018-12-13 00:00:00,BTC-USDT,short,3386.0,3472.73,2
2018-12-13 02:00:00.000,XRP-BTC,long,8.914e-05,8.801e-05,2
2018-12-16 17:00:00,BTC-USDT,short,3228.67,3267.0,0
2018-12-16 19:00:00.000,XRP-BTC,short,8.840000000000001e-05,8.945e-05,0
2018-12-17 06:00:00.000,ADA-BTC,long,9.08e-06,8.92e-06,2
2018-12-17 12:00:00.000,ETH-BTC,long,0.027077,0.026161,2
2018-12-18 11:00:00.000,ADA-BTC,long,9.3e-06,9.1e-06,2
2018-12-22 14:00:00.000,ADA-BTC,long,1.045e-05,1.019e-05,2
2018-12-25 17:00:00.000,XRP-BTC,long,0.00010038,9.809e-05,1
2018-12-26 21:00:00.000,EOS-BTC,short,0.0006672999999999999,0.0006799999999999999,2
2018-12-27 09:00:00,BTC-USDT,short,3717.96,3760.95,2
2018-12-30 06:00:00.000,EOS-BTC,long,0.0006864,0.0006756,1
2018-12-31 03:00:00.000,ADA-BTC,long,1.112e-05,1.099e-05,0
2018-12-31 22:00:00.000,EOS-BTC,long,0.0006865,0.0006753999999999999,2
2019-01-01 02:00:00.000,ETH-BTC,long,0.036204,0.035315,2
2019-01-03 06:00:00,BTC-USDT,long,3818.02,3783.0,0
2019-01-03 23:00:00.000,ADA-BTC,long,1.143e-05,1.111e-05,2
2019-01-04 00:00:00.000,LTC-BTC,long,0.008535,0.00821,2
2019-01-05 06:00:00.000,ADA-BTC,long,1.135e-05,1.123e-05,2
2019-01-07 22:00:00.000,LTC-BTC,long,0.009563,0.009303,2
2019-01-08 07:00:00,BTC-USDT,long,4026.72,3936.26,0
2019-01-09 09:00:00.000,ETH-USDT,short,148.26,150.7,2
2019-01-09 22:00:00,BTC-USDT,long,3993.0,3955.0,0
2019-01-12 03:00:00.000,ADA-BTC,short,1.196e-05,1.213e-05,1
2019-01-12 15:00:00.000,ETH-BTC,short,0.034408,0.034996,1
2019-01-12 15:00:00.000,ETH-USDT,short,123.52,126.19,1
2019-01-12 23:00:00,BTC-USDT,short,3582.26,3612.39,1
2019-01-13 08:00:00,BTC-USDT,short,3572.18,3611.1,2
2019-01-17 02:00:00.000,ETH-BTC,short,0.033622000000000006,0.034131,2
2019-01-17 02:00:00.000,ETH-USDT,short,120.45,122.7,2
2019-01-17 22:00:00.000,ETH-BTC,short,0.033513,0.033851,2
2019-01-18 06:00:00.000,ETH-BTC,short,0.033397,0.0337,2
2019-01-18 10:00:00.000,ETH-USDT,short,119.63,121.9,1
2019-01-18 11:00:00.000,LTC-BTC,short,0.0085,0.008708,0
2019-01-18 23:00:00,BTC-USDT,long,3608.0,3566.1,2
2019-01-19 20:00:00.000,XRP-BTC,short,8.88e-05,8.969e-05,1
2019-01-20 01:00:00.000,ETH-BTC,short,0.033257,0.033527999999999995,1
2019-01-21 15:00:00.000,ETH-USDT,short,114.9,118.5,1
2019-01-21 16:00:00.000,ADA-BTC,short,1.205e-05,1.222e-05,2
2019-01-21 21:00:00.000,ETH-USDT,short,115.99,117.29,1
2019-01-22 00:00:00.000,ADA-BTC,short,1.201e-05,1.215e-05,1
2019-01-22 01:00:00,BTC-USDT,short,3515.7,3590.51,2
2019-01-22 03:00:00,BTC-USDT,short,3511.29,3590.51,1
2019-01-22 04:00:00.000,ETH-USDT,short,115.53,117.29,2
2019-01-22 05:00:00.000,ETH-BTC,short,0.032469,0.033087,0
2019-01-24 05:00:00.000,EOS-BTC,long,0.0006843999999999999,0.0006758999999999999,0
2019-01-24 11:00:00.000,LTC-BTC,long,0.009007,0.008811,2
2019-01-24 14:00:00.000,EOS-BTC,long,0.0006826,0.0006718999999999999,1
2019-01-24 17:00:00.000,EOS-BTC,long,0.0006821,0.0006718999999999999,1
2019-01-25 00:00:00.000,EOS-BTC,long,0.0006822,0.0006767,1
2019-01-25 01:00:00.000,ADA-BTC,short,1.194e-05,1.209e-05,1
2019-01-25 08:00:00.000,ETH-BTC,short,0.032487,0.032987,1
2019-01-25 20:00:00.000,EOS-BTC,long,0.0006833999999999999,0.0006772999999999999,0
2019-01-25 21:00:00.000,LTC-BTC,long,0.009205,0.009000000000000001,1
2019-01-26 16:00:00.000,ADA-BTC,short,1.189e-05,1.198e-05,2
2019-01-26 18:00:00.000,ETH-USDT,short,115.25,116.22,1
2019-01-26 21:00:00.000,ETH-BTC,short,0.032235,0.03258,1
2019-01-30 07:00:00.000,EOS-BTC,long,0.0006715,0.0006565000000000001,2
2019-01-30 08:00:00.000,LTC-BTC,long,0.009167,0.008967000000000001,1
2019-01-31 09:00:00.000,EOS-BTC,long,0.0006714,0.000665,1
2019-02-01 03:00:00.000,EOS-BTC,long,0.0006728,0.0006661000000000001,1
2019-02-01 11:00:00.000,EOS-BTC,long,0.0006749,0.0006661000000000001,2
2019-02-02 17:00:00.000,EOS-BTC,long,0.0006959,0.0006697,2
2019-02-02 17:00:00,BTC-USDT,long,3504.77,3444.01,0
2019-02-04 17:00:00.000,ADA-BTC,short,1.096e-05,1.113e-05,1
2019-02-04 20:00:00.000,ADA-BTC,short,1.097e-05,1.109e-05,2
2019-02-05 18:00:00.000,XRP-BTC,short,8.604e-05,8.713e-05,1
2019-02-05 19:00:00.000,XRP-BTC,short,8.53e-05,8.713e-05,0
2019-02-07 13:00:00,BTC-USDT,short,3399.55,3426.45,1
2019-02-07 18:00:00.000,ADA-BTC,short,1.073e-05,1.094e-05,0
2019-02-08 03:00:00.000,EOS-BTC,long,0.0007031,0.0006877000000000001,2
2019-02-09 18:00:00.000,ADA-BTC,long,1.127e-05,1.115e-05,2
2019-02-09 20:00:00.000,ADA-BTC,long,1.137e-05,1.115e-05,0
2019-02-10 12:00:00.000,ADA-BTC,long,1.149e-05,1.111e-05,1
2019-02-10 16:00:00.000,ETH-BTC,long,0.033264,0.032133,1
2019-02-10 16:00:00.000,EOS-BTC,long,0.0007547999999999999,0.0007388,2
2019-02-11 00:00:00.000,XRP-BTC,short,8.337e-05,8.442e-05,1
2019-02-11 14:00:00,BTC-USDT,long,3643.41,3615.53,0
2019-02-11 15:00:00.000,XRP-BTC,short,8.327e-05,8.44e-05,1
2019-02-11 16:00:00.000,ADA-BTC,long,1.155e-05,1.141e-05,0
2019-02-12 13:00:00.000,ETH-BTC,long,0.03368,0.033127,2
2019-02-12 14:00:00.000,ETH-USDT,long,123.24,119.51,1
2019-02-12 17:00:00.000,ADA-BTC,long,1.149e-05,1.128e-05,1
2019-02-13 20:00:00.000,ETH-BTC,long,0.034089999999999995,0.033586000000000005,1
2019-02-15 13:00:00.000,ADA-BTC,short,1.123e-05,1.14e-05,0
2019-02-16 23:00:00.000,LTC-BTC,long,0.012047,0.011914,2
2019-02-17 17:00:00,BTC-USDT,long,3667.58,3604.4,2
2019-02-20 03:00:00.000,LTC-BTC,long,0.012338,0.011939,2
2019-02-20 10:00:00.000,ETH-BTC,long,0.03731,0.0362,2
2019-02-20 13:00:00,BTC-USDT,long,3956.0,3920.69,1
2019-02-21 02:00:00.000,XRP-BTC,short,8.181e-05,8.369e-05,2
2019-02-23 04:00:00.000,ETH-BTC,long,0.037395,0.036957,2
2019-02-23 11:00:00.000,EOS-BTC,long,0.0009977,0.0009614,2
2019-02-23 11:00:00,BTC-USDT,long,4095.0,3933.15,1
2019-02-25 23:00:00.000,ETH-BTC,short,0.035949,0.036443,2
2019-02-26 03:00:00.000,ETH-USDT,short,136.33,139.1,1
2019-02-26 07:00:00,BTC-USDT,short,3801.98,3841.47,2
2019-02-26 09:00:00.000,LTC-BTC,short,0.01176,0.01191,2
2019-02-27 14:00:00,BTC-USDT,short,3741.75,3838.85,0
2019-03-01 14:00:00.000,ETH-BTC,short,0.035469,0.035831,1
2019-03-01 16:00:00.000,ETH-BTC,short,0.035454,0.035831,1
2019-03-01 21:00:00.000,ETH-USDT,short,135.53,137.95,2
2019-03-03 12:00:00.000,ETH-USDT,short,131.56,134.6,2
2019-03-03 13:00:00.000,ETH-BTC,short,0.034436,0.035048,2
2019-03-06 18:00:00.000,ETH-USDT,long,138.15,135.26,1
2019-03-06 19:00:00.000,ETH-BTC,long,0.035657,0.035304,1
2019-03-06 19:00:00.000,EOS-BTC,long,0.0009801,0.0009527999999999998,1
2019-03-08 00:00:00,BTC-USDT,long,3913.47,3862.32,0
2019-03-08 13:00:00.000,ETH-USDT,long,138.23,135.49,0
2019-03-09 05:00:00,BTC-USDT,long,3913.34,3866.8,2
2019-03-09 23:00:00.000,ETH-BTC,short,0.034684,0.034963,2
2019-03-10 21:00:00,BTC-USDT,long,3924.65,3889.47,0
2019-03-12 17:00:00.000,ADA-BTC,long,1.22e-05,1.204e-05,2
2019-03-12 21:00:00.000,ETH-BTC,short,0.034226,0.034492,1
2019-03-13 00:00:00.000,ETH-USDT,short,132.32,134.05,1
2019-03-14 10:00:00.000,ETH-BTC,short,0.034054,0.0345,0
2019-03-16 00:00:00.000,XRP-BTC,short,7.956e-05,8.1e-05,2
2019-03-19 12:00:00.000,EOS-BTC,short,0.0009255,0.0009378,2
2019-03-26 02:00:00.000,XRP-BTC,short,7.639e-05,7.730000000000001e-05,2
2019-03-28 16:00:00.000,EOS-BTC,long,0.001062,0.0010464,0
2019-03-29 02:00:00.000,ETH-USDT,long,138.72,137.5,2
2019-03-30 06:00:00,BTC-USDT,long,4093.38,4052.0,1
2019-03-31 20:00:00.000,ETH-USDT,long,141.82,139.57,1
2019-04-03 12:00:00.000,XRP-BTC,short,7.118e-05,7.31e-05,2
2019-04-05 06:00:00,BTC-USDT,long,4985.53,4880.62,2
2019-04-06 00:00:00.000,EOS-BTC,long,0.0010603,0.0010465,2
2019-04-06 09:00:00.000,EOS-BTC,long,0.0010765,0.0010479,1
2019-04-06 09:00:00,BTC-USDT,long,5029.97,4950.02,2
2019-04-07 06:00:00.000,XRP-BTC,short,7.020000000000001e-05,7.239e-05,2
2019-04-07 11:00:00.000,XRP-BTC,short,6.97e-05,7.124e-05,2
2019-04-09 21:00:00.000,ETH-BTC,long,0.034535,0.03382,0
2019-04-09 21:00:00.000,ETH-USDT,long,178.97,173.86,1
2019-04-10 09:00:00.000,LTC-BTC,short,0.016711,0.016965,1
2019-04-10 13:00:00.000,XRP-BTC,short,6.664e-05,6.835e-05,2
2019-04-12 13:00:00.000,ETH-BTC,short,0.032432,0.032839,2
2019-04-12 19:00:00.000,ADA-BTC,short,1.632e-05,1.672e-05,0
2019-04-13 02:00:00.000,EOS-BTC,short,0.0010539999999999998,0.0010656,2
2019-04-13 10:00:00.000,XRP-BTC,short,6.411e-05,6.549e-05,1
2019-04-14 01:00:00.000,XRP-BTC,short,6.426e-05,6.521e-05,1
2019-04-14 08:00:00.000,XRP-BTC,short,6.414e-05,6.47e-05,2
2019-04-14 10:00:00.000,XRP-BTC,short,6.393e-05,6.456e-05,1
2019-04-15 09:00:00.000,ADA-BTC,short,1.613e-05,1.644e-05,1
2019-04-16 10:00:00.000,XRP-BTC,short,6.287e-05,6.354e-05,2
2019-04-16 22:00:00.000,LTC-BTC,short,0.015411,0.015716,1
2019-04-18 03:00:00.000,ADA-BTC,short,1.575e-05,1.595e-05,2
2019-04-18 17:00:00.000,EOS-BTC,short,0.0010382999999999998,0.0010462,1
2019-04-19 13:00:00,BTC-USDT,long,5265.07,5211.11,1
2019-04-19 20:00:00.000,ETH-USDT,long,173.81,170.93,2
2019-04-20 03:00:00.000,ETH-BTC,long,0.033073000000000005,0.032701,0
2019-04-22 14:00:00.000,XRP-BTC,short,6.019e-05,6.213e-05,2
2019-04-22 16:00:00.000,ETH-BTC,short,0.031935000000000005,0.032387,2
2019-04-22 17:00:00.000,LTC-BTC,short,0.014339,0.014583,2
2019-04-22 18:00:00.000,EOS-BTC,short,0.000974,0.0009978,2
2019-04-24 22:00:00.000,ETH-BTC,short,0.030167000000000006,0.030521,1
2019-05-04 16:00:00.000,XRP-BTC,short,5.219e-05,5.358e-05,2
2019-05-05 02:00:00.000,EOS-BTC,short,0.0008517999999999999,0.0008625999999999999,1
2019-05-05 06:00:00.000,EOS-BTC,short,0.0008443999999999999,0.0008625999999999999,2
2019-05-05 12:00:00.000,ETH-USDT,short,160.32,164.33,0
2019-05-06 22:00:00.000,XRP-BTC,short,5.147e-05,5.324e-05,2
2019-05-08 02:00:00.000,XRP-BTC,short,5.084e-05,5.135e-05,1
2019-05-08 13:00:00,BTC-USDT,long,5933.39,5865.0,2
2019-05-08 17:00:00.000,XRP-BTC,short,5.012e-05,5.108e-05,2
2019-05-13 07:00:00.000,ETH-USDT,long,192.95,186.0,2
2019-05-13 08:00:00.000,EOS-BTC,short,0.0007413,0.0007692,2
2019-05-13 09:00:00.000,ETH-BTC,short,0.026084,0.0271,1
2019-05-17 14:00:00.000,LTC-BTC,long,0.012154,0.011935,1
2019-05-17 15:00:00.000,LTC-BTC,long,0.012197,0.011935,0
2019-05-17 17:00:00.000,ADA-BTC,long,1.12e-05,1.082e-05,1
2019-05-20 16:00:00.000,EOS-BTC,short,0.000782,0.0008035,2
2019-05-21 10:00:00.000,ADA-BTC,short,1.059e-05,1.0800000000000003e-05,2
2019-05-22 04:00:00.000,ADA-BTC,short,1.057e-05,1.07e-05,2
2019-05-22 08:00:00.000,XRP-BTC,short,4.978e-05,5.087e-05,2
2019-05-22 10:00:00.000,LTC-BTC,short,0.011456,0.01164,2
2019-05-24 18:00:00.000,ADA-BTC,short,1.012e-05,1.028e-05,1
2019-05-25 01:00:00.000,XRP-BTC,short,4.820000000000001e-05,4.897e-05,2
2019-05-25 03:00:00.000,XRP-BTC,short,4.821e-05,4.870000000000001e-05,2
2019-05-25 13:00:00.000,ETH-BTC,short,0.031225,0.031899000000000004,2
2019-05-29 04:00:00.000,LTC-BTC,long,0.01322,0.01283,1
2019-05-31 15:00:00.000,ETH-BTC,short,0.030802,0.031282,0
2019-06-02 01:00:00,BTC-USDT,long,8580.0,8500.25,2
2019-06-02 04:00:00.000,ETH-USDT,long,271.0,262.24,0
2019-06-03 14:00:00.000,LTC-BTC,short,0.013081,0.013324,2
2019-06-05 00:00:00.000,ETH-BTC,long,0.031243,0.030927,2
2019-06-05 01:00:00.000,ETH-BTC,long,0.031261000000000004,0.030927,2
2019-06-05 09:00:00,BTC-USDT,short,7679.99,7888.0,1
2019-06-06 04:00:00.000,EOS-BTC,short,0.0008106,0.0008298,1
2019-06-06 08:00:00.000,ETH-USDT,short,243.33,247.5,2
2019-06-06 09:00:00,BTC-USDT,short,7678.7,7856.36,2
2019-06-06 12:00:00.000,ETH-BTC,long,0.031580000000000004,0.031267,2
2019-06-06 18:00:00.000,ETH-BTC,long,0.031955000000000004,0.031369,0
2019-06-08 16:00:00.000,LTC-BTC,long,0.014999,0.014487,2
2019-06-10 12:00:00.000,XRP-BTC,short,5.001e-05,5.087e-05,1
2019-06-10 19:00:00.000,EOS-BTC,short,0.000802,0.0008086,1
2019-06-10 19:00:00.000,XRP-BTC,short,4.982e-05,5.087e-05,1
2019-06-11 21:00:00.000,XRP-BTC,short,4.923e-05,5.009e-05,1
2019-06-13 10:00:00.000,XRP-BTC,short,4.895e-05,4.995e-05,2
2019-06-13 16:00:00.000,EOS-BTC,short,0.0007888999999999999,0.0008049,2
2019-06-14 16:00:00.000,ETH-USDT,long,261.41,253.17,1
2019-06-15 17:00:00.000,XRP-BTC,short,4.644e-05,4.74e-05,1
2019-06-15 18:00:00.000,ADA-BTC,short,1.034e-05,1.057e-05,1
2019-06-15 20:00:00.000,LTC-BTC,short,0.01526,0.015812,2
2019-06-15 20:00:00.000,ETH-BTC,short,0.0302,0.030823000000000007,2
2019-06-16 22:00:00.000,EOS-BTC,short,0.0007722,0.0007831,1
2019-06-17 00:00:00.000,EOS-BTC,short,0.0007642,0.0007831,2
2019-06-17 08:00:00.000,ETH-USDT,long,271.23,266.81,1
2019-06-17 09:00:00.000,ADA-BTC,short,9.9e-06,1.022e-05,1
2019-06-18 05:00:00.000,ETH-BTC,short,0.029128,0.029496,1
2019-06-18 12:00:00.000,ETH-BTC,short,0.029229,0.029496,2
2019-06-19 02:00:00,BTC-USDT,long,9170.67,8953.43,2
2019-06-19 12:00:00.000,ADA-BTC,short,9.8e-06,9.99e-06,2
2019-06-19 19:00:00.000,ETH-BTC,short,0.029001,0.0294,2
2019-06-19 19:00:00.000,EOS-BTC,short,0.0007387,0.0007513999999999999,2
2019-06-19 21:00:00.000,XRP-BTC,short,4.651e-05,4.811e-05,2
2019-06-23 13:00:00.000,LTC-BTC,short,0.012919,0.013226,2
2019-06-24 18:00:00.000,ETH-USDT,long,311.64,306.04,1
2019-06-25 17:00:00.000,ETH-USDT,long,317.3,307.0,2
2019-06-29 07:00:00.000,ETH-BTC,short,0.025516,0.025926,0
2019-07-05 14:00:00.000,ETH-USDT,short,289.46,294.89,1
2019-07-05 19:00:00.000,ADA-BTC,short,6.78e-06,7.02e-06,0
2019-07-05 21:00:00.000,EOS-BTC,short,0.0005105999999999999,0.0005272,1
2019-07-06 08:00:00.000,ETH-USDT,short,288.42,293.23,0
2019-07-07 14:00:00.000,LTC-BTC,short,0.01036,0.010592,2
2019-07-12 15:00:00.000,ETH-BTC,short,0.023277000000000003,0.023836000000000003,0
2019-07-12 16:00:00.000,LTC-BTC,short,0.008906,0.009124,0
2019-07-12 16:00:00.000,EOS-BTC,short,0.0004074,0.0004175,0
2019-07-13 01:00:00.000,ETH-USDT,short,269.41,277.35,1
2019-07-13 04:00:00,BTC-USDT,short,11499.56,11817.64,2
2019-07-14 04:00:00.000,LTC-BTC,short,0.008675,0.008997,1
2019-07-15 14:00:00.000,LTC-BTC,short,0.008457,0.008761,1
2019-07-20 22:00:00.000,XRP-BTC,long,3.101e-05,3.051e-05,1
2019-07-21 01:00:00.000,ADA-BTC,long,5.86e-06,5.77e-06,1
2019-07-21 04:00:00.000,ADA-BTC,long,5.88e-06,5.77e-06,0
2019-07-21 09:00:00.000,XRP-BTC,long,3.114e-05,3.075e-05,1
2019-07-21 11:00:00.000,EOS-BTC,long,0.0004079,0.0003964,1
2019-07-21 17:00:00.000,LTC-BTC,long,0.009427,0.009281,0
2019-07-22 01:00:00,BTC-USDT,long,10597.15,10385.0,0
2019-07-22 08:00:00.000,ETH-USDT,short,220.84,227.16,2
2019-07-23 19:00:00.000,XRP-BTC,long,3.162e-05,3.081e-05,2
2019-07-25 12:00:00.000,ADA-BTC,long,5.94e-06,5.85e-06,1
2019-07-25 18:00:00.000,ETH-BTC,long,0.022179,0.021981,1
2019-07-25 18:00:00,BTC-USDT,short,9879.87,10127.63,1
2019-07-25 21:00:00.000,XRP-BTC,long,3.187e-05,3.147e-05,2
2019-07-26 01:00:00.000,ADA-BTC,long,5.94e-06,5.86e-06,2
2019-07-26 12:00:00.000,ETH-BTC,long,0.022344,0.022032,0
2019-07-26 17:00:00,BTC-USDT,short,9776.05,9889.98,0
2019-07-29 07:00:00.000,ADA-BTC,long,6.36e-06,6.12e-06,1
2019-07-29 19:00:00.000,ETH-USDT,short,210.26,213.48,2
2019-07-30 07:00:00.000,ADA-BTC,long,6.36e-06,6.21e-06,0
2019-07-30 14:00:00.000,EOS-BTC,short,0.0004366,0.0004442,1
2019-08-01 10:00:00,BTC-USDT,long,10013.86,9863.46,2
2019-08-01 14:00:00,BTC-USDT,long,10283.73,9903.69,2
2019-08-01 16:00:00.000,ETH-USDT,long,216.81,212.7,2
2019-08-02 17:00:00.000,ETH-USDT,long,217.41,214.31,2
2019-08-02 19:00:00,BTC-USDT,long,10516.69,10350.0,2
2019-08-02 20:00:00,BTC-USDT,long,10642.17,10350.0,1
2019-08-02 21:00:00.000,ETH-USDT,long,223.2,214.31,2
2019-08-03 13:00:00.000,EOS-BTC,short,0.0003959,0.0004,1
2019-08-03 19:00:00.000,EOS-BTC,short,0.0003954,0.0004,2
2019-08-04 13:00:00,BTC-USDT,long,10906.9,10629.46,2
2019-08-04 18:00:00.000,ETH-USDT,long,221.79,218.22,2
2019-08-07 03:00:00.000,ADA-BTC,short,4.6e-06,4.75e-06,2
2019-08-07 07:00:00.000,ADA-BTC,short,4.55e-06,4.66e-06,2
2019-08-08 13:00:00.000,ETH-BTC,short,0.018795,0.0191,2
2019-08-08 14:00:00.000,ETH-BTC,short,0.018798,0.0191,2
2019-08-08 18:00:00.000,EOS-BTC,short,0.0003474,0.0003579,2
2019-08-08 23:00:00.000,XRP-BTC,short,2.568e-05,2.652e-05,2
2019-08-10 04:00:00.000,ETH-BTC,short,0.017894999999999998,0.018089,1
2019-08-11 09:00:00,BTC-USDT,short,11388.74,11482.86,1
2019-08-12 06:00:00,BTC-USDT,short,11328.01,11539.3,2
2019-08-13 07:00:00.000,XRP-BTC,long,2.65e-05,2.616e-05,2
2019-08-13 10:00:00.000,EOS-BTC,long,0.0003676,0.000355,2
2019-08-17 10:00:00.000,ETH-BTC,short,0.017863,0.01808,0
2019-08-17 11:00:00,BTC-USDT,short,10280.0,10465.14,2
2019-08-17 12:00:00.000,ETH-USDT,short,182.77,186.57,0
2019-08-19 10:00:00.000,ETH-BTC,long,0.018809,0.018601,0
2019-08-24 08:00:00.000,EOS-BTC,long,0.0003622,0.0003514,0
2019-08-24 08:00:00.000,XRP-BTC,long,2.679e-05,2.635e-05,1
2019-08-25 13:00:00.000,ETH-USDT,short,187.42,192.4,1
2019-08-25 16:00:00,BTC-USDT,short,9997.16,10333.0,0
2019-08-26 14:00:00.000,LTC-BTC,short,0.007152,0.007239,1
2019-08-26 19:00:00.000,LTC-BTC,short,0.007072,0.007239,2
2019-08-27 13:00:00.000,ETH-USDT,short,187.43,189.49,2
2019-08-27 19:00:00.000,ETH-USDT,short,186.21,189.25,1
2019-08-28 00:00:00.000,EOS-BTC,short,0.0003467,0.0003519,2
2019-08-31 03:00:00.000,ETH-USDT,short,168.07,169.7,2
2019-08-31 05:00:00.000,XRP-BTC,long,2.688e-05,2.656e-05,0
2019-09-01 01:00:00.000,ADA-BTC,short,4.65e-06,4.73e-06,2
2019-09-04 11:00:00.000,ETH-BTC,short,0.016782,0.01694,2
2019-09-04 14:00:00.000,XRP-BTC,short,2.431e-05,2.489e-05,2
2019-09-04 23:00:00,BTC-USDT,long,10572.43,10485.07,1
2019-09-06 16:00:00.000,ETH-BTC,short,0.016302,0.01656,0
2019-09-09 13:00:00.000,ADA-BTC,long,4.53e-06,4.42e-06,2
2019-09-09 15:00:00.000,LTC-BTC,long,0.006768000000000001,0.006698000000000001,2
2019-09-10 00:00:00.000,XRP-BTC,long,2.539e-05,2.492e-05,1
2019-09-10 14:00:00.000,ETH-BTC,long,0.017769,0.017512,1
2019-09-15 18:00:00.000,ETH-USDT,long,189.03,186.75,2
2019-09-15 20:00:00.000,LTC-BTC,long,0.006934,0.006756,2
2019-09-15 20:00:00.000,ADA-BTC,long,4.6e-06,4.47e-06,2
2019-09-16 09:00:00.000,XRP-BTC,long,2.546e-05,2.52e-05,1
2019-09-16 14:00:00.000,EOS-BTC,long,0.0003973,0.000387,2
2019-09-18 04:00:00,BTC-USDT,short,10174.14,10258.02,1
2019-09-20 07:00:00.000,ETH-BTC,long,0.021465,0.021153,0
2019-09-23 02:00:00,BTC-USDT,short,9908.94,10075.77,2
2019-09-23 12:00:00.000,ETH-USDT,short,207.12,210.99,2
2019-09-26 12:00:00.000,EOS-BTC,short,0.00033610000000000004,0.0003429,0
2019-09-27 07:00:00.000,ETH-USDT,short,165.43,167.8,2
2019-09-27 11:00:00.000,XRP-BTC,long,2.981e-05,2.957e-05,2
2019-09-30 20:00:00.000,LTC-BTC,long,0.00683,0.006703,0
2019-10-02 14:00:00.000,ETH-USDT,long,177.63,174.73,2
2019-10-02 18:00:00,BTC-USDT,long,8359.94,8182.15,0
2019-10-03 04:00:00.000,EOS-BTC,long,0.0003593,0.00035660000000000005,0
2019-10-05 03:00:00,BTC-USDT,short,8087.98,8203.11,1
2019-10-05 20:00:00.000,ETH-BTC,long,0.021737,0.0215,2
2019-10-05 21:00:00.000,ADA-BTC,long,4.89e-06,4.83e-06,2
2019-10-06 01:00:00.000,EOS-BTC,long,0.0003691,0.0003651,2
2019-10-07 03:00:00.000,ETH-BTC,long,0.021844,0.021511,1
2019-10-07 03:00:00.000,ADA-BTC,long,5.03e-06,4.88e-06,1
2019-10-07 06:00:00.000,LTC-BTC,long,0.006989,0.0068790000000000006,2
2019-10-08 18:00:00.000,ADA-BTC,long,5.05e-06,4.95e-06,2
2019-10-09 01:00:00.000,ETH-BTC,long,0.022179,0.021837,2
2019-10-09 02:00:00.000,XRP-BTC,long,3.39e-05,3.354e-05,2
2019-10-09 03:00:00.000,EOS-BTC,long,0.0003911,0.0003829,1
2019-10-09 04:00:00.000,ETH-USDT,long,182.7,178.96,2
2019-10-09 08:00:00,BTC-USDT,long,8241.15,8115.0,2
2019-10-10 10:00:00.000,ETH-USDT,long,191.86,186.88,1
2019-10-11 18:00:00.000,ADA-BTC,short,4.85e-06,4.93e-06,0
2019-10-12 05:00:00.000,ADA-BTC,short,4.85e-06,4.9000000000000005e-06,0
2019-10-12 08:00:00.000,LTC-BTC,short,0.006711,0.006769,1
2019-10-12 15:00:00.000,ETH-BTC,short,0.02162,0.022045,0
2019-10-12 17:00:00.000,ETH-USDT,short,180.45,184.2,1
2019-10-15 06:00:00.000,XRP-BTC,long,3.518e-05,3.477e-05,1
2019-10-15 06:00:00,BTC-USDT,short,8295.85,8364.77,1
2019-10-15 07:00:00.000,XRP-BTC,long,3.535e-05,3.477e-05,0
2019-10-17 02:00:00.000,XRP-BTC,long,3.564e-05,3.521e-05,2
2019-10-17 19:00:00.000,EOS-BTC,short,0.0003638,0.0003668,0
2019-10-18 02:00:00.000,ETH-USDT,short,172.93,177.45,1
2019-10-18 02:00:00,BTC-USDT,short,7911.6,8115.0,0
2019-10-18 03:00:00.000,ETH-BTC,short,0.021657,0.022086,1
2019-10-18 23:00:00.000,XRP-BTC,long,3.688e-05,3.654e-05,2
2019-10-19 13:00:00.000,EOS-BTC,short,0.0003599,0.0003666,2
2019-10-19 14:00:00.000,ETH-USDT,short,171.08,174.85,0
2019-10-19 20:00:00,BTC-USDT,short,7904.64,8021.0,0
2019-10-20 14:00:00.000,ETH-BTC,short,0.021317,0.021709,1
2019-10-20 14:00:00.000,EOS-BTC,short,0.0003546,0.0003643,1
2019-10-22 04:00:00.000,ETH-BTC,short,0.021033,0.02134,0
2019-10-22 06:00:00,BTC-USDT,long,8276.16,8159.96,0
2019-10-22 07:00:00.000,LTC-BTC,short,0.006595,0.006712999999999999,2
2019-10-25 06:00:00.000,LTC-BTC,long,0.006669,0.006601,2
2019-10-25 06:00:00.000,ETH-BTC,long,0.021834,0.021601,1
2019-10-25 08:00:00.000,LTC-BTC,long,0.006790000000000001,0.006601,1
2019-10-28 22:00:00.000,EOS-BTC,long,0.00036,0.000348,1
2019-10-28 23:00:00.000,EOS-BTC,long,0.0003634,0.0003497,0
2019-10-29 01:00:00.000,ETH-USDT,long,185.28,181.0,1
2019-10-29 04:00:00.000,XRP-BTC,short,3.151e-05,3.218e-05,0
2019-11-01 03:00:00.000,XRP-BTC,short,3.189e-05,3.235e-05,2
2019-11-01 11:00:00.000,ETH-BTC,short,0.019678,0.019962,0
2019-11-02 08:00:00.000,XRP-BTC,short,3.137e-05,3.188e-05,0
2019-11-02 16:00:00.000,LTC-BTC,short,0.006246,0.006345,0
2019-11-02 20:00:00.000,ETH-USDT,long,183.44,181.8,1
2019-11-02 21:00:00.000,ETH-USDT,long,183.92,181.8,0
2019-11-03 13:00:00.000,XRP-BTC,short,3.163e-05,3.187e-05,0
2019-11-05 06:00:00.000,ETH-BTC,long,0.020128,0.019701,2
2019-11-06 01:00:00,BTC-USDT,long,9389.65,9266.16,0
2019-11-06 15:00:00.000,XRP-BTC,long,3.3100000000000005e-05,3.2e-05,1
2019-11-06 16:00:00.000,LTC-BTC,long,0.006804000000000001,0.0067090000000000006,1
2019-11-09 18:00:00,BTC-USDT,short,8774.52,8870.0,0
2019-11-09 20:00:00.000,ADA-BTC,long,4.84e-06,4.78e-06,1
2019-11-10 17:00:00.000,ADA-BTC,long,4.85e-06,4.76e-06,2
2019-11-11 03:00:00.000,ETH-BTC,long,0.021451,0.020852,1
2019-11-11 03:00:00.000,ADA-BTC,long,4.92e-06,4.81e-06,2
2019-11-11 09:00:00.000,XRP-BTC,short,3.125e-05,3.158e-05,2
2019-11-12 02:00:00.000,XRP-BTC,short,3.12e-05,3.155e-05,1
2019-11-12 07:00:00.000,ETH-USDT,short,184.28,187.65,1
2019-11-13 23:00:00.000,XRP-BTC,short,3.102e-05,3.126e-05,2
2019-11-15 08:00:00,BTC-USDT,short,8463.73,8790.0,2
2019-11-16 11:00:00,BTC-USDT,short,8477.62,8543.0,2
2019-11-17 05:00:00.000,ETH-BTC,long,0.021616,0.021341,1
2019-11-17 08:00:00.000,ADA-BTC,long,5.23e-06,5.12e-06,2
2019-11-20 04:00:00.000,ADA-BTC,short,5.07e-06,5.21e-06,1
2019-11-20 16:00:00,BTC-USDT,short,8091.05,8264.29,2
2019-11-20 17:00:00.000,ETH-USDT,short,174.72,177.37,2
2019-11-21 02:00:00,BTC-USDT,short,7936.1,8134.73,2
2019-11-24 04:00:00.000,ETH-USDT,short,149.01,152.86,2
2019-11-24 04:00:00.000,XRP-BTC,long,3.207e-05,3.159e-05,1
2019-11-24 04:00:00,BTC-USDT,short,7134.17,7330.39,2
2019-11-24 08:00:00.000,EOS-BTC,short,0.00036,0.0003708,2
2019-11-24 09:00:00.000,ETH-BTC,short,0.020549,0.02099,1
2019-11-26 00:00:00.000,ADA-BTC,short,5.04e-06,5.15e-06,0
2019-11-26 10:00:00.000,XRP-BTC,short,3.056e-05,3.084e-05,0
2019-11-27 09:00:00.000,XRP-BTC,short,3.038e-05,3.118e-05,1
2019-11-28 09:00:00.000,XRP-BTC,short,2.998e-05,3.034e-05,0
2019-11-28 10:00:00.000,ETH-USDT,long,153.84,149.82,0
2019-11-28 16:00:00.000,ADA-BTC,long,5.23e-06,5.13e-06,2
2019-11-29 03:00:00,ETH-USDT,long,154.62,149.09,1
2019-11-29 07:00:00,XRP-BTC,short,2.976e-05,3.04e-05,1
2019-11-29 10:00:00,ETH-BTC,short,0.020003999999999997,0.02051,0
2019-11-29 17:00:00,LTC-BTC,short,0.006275,0.006409999999999999,1
2019-11-30 11:00:00,EOS-BTC,long,0.000366,0.0003572,2
2019-11-30 15:00:00,ADA-BTC,long,5.38e-06,5.27e-06,0
2019-12-03 01:00:00,ADA-BTC,short,5.19e-06,5.25e-06,1
2019-12-03 04:00:00,ETH-USDT,short,147.06,149.93,2
2019-12-03 16:00:00,LTC-BTC,short,0.006151,0.006293,1
2019-12-03 18:00:00,ADA-BTC,short,5.16e-06,5.24e-06,2
2019-12-03 18:00:00,BTC-USDT,short,7143.0,7356.87,0
2019-12-04 10:00:00,LTC-BTC,short,0.006145,0.006253,1
2019-12-04 21:00:00,LTC-BTC,short,0.006106,0.006251,1
2019-12-05 04:00:00,ADA-BTC,short,5.05e-06,5.18e-06,0
2019-12-05 15:00:00,EOS-BTC,short,0.00036219999999999997,0.0003662,0
2019-12-05 22:00:00,ADA-BTC,short,5.08e-06,5.14e-06,1
2019-12-06 07:00:00,ETH-BTC,short,0.0199,0.020089,2
2019-12-06 11:00:00,ADA-BTC,short,5.05e-06,5.12e-06,0
2019-12-06 11:00:00,BTC-USDT,long,7477.0,7305.0,1
2019-12-07 13:00:00,LTC-BTC,short,0.00602,0.006121,0
2019-12-07 15:00:00,XRP-BTC,long,3.027e-05,2.976e-05,1
2019-12-10 02:00:00,ETH-BTC,long,0.020102000000000002,0.019912,1
2019-12-11 09:00:00,EOS-BTC,short,0.0003568,0.0003616,2
2019-12-11 14:00:00,BTC-USDT,short,7171.7,7267.01,1
2019-12-14 11:00:00,EOS-BTC,long,0.00036310000000000004,0.0003595,0
2019-12-16 01:00:00,BTC-USDT,short,7067.74,7139.66,0
2019-12-19 10:00:00,ETH-USDT,short,126.9,128.47,1
2019-12-19 23:00:00,ETH-BTC,short,0.017783,0.017975,0
2019-12-21 03:00:00,ETH-USDT,short,126.62,128.4,0
2019-12-22 01:00:00,BTC-USDT,long,7181.85,7122.0,2
2019-12-22 15:00:00,ADA-BTC,short,4.61e-06,4.69e-06,2
2019-12-24 02:00:00,LTC-BTC,short,0.005557,0.005613,2
2019-12-24 03:00:00,LTC-BTC,short,0.005546,0.0055969999999999995,2
2019-12-24 20:00:00,ETH-USDT,short,125.79,128.52,1
2019-12-25 00:00:00,LTC-BTC,short,0.005520000000000001,0.005627,0
2019-12-25 00:00:00,ETH-BTC,short,0.017319,0.017719,0
2019-12-25 22:00:00,ETH-BTC,short,0.017322999999999998,0.017458,0
2019-12-26 03:00:00,LTC-BTC,short,0.0055320000000000005,0.0055899999999999995,0
2019-12-26 03:00:00,ADA-BTC,long,4.66e-06,4.62e-06,1
2019-12-26 06:00:00,XRP-BTC,short,2.606e-05,2.626e-05,0
2019-12-27 00:00:00,BTC-USDT,short,7201.24,7331.42,1
2019-12-29 03:00:00,ADA-BTC,short,4.58e-06,4.62e-06,2
2019-12-29 06:00:00,BTC-USDT,long,7363.46,7288.0,1
2019-12-29 09:00:00,EOS-BTC,long,0.0003634,0.0003591,1
2019-12-29 12:00:00,XRP-BTC,long,2.646e-05,2.622e-05,1
2019-12-29 22:00:00,LTC-BTC,long,0.005854,0.005772,2
2019-12-30 11:00:00,ETH-BTC,long,0.018119999999999997,0.017916,1
2019-12-30 17:00:00,XRP-BTC,long,2.667e-05,2.644e-05,1
2019-12-31 08:00:00,LTC-BTC,long,0.005866,0.005804999999999999,0
2019-12-31 18:00:00,XRP-BTC,long,2.682e-05,2.644e-05,0
