average,BTC/USD,ETH/USD,ETH/BTC,LTC/BTC,EOS/BTC,XRP/BTC,mean,total,0,1,2,3,4,total_trades
"[13, 15, 200]",0.8674,1.8429,0.2823,0.7028,1.5850,2.1504,1.2385,7.4308,534,621,305,96,333,1889
"[13, 15, 233]",0.9440,1.7381,0.2418,0.6608,1.6107,1.9510,1.1911,7.1463,530,611,300,94,326,1861
"[13, 15, 150]",0.7204,1.9951,0.2321,0.6229,1.3847,2.1563,1.1853,7.1115,536,645,309,92,330,1912
"[13, 15, 144]",0.7049,2.1035,0.2197,0.5503,1.3535,2.1383,1.1784,7.0703,541,646,310,93,332,1922
"[13, 15, 60]",0.7311,1.6850,0.1160,0.5275,1.5847,2.0190,1.1105,6.6633,556,673,330,99,331,1989
"[10, 13, 200]",0.5193,1.3249,0.5793,0.5007,1.7718,1.9133,1.1015,6.6092,535,639,301,111,316,1902
"[13, 15, 55]",0.6942,1.7287,0.1335,0.5433,1.6414,1.8580,1.0999,6.5993,550,667,334,100,327,1978
"[10, 13, 144]",0.3884,1.6956,0.5854,0.3745,1.6973,1.8354,1.0961,6.5766,541,649,313,110,319,1932
"[10, 13, 150]",0.3625,1.6534,0.5935,0.4442,1.6464,1.8425,1.0904,6.5425,543,649,314,109,318,1933
"[13, 15, 100]",0.6097,1.7860,0.2672,0.5440,1.2794,2.0184,1.0841,6.5047,552,652,320,95,325,1944
"[13, 15, 75]",0.5894,1.7345,0.1756,0.6171,1.3764,1.9770,1.0783,6.4699,554,663,329,101,325,1972
"[13, 15, 89]",0.6008,1.8261,0.2012,0.5913,1.2630,1.9691,1.0752,6.4514,556,657,324,100,326,1963
"[10, 13, 233]",0.5856,1.2332,0.5496,0.4467,1.7432,1.8924,1.0751,6.4506,529,633,306,110,308,1886
"[13, 15, 50]",0.6981,1.6761,0.1223,0.4765,1.6173,1.8016,1.0653,6.3918,547,656,337,103,321,1964
"[10, 13, 75]",0.3676,1.2154,0.5381,0.3875,2.0870,1.7848,1.0634,6.3805,550,664,319,119,319,1971
"[10, 13, 60]",0.3185,1.2749,0.5538,0.3641,2.1151,1.6981,1.0541,6.3247,546,673,322,117,315,1973
"[10, 13, 55]",0.2933,1.1898,0.5649,0.3430,2.1832,1.6305,1.0341,6.2046,545,667,326,117,312,1967
"[10, 13, 100]",0.4251,1.4452,0.5202,0.3338,1.6581,1.7741,1.0261,6.1565,550,659,315,114,317,1955
"[10, 13, 89]",0.4649,1.4259,0.4676,0.3226,1.7640,1.7039,1.0248,6.1489,554,655,318,116,318,1961
"[10, 13, 50]",0.2405,1.1353,0.5420,0.2724,2.1085,1.5834,0.9803,5.8820,550,662,334,119,306,1971
"[13, 15, 34]",0.5400,1.6851,0.0750,0.5438,1.5326,1.5010,0.9796,5.8774,515,594,319,100,299,1827
"[13, 15, 40]",0.6881,1.5491,0.0546,0.5191,1.3981,1.6355,0.9741,5.8444,537,628,331,104,307,1907
"[8, 13, 144]",0.8025,1.6146,0.5740,0.4496,1.0108,1.3721,0.9706,5.8236,448,533,253,93,275,1602
"[8, 13, 200]",0.8878,1.3170,0.6341,0.5341,1.0488,1.3787,0.9668,5.8005,448,538,243,95,273,1597
"[8, 13, 150]",0.7971,1.5836,0.5510,0.4984,0.9231,1.3883,0.9569,5.7416,450,535,250,94,274,1603
"[10, 13, 34]",0.2074,1.0736,0.4646,0.4235,2.3457,1.1906,0.9509,5.7053,505,609,320,117,286,1837
"[10, 13, 40]",0.2661,1.1341,0.4849,0.2932,2.1521,1.3610,0.9485,5.6913,532,633,332,114,296,1907
"[8, 13, 233]",0.9431,1.1557,0.6046,0.4854,1.0757,1.3193,0.9306,5.5837,449,536,249,95,266,1595
"[10, 15, 200]",0.6993,0.9365,0.2613,0.1343,1.4835,1.9640,0.9132,5.4789,400,500,262,83,246,1491
"[21, 25, 200]",0.6184,0.6238,0.3588,0.6117,1.2177,1.9598,0.8984,5.3901,297,375,192,69,190,1123
"[8, 13, 89]",0.8267,1.4802,0.4464,0.3916,1.0235,1.2214,0.8983,5.3898,451,529,252,93,268,1593
"[21, 25, 233]",0.5650,0.5891,0.3998,0.7255,1.2016,1.8893,0.8950,5.3703,296,375,192,70,189,1122
"[10, 15, 233]",0.7989,0.8152,0.2661,0.1161,1.5466,1.8006,0.8906,5.3434,399,500,266,82,242,1489
"[8, 13, 100]",0.8191,1.4432,0.4794,0.4017,0.8929,1.3055,0.8903,5.3419,450,536,249,93,268,1596
"[5, 13, 200]",1.0200,1.2491,0.2385,0.3610,1.0293,1.4355,0.8889,5.3334,435,516,246,88,261,1546
"[10, 15, 144]",0.5579,1.2725,0.2390,0.0951,1.2521,1.9095,0.8877,5.3261,402,511,266,79,247,1505
"[5, 13, 144]",0.8904,1.5324,0.2307,0.2838,0.9763,1.4120,0.8876,5.3255,435,518,254,86,262,1555
"[5, 13, 150]",0.8837,1.5013,0.2072,0.3530,0.9389,1.4281,0.8854,5.3122,436,518,252,87,262,1555
"[10, 15, 150]",0.5574,1.1231,0.2389,0.1529,1.2783,1.9072,0.8763,5.2578,401,507,266,78,245,1497
"[8, 13, 75]",0.8159,1.2643,0.3540,0.4138,1.1240,1.2783,0.8751,5.2503,448,531,252,93,263,1587
"[8, 13, 60]",0.7640,1.2804,0.3736,0.3330,1.2179,1.1875,0.8594,5.1563,442,529,248,93,257,1569
"[5, 13, 75]",0.9385,1.2185,0.1608,0.3256,1.1506,1.3428,0.8561,5.1367,424,520,253,85,255,1537
"[5, 13, 233]",1.0632,1.0552,0.2013,0.3782,1.0388,1.3813,0.8530,5.1179,434,518,250,87,255,1544
"[5, 13, 89]",0.9310,1.3868,0.1244,0.3108,1.0592,1.2808,0.8488,5.0930,432,518,254,85,256,1545
"[5, 13, 100]",0.9097,1.4028,0.1692,0.3238,0.9085,1.3785,0.8487,5.0925,433,522,252,84,258,1549
"[8, 13, 55]",0.7307,1.2404,0.3877,0.2792,1.3140,1.0859,0.8397,5.0380,438,523,251,92,253,1557
"[21, 25, 144]",0.4558,0.6242,0.3331,0.6100,1.1348,1.8148,0.8288,4.9726,306,381,190,67,187,1131
"[21, 25, 150]",0.4506,0.6238,0.2948,0.5948,1.1861,1.8161,0.8277,4.9662,307,381,189,65,187,1129
"[5, 13, 60]",0.9442,1.1337,0.1935,0.2352,1.1487,1.2352,0.8151,4.8905,418,514,249,82,246,1509
"[21, 25, 100]",0.4331,0.6584,0.3279,0.5536,1.0802,1.8216,0.8125,4.8748,301,369,188,66,186,1110
"[21, 25, 55]",0.3907,0.3805,0.4700,0.4802,1.3016,1.7998,0.8038,4.8229,281,348,180,64,178,1051
"[21, 25, 60]",0.3647,0.4686,0.4124,0.4820,1.2525,1.8352,0.8025,4.8153,287,351,180,64,182,1064
"[10, 15, 75]",0.5866,0.9396,0.1374,0.1504,1.2501,1.7153,0.7966,4.7794,388,507,266,81,231,1473
"[5, 15, 75]",0.5411,1.1575,0.5074,0.1272,0.9393,1.4482,0.7868,4.7205,391,441,210,69,228,1339
"[5, 15, 200]",0.6026,0.8998,0.4497,0.1680,1.0878,1.5102,0.7864,4.7181,423,437,222,78,232,1392
"[5, 13, 55]",0.8546,1.1361,0.2034,0.1959,1.1696,1.1555,0.7859,4.7152,414,511,251,83,242,1501
"[21, 25, 75]",0.4667,0.4051,0.3846,0.5000,1.1774,1.7760,0.7850,4.7098,297,358,186,64,186,1091
"[21, 25, 89]",0.4737,0.4682,0.3009,0.5433,1.1487,1.7667,0.7836,4.7016,300,364,185,64,185,1098
"[10, 15, 60]",0.6407,0.9558,0.1466,0.0763,1.2025,1.6675,0.7815,4.6893,380,506,270,81,227,1464
"[21, 25, 50]",0.3591,0.2076,0.4425,0.5423,1.3008,1.8219,0.7790,4.6740,280,345,175,62,175,1037
"[5, 15, 144]",0.4673,1.3663,0.4634,0.1032,0.8824,1.3807,0.7772,4.6633,425,446,226,73,234,1404
"[8, 13, 50]",0.6974,1.1591,0.3413,0.2078,1.2006,1.0525,0.7765,4.6588,440,519,254,93,245,1551
"[10, 15, 55]",0.6851,0.9318,0.1506,0.0404,1.3166,1.5334,0.7763,4.6579,375,501,276,83,224,1459
"[5, 15, 150]",0.4491,1.2640,0.4640,0.1705,0.9083,1.3931,0.7748,4.6490,424,443,226,74,233,1400
"[10, 15, 100]",0.4996,0.9420,0.2568,0.0489,1.2238,1.6731,0.7740,4.6442,402,506,265,78,235,1486
"[5, 15, 60]",0.6087,1.0608,0.5131,0.0046,1.0533,1.3950,0.7726,4.6355,381,438,211,70,222,1322
"[10, 15, 89]",0.5390,0.9933,0.1789,0.0689,1.2246,1.6253,0.7717,4.6301,399,510,266,77,234,1486
"[15, 21, 60]",0.3994,0.9647,0.4350,0.4382,1.1904,1.1702,0.7663,4.5981,267,351,172,62,169,1021
"[8, 15, 200]",0.4541,0.7706,0.3258,0.1388,1.0615,1.8262,0.7628,4.5771,394,438,231,74,223,1360
"[5, 15, 233]",0.7606,0.7671,0.4529,0.1278,1.0813,1.3737,0.7606,4.5634,424,436,224,78,230,1392
"[15, 21, 55]",0.3985,0.9149,0.4416,0.3987,1.2369,1.0781,0.7448,4.4687,267,343,172,62,165,1009
"[8, 13, 34]",0.6423,1.1689,0.1865,0.2649,1.4969,0.7084,0.7447,4.4679,390,459,238,82,225,1394
"[8, 13, 40]",0.7113,1.2015,0.2337,0.2443,1.2140,0.8319,0.7394,4.4366,419,484,246,85,235,1469
"[5, 15, 55]",0.5272,0.9928,0.5125,-0.0313,1.1693,1.2591,0.7383,4.4296,379,434,213,71,216,1313
"[5, 15, 89]",0.4639,1.1449,0.4706,0.0533,0.8979,1.3572,0.7313,4.3879,408,445,217,69,228,1367
"[15, 21, 75]",0.3395,0.9845,0.3669,0.3484,1.0365,1.2739,0.7250,4.3498,271,345,177,65,167,1025
"[8, 15, 144]",0.2838,1.0761,0.3102,0.0762,0.8104,1.7769,0.7223,4.3336,394,446,231,73,220,1364
"[5, 13, 50]",0.8125,1.0338,0.1526,0.1227,1.0739,1.1364,0.7220,4.3319,413,503,249,84,233,1482
"[5, 15, 100]",0.4278,1.0808,0.4750,0.0487,0.8434,1.4281,0.7173,4.3039,418,441,219,71,228,1377
"[15, 21, 50]",0.2770,0.7557,0.3891,0.4517,1.2653,1.1548,0.7156,4.2936,259,341,169,59,160,988
"[8, 15, 233]",0.5504,0.6030,0.3314,0.1035,1.0659,1.6368,0.7151,4.2909,397,438,235,74,218,1362
"[15, 21, 40]",0.2309,0.6431,0.4039,0.4508,1.3255,1.2332,0.7146,4.2874,243,318,151,56,158,926
"[10, 15, 50]",0.6479,0.8737,0.1617,-0.0645,1.2184,1.4423,0.7133,4.2795,376,490,275,82,216,1439
"[8, 15, 150]",0.2832,0.9249,0.3109,0.1451,0.8385,1.7746,0.7129,4.2772,392,442,231,72,218,1355
"[15, 21, 200]",0.3980,0.7171,0.3989,0.3886,0.7909,1.5359,0.7049,4.2295,303,371,183,70,171,1098
"[5, 21, 100]",0.5944,1.1566,0.3791,0.1416,0.6710,1.2796,0.7037,4.2224,277,371,177,68,181,1074
"[21, 30, 200]",0.6256,0.5517,0.2172,0.4032,0.9764,1.4245,0.6998,4.1987,198,276,151,42,137,804
"[5, 25, 200]",1.0251,1.1990,0.2071,0.3429,0.4931,0.9241,0.6985,4.1913,265,335,167,56,168,991
"[21, 30, 55]",0.7207,0.5118,0.3326,0.3162,1.0204,1.2793,0.6968,4.1810,154,245,123,37,124,683
"[8, 15, 75]",0.3657,0.8279,0.3355,0.1397,0.8713,1.6365,0.6961,4.1766,360,438,225,71,207,1301
"[21, 30, 50]",0.7439,0.4755,0.3419,0.2620,1.0167,1.3324,0.6954,4.1725,141,240,117,33,120,651
"[5, 25, 233]",1.0333,1.1446,0.2169,0.4216,0.5275,0.8172,0.6935,4.1610,266,339,168,57,168,998
"[5, 15, 50]",0.5342,0.8673,0.5168,-0.1172,1.1173,1.2187,0.6895,4.1371,374,419,210,69,209,1281
"[21, 30, 233]",0.6709,0.4574,0.2036,0.4007,1.0589,1.3407,0.6887,4.1322,200,276,150,42,135,803
"[8, 15, 60]",0.4632,0.8083,0.3196,0.0141,0.9263,1.5917,0.6872,4.1232,351,431,226,71,204,1283
"[21, 30, 150]",0.6654,0.5733,0.2602,0.3811,0.9178,1.3210,0.6865,4.1188,192,270,151,37,137,787
"[5, 13, 34]",0.7472,0.9831,0.0267,0.2230,1.3474,0.7714,0.6831,4.0987,354,439,230,69,210,1302
"[21, 25, 40]",0.2471,-0.0827,0.3431,0.5697,1.2391,1.7804,0.6828,4.0966,257,311,162,54,157,941
"[15, 21, 233]",0.4398,0.6614,0.4049,0.3867,0.7878,1.4076,0.6813,4.0880,302,369,183,73,169,1096
"[15, 21, 150]",0.3311,0.8669,0.4096,0.3963,0.7406,1.3428,0.6812,4.0873,307,366,178,66,172,1089
"[5, 21, 55]",0.5599,1.2111,0.3502,0.0177,0.7060,1.2360,0.6801,4.0808,254,352,163,61,169,999
"[15, 21, 144]",0.3415,0.8669,0.3638,0.4120,0.7406,1.3498,0.6791,4.0746,306,365,178,65,172,1086
"[15, 21, 89]",0.4181,1.0155,0.3169,0.3663,0.6995,1.2570,0.6789,4.0732,282,358,179,65,165,1049
"[5, 21, 200]",0.7484,0.7103,0.2984,0.0958,0.7083,1.5104,0.6786,4.0715,306,386,181,72,185,1130
"[5, 21, 75]",0.5398,1.2005,0.2814,0.0432,0.7254,1.2763,0.6778,4.0666,263,356,171,64,175,1029
"[5, 13, 40]",0.7882,1.0301,0.0683,0.1395,1.1220,0.8833,0.6719,4.0314,387,472,238,74,221,1392
"[15, 21, 100]",0.4063,0.9904,0.4061,0.3427,0.6276,1.2493,0.6704,4.0225,294,358,183,66,167,1068
"[21, 30, 100]",0.7819,0.5985,0.1236,0.3720,0.8714,1.2740,0.6702,4.0213,181,260,138,38,132,749
"[21, 30, 60]",0.7220,0.4635,0.2704,0.3212,0.9624,1.2749,0.6691,4.0143,157,252,123,38,122,692
"[8, 15, 55]",0.4963,0.7958,0.3327,-0.0203,0.9941,1.4116,0.6684,4.0102,348,426,228,73,199,1274
"[21, 30, 144]",0.6960,0.5017,0.1986,0.3475,0.9162,1.3261,0.6644,3.9861,191,270,151,37,134,783
"[5, 21, 233]",0.8528,0.6783,0.3024,0.1007,0.6869,1.3613,0.6637,3.9824,308,385,185,73,183,1134
"[10, 30, 233]",0.8716,0.4965,0.1652,0.5071,0.8924,1.0447,0.6629,3.9775,171,247,128,47,125,718
"[5, 21, 89]",0.6076,1.2224,0.2570,0.0973,0.5862,1.1868,0.6595,3.9573,273,368,175,64,177,1057
"[5, 21, 60]",0.5113,1.2502,0.2932,0.0744,0.6415,1.1865,0.6595,3.9571,260,358,166,60,170,1014
"[5, 21, 150]",0.5405,1.0178,0.3636,0.0605,0.6495,1.3185,0.6584,3.9503,304,379,179,73,183,1118
"[8, 15, 89]",0.3207,0.8250,0.3028,0.0610,0.8197,1.5838,0.6522,3.9130,378,445,229,70,210,1332
"[15, 21, 34]",0.2942,0.6034,0.2687,0.3858,1.3796,0.9810,0.6521,3.9129,226,302,139,48,142,857
"[5, 21, 40]",0.5618,1.0683,0.3138,0.0680,0.6740,1.2176,0.6506,3.9035,228,306,148,54,159,895
"[5, 21, 144]",0.5535,1.0178,0.3048,0.0366,0.6626,1.3257,0.6502,3.9010,303,379,180,72,182,1116
"[15, 30, 233]",0.6424,0.6244,0.0151,0.3351,1.2336,1.0494,0.6500,3.9000,168,234,130,43,122,697
"[13, 30, 233]",0.5548,0.4022,0.1842,0.4097,1.2658,1.0832,0.6500,3.8999,163,236,127,43,123,692
"[8, 25, 50]",0.8242,1.1855,0.4522,0.0675,0.5848,0.7752,0.6482,3.8894,160,232,120,40,128,680
"[8, 21, 233]",1.0879,1.0439,0.1605,0.0821,0.5444,0.9556,0.6457,3.8744,270,338,163,66,161,998
"[10, 30, 200]",0.7974,0.5726,0.1450,0.5080,0.7556,1.0935,0.6453,3.8721,177,241,128,47,125,718
"[15, 30, 200]",0.5650,0.7039,0.0126,0.3360,1.1336,1.1097,0.6435,3.8609,171,232,130,44,122,699
"[8, 21, 200]",1.0437,1.0870,0.1550,-0.0154,0.4771,1.1070,0.6424,3.8544,270,335,157,65,163,990
"[8, 25, 200]",0.9661,0.9327,0.1762,0.3187,0.5695,0.8766,0.6400,3.8398,212,287,143,47,140,829
"[8, 30, 233]",0.9596,0.2948,0.1399,0.5939,0.8225,1.0264,0.6395,3.8371,194,254,123,50,134,755
"[13, 30, 200]",0.4806,0.4821,0.1817,0.4106,1.1408,1.1378,0.6389,3.8336,167,232,127,43,123,692
"[8, 15, 100]",0.2921,0.7481,0.3403,0.0410,0.7726,1.6350,0.6382,3.8291,384,440,229,70,209,1332
"[5, 25, 150]",0.8061,1.3281,0.1708,0.2347,0.4783,0.7877,0.6343,3.8056,264,331,160,55,164,974
"[21, 30, 75]",0.7895,0.4656,0.1867,0.2694,0.8657,1.2285,0.6342,3.8053,176,259,127,37,128,727
"[10, 21, 200]",1.0280,0.8359,0.1711,0.0931,0.5199,1.1410,0.6315,3.7890,269,331,158,61,165,984
"[5, 25, 50]",0.8627,1.3954,0.4936,0.0152,0.3479,0.6545,0.6282,3.7693,207,298,141,47,146,839
"[21, 30, 89]",0.7642,0.3909,0.1226,0.3247,0.8934,1.2649,0.6268,3.7607,183,261,133,37,129,743
"[8, 30, 200]",0.8859,0.3825,0.1197,0.5948,0.6898,1.0834,0.6260,3.7562,199,250,124,50,134,757
"[5, 21, 50]",0.3767,1.1270,0.2750,0.0170,0.7499,1.1949,0.6234,3.7405,251,341,159,59,162,972
"[8, 25, 233]",0.9598,0.8826,0.1860,0.3109,0.6534,0.7473,0.6233,3.7400,214,287,144,49,139,833
"[5, 15, 40]",0.5622,0.8275,0.4559,-0.0729,1.0237,0.9234,0.6200,3.7199,353,391,196,69,195,1204
"[5, 25, 144]",0.7955,1.3281,0.1860,0.2128,0.4045,0.7568,0.6139,3.6837,264,333,160,55,162,974
"[8, 25, 55]",0.8298,1.1855,0.2994,0.0721,0.5368,0.7574,0.6135,3.6810,168,242,121,41,127,699
"[13, 21, 200]",0.5678,0.4604,0.1170,0.2311,0.6465,1.6578,0.6134,3.6805,284,353,174,70,165,1046
"[10, 21, 233]",1.0713,0.7744,0.1766,0.1060,0.5558,0.9899,0.6123,3.6739,271,335,162,63,162,993
"[8, 25, 60]",0.8214,1.2192,0.2854,0.0723,0.4847,0.7749,0.6096,3.6577,169,247,122,41,128,707
"[5, 25, 55]",0.8640,1.3986,0.4190,0.0087,0.2958,0.6456,0.6053,3.6317,223,303,141,49,150,866
"[8, 25, 150]",0.8598,0.9806,0.1995,0.2309,0.6267,0.7341,0.6053,3.6316,212,284,132,44,139,811
"[13, 21, 233]",0.6488,0.4222,0.1241,0.2395,0.6841,1.5124,0.6052,3.6311,285,357,177,72,163,1054
"[5, 25, 100]",0.8079,1.5509,0.2568,0.1215,0.2307,0.6586,0.6044,3.6264,245,332,151,48,154,930
"[8, 15, 50]",0.4652,0.6987,0.3223,-0.1247,0.8866,1.3576,0.6010,3.6057,347,414,227,71,192,1251
"[21, 25, 34]",0.2604,-0.0113,0.3294,0.4975,0.9730,1.5413,0.5984,3.5904,229,277,140,48,138,832
"[10, 15, 40]",0.5305,0.6678,0.0969,-0.0638,1.1241,1.2218,0.5962,3.5773,363,459,266,84,198,1370
"[8, 21, 150]",0.7368,1.3135,0.2010,-0.0660,0.4384,0.9513,0.5958,3.5750,274,333,149,61,161,978
"[13, 30, 150]",0.3589,0.4929,0.2136,0.3941,1.0193,1.0809,0.5933,3.5597,165,221,122,40,119,667
"[10, 21, 150]",0.7935,1.0483,0.2180,0.0174,0.4809,0.9984,0.5927,3.5564,269,330,149,57,163,968
"[8, 25, 75]",0.9690,1.1922,0.2325,0.1124,0.4135,0.6316,0.5919,3.5512,176,259,126,41,131,733
"[13, 21, 150]",0.3606,0.6364,0.1675,0.2364,0.6632,1.4857,0.5917,3.5499,284,354,164,69,165,1036
"[8, 21, 144]",0.7473,1.3174,0.1418,-0.0800,0.4514,0.9583,0.5894,3.5361,272,334,150,60,160,976
"[13, 21, 55]",0.3361,0.6544,0.1837,0.1506,0.8626,1.3422,0.5883,3.5295,241,326,152,59,148,926
"[10, 21, 144]",0.8039,1.0483,0.1863,0.0053,0.4940,0.9892,0.5878,3.5270,267,330,150,56,162,965
"[13, 25, 200]",0.4728,0.6644,0.1038,0.3639,0.6387,1.2754,0.5865,3.5190,223,275,157,50,138,843
"[13, 21, 60]",0.3362,0.6786,0.1616,0.1587,0.7787,1.4014,0.5859,3.5152,245,333,156,60,149,943
"[5, 21, 34]",0.5069,0.9646,0.2459,-0.0117,0.6352,1.1693,0.5850,3.5102,209,283,138,42,144,816
"[8, 25, 144]",0.8660,0.9806,0.1541,0.2308,0.5427,0.7305,0.5841,3.5047,211,285,130,45,137,808
"[13, 21, 144]",0.3710,0.6622,0.1230,0.1812,0.6632,1.4927,0.5822,3.4933,285,354,165,68,164,1036
"[15, 30, 150]",0.4274,0.7351,0.0511,0.3191,0.8937,1.0627,0.5815,3.4891,172,220,128,43,117,680
"[5, 25, 75]",0.9239,1.3242,0.3061,0.0413,0.3127,0.5638,0.5787,3.4720,235,326,148,47,151,907
"[13, 25, 233]",0.4712,0.6040,0.1296,0.3559,0.6938,1.2134,0.5780,3.4680,222,277,159,51,137,846
"[5, 25, 60]",0.7886,1.3765,0.3634,0.0128,0.2792,0.6430,0.5772,3.4634,226,310,144,47,147,874
"[10, 25, 200]",0.6933,0.6177,0.2310,0.2554,0.7282,0.9119,0.5729,3.4375,211,275,152,49,128,815
"[10, 25, 233]",0.6929,0.5576,0.2575,0.2476,0.8184,0.8542,0.5714,3.4282,208,276,155,50,127,816
"[10, 15, 34]",0.3489,0.7156,0.0931,-0.0891,1.3033,1.0478,0.5699,3.4197,341,423,253,75,190,1282
"[8, 21, 89]",0.8177,1.3620,0.0761,-0.1616,0.4043,0.8944,0.5655,3.3929,243,319,142,57,151,912
"[15, 25, 200]",0.4854,0.5881,0.0612,0.3998,0.8470,1.0078,0.5649,3.3894,214,284,149,48,133,828
"[8, 21, 100]",0.8022,1.2767,0.1786,-0.1876,0.4062,0.9130,0.5649,3.3891,253,327,143,59,153,935
"[10, 30, 150]",0.4577,0.6176,0.1773,0.4667,0.6353,1.0310,0.5643,3.3855,180,234,122,46,119,701
"[13, 30, 144]",0.3895,0.4212,0.1532,0.3599,0.9667,1.0944,0.5642,3.3849,165,221,122,40,115,663
"[13, 21, 40]",0.2145,0.4788,0.1483,0.1876,0.8891,1.4664,0.5641,3.3847,214,295,134,54,138,835
"[8, 21, 60]",0.7263,1.2496,0.2045,-0.1829,0.5585,0.8010,0.5595,3.3570,227,307,136,50,143,863
"[8, 25, 40]",0.7104,1.0035,0.3988,0.0226,0.5885,0.6238,0.5579,3.3476,147,211,108,32,111,609
"[13, 21, 75]",0.3109,0.6895,0.1113,0.0755,0.6932,1.4634,0.5573,3.3438,256,327,162,67,152,964
"[21, 30, 40]",0.5222,0.3890,0.2698,0.3092,0.8522,0.9984,0.5568,3.3408,123,213,104,25,101,566
"[8, 25, 100]",0.8468,1.1782,0.2243,0.1476,0.2599,0.6783,0.5558,3.3351,195,272,126,40,130,763
"[15, 30, 144]",0.4580,0.6635,0.0042,0.2855,0.8410,1.0762,0.5547,3.3283,171,221,128,43,113,676
"[13, 21, 50]",0.2129,0.4926,0.1319,0.1774,0.8831,1.4257,0.5539,3.3235,234,323,149,57,142,905
"[15, 25, 233]",0.4861,0.5085,0.0856,0.3951,0.8883,0.9565,0.5534,3.3202,217,282,152,49,133,833
"[10, 25, 55]",0.4023,1.0730,0.3264,0.1069,0.6391,0.7655,0.5522,3.3132,163,238,125,42,116,684
"[5, 25, 40]",0.8426,1.2359,0.4134,-0.0237,0.2963,0.5415,0.5510,3.3060,194,272,129,43,129,767
"[8, 21, 75]",0.7199,1.2710,0.1079,-0.2005,0.5048,0.9021,0.5509,3.3052,237,302,139,55,148,881
"[8, 25, 89]",0.9136,1.1894,0.2495,0.1066,0.2604,0.5791,0.5498,3.2987,188,264,123,40,129,744
"[10, 21, 89]",0.8713,1.1626,0.2265,-0.0969,0.2569,0.8773,0.5496,3.2978,245,313,147,54,153,912
"[10, 21, 100]",0.8669,1.0773,0.3207,-0.1216,0.2536,0.8986,0.5493,3.2955,253,321,148,54,155,931
"[8, 30, 150]",0.5824,0.5111,0.1328,0.5478,0.4532,1.0587,0.5477,3.2860,198,244,119,47,127,735
"[10, 25, 50]",0.3114,1.0945,0.3259,0.1019,0.6595,0.7769,0.5450,3.2701,156,226,121,40,113,656
"[5, 15, 34]",0.3008,0.8559,0.3746,-0.0979,1.0831,0.7505,0.5445,3.2669,329,358,187,56,180,1110
"[10, 30, 144]",0.4935,0.5459,0.1167,0.4331,0.6437,1.0310,0.5440,3.2639,178,234,122,47,116,697
"[10, 21, 60]",0.8195,1.0176,0.2746,-0.0955,0.4282,0.7887,0.5388,3.2330,228,302,138,48,144,860
"[10, 25, 60]",0.3933,1.1075,0.3009,0.1071,0.5406,0.7826,0.5387,3.2320,167,242,125,42,117,693
"[5, 25, 89]",0.8280,1.3519,0.2623,0.0081,0.2193,0.5553,0.5375,3.2248,243,327,149,46,148,913
"[8, 30, 144]",0.6182,0.5111,0.0722,0.5244,0.4158,1.0561,0.5330,3.1979,195,243,119,47,124,728
"[8, 21, 55]",0.7214,1.1294,0.2442,-0.2374,0.5761,0.7554,0.5315,3.1892,228,300,135,49,141,853
"[13, 21, 89]",0.3903,0.7819,0.0633,0.0933,0.3889,1.4688,0.5311,3.1865,265,346,163,68,152,994
"[8, 21, 40]",0.5849,0.9862,0.2533,-0.1763,0.6948,0.8347,0.5296,3.1776,197,263,120,45,132,757
"[10, 21, 75]",0.7539,1.0744,0.2320,-0.1147,0.3684,0.8606,0.5291,3.1746,237,298,144,53,148,880
"[13, 21, 100]",0.3759,0.7578,0.1492,0.0686,0.4182,1.4039,0.5289,3.1736,274,349,165,68,154,1010
"[5, 30, 233]",0.8577,0.6378,-0.0595,0.3041,0.7485,0.6800,0.5281,3.1686,245,303,152,46,139,885
"[15, 30, 55]",0.5373,0.6402,0.0963,0.1243,0.7882,0.9377,0.5207,3.1240,137,183,98,38,97,553
"[10, 30, 50]",0.5557,0.6725,0.1899,0.2389,0.5359,0.9234,0.5194,3.1164,133,181,82,40,101,537
"[15, 30, 50]",0.5457,0.6582,0.0966,0.0671,0.7849,0.9599,0.5187,3.1122,127,177,94,36,94,528
"[10, 21, 55]",0.8143,0.9644,0.3036,-0.1381,0.4518,0.7159,0.5186,3.1118,227,296,134,46,142,845
"[13, 25, 150]",0.2932,0.7195,0.1036,0.2877,0.5693,1.1353,0.5181,3.1087,222,273,148,47,134,824
"[8, 25, 34]",0.5861,0.8565,0.3659,0.0979,0.4809,0.7199,0.5179,3.1073,127,186,92,27,99,531
"[15, 25, 150]",0.3616,0.6507,0.0617,0.3159,0.7812,0.9278,0.5165,3.0989,212,279,143,46,130,810
"[10, 21, 40]",0.7074,0.8135,0.3099,-0.0792,0.5051,0.8366,0.5155,3.0933,198,262,117,39,134,750
"[5, 34, 200]",0.6335,0.6952,-0.0845,0.3867,0.7127,0.7399,0.5139,3.0834,236,269,141,53,133,832
"[13, 25, 144]",0.3240,0.7195,0.1171,0.2876,0.4904,1.1323,0.5118,3.0709,220,273,147,48,133,821
"[15, 30, 60]",0.5296,0.6770,0.0167,0.1399,0.7626,0.9372,0.5105,3.0631,140,189,99,39,96,563
"[21, 30, 34]",0.6329,0.2683,0.2670,0.2694,0.6824,0.9389,0.5098,3.0590,99,172,86,18,87,462
"[5, 25, 34]",0.6854,1.0339,0.3987,-0.0099,0.2910,0.6598,0.5098,3.0589,174,246,120,41,117,698
"[10, 30, 55]",0.5517,0.7013,0.1659,0.2250,0.4906,0.9228,0.5095,3.0572,142,188,85,41,103,559
"[8, 15, 40]",0.4026,0.6017,0.2683,-0.1459,0.8183,1.1102,0.5092,3.0552,329,381,214,72,176,1172
"[8, 21, 50]",0.6553,0.9694,0.2092,-0.2159,0.6352,0.7997,0.5088,3.0529,221,292,135,50,137,835
"[10, 30, 60]",0.5426,0.7600,0.1156,0.2291,0.4906,0.9090,0.5078,3.0469,143,196,88,42,102,571
"[15, 25, 144]",0.3682,0.6507,0.0752,0.3158,0.7023,0.9248,0.5062,3.0370,211,279,142,47,129,808
"[5, 34, 233]",0.7477,0.6882,-0.1056,0.3657,0.6495,0.6867,0.5054,3.0322,236,266,146,52,132,832
"[10, 25, 144]",0.4914,0.7712,0.1751,0.1705,0.6522,0.7663,0.5044,3.0265,213,272,141,47,125,798
"[5, 30, 200]",0.7724,0.7389,-0.0598,0.3155,0.4966,0.7433,0.5011,3.0069,248,303,147,46,138,882
"[10, 25, 150]",0.4522,0.6386,0.2348,0.1706,0.7344,0.7699,0.5001,3.0005,214,272,142,46,125,799
"[13, 30, 55]",0.4435,0.3815,0.2187,0.1678,0.8416,0.9455,0.4997,2.9985,133,179,89,37,99,537
"[10, 25, 40]",0.3000,0.8695,0.3410,0.0592,0.6619,0.7603,0.4986,2.9919,141,202,110,33,101,587
"[10, 21, 50]",0.7344,0.8043,0.2698,-0.1174,0.5067,0.7908,0.4981,2.9886,221,288,133,43,140,825
"[13, 30, 50]",0.4629,0.3540,0.2065,0.1113,0.8869,0.9601,0.4970,2.9818,125,172,87,37,96,517
"[10, 25, 75]",0.5234,0.9628,0.2515,0.1296,0.4737,0.6254,0.4944,2.9665,178,254,130,43,116,721
"[13, 30, 60]",0.4194,0.4193,0.1374,0.2043,0.8416,0.9317,0.4923,2.9536,136,185,91,38,98,548
"[8, 30, 60]",0.7582,0.5166,0.1313,0.4209,0.2156,0.9048,0.4912,2.9474,163,204,93,42,112,614
"[13, 21, 34]",0.2085,0.4466,0.0313,0.0845,0.9180,1.2485,0.4896,2.9374,199,277,128,44,121,769
"[13, 25, 60]",0.2880,0.9649,0.3300,0.0649,0.2001,1.0851,0.4888,2.9330,176,252,123,46,118,715
"[10, 30, 100]",0.5008,0.6933,0.0355,0.3504,0.4349,0.9148,0.4883,2.9298,171,219,105,43,109,647
"[5, 34, 55]",0.5666,0.7617,-0.0194,0.3363,0.4659,0.8128,0.4873,2.9239,178,226,107,44,120,675
"[13, 25, 55]",0.2970,0.9397,0.3745,0.0625,0.2224,1.0272,0.4872,2.9233,172,250,122,45,116,705
"[5, 34, 100]",0.5372,1.0332,-0.0526,0.4335,0.2178,0.7530,0.4870,2.9222,202,257,128,49,123,759
"[8, 21, 34]",0.6525,0.9561,0.1046,-0.2658,0.6952,0.7747,0.4862,2.9173,178,240,114,35,120,687
"[5, 34, 50]",0.6171,0.6937,-0.0260,0.3337,0.5496,0.7388,0.4845,2.9069,172,219,103,45,118,657
"[8, 30, 55]",0.7681,0.4253,0.1913,0.3692,0.2119,0.9321,0.4830,2.8980,162,200,87,41,112,602
"[13, 30, 100]",0.4566,0.3931,0.0730,0.2577,0.7493,0.9670,0.4828,2.8967,158,212,108,37,106,621
"[15, 30, 100]",0.5929,0.6463,-0.0749,0.1521,0.6153,0.9548,0.4811,2.8865,166,207,117,40,104,634
"[15, 25, 60]",0.3471,0.8747,0.2485,0.0411,0.4866,0.8777,0.4793,2.8757,180,260,119,46,118,723
"[10, 30, 75]",0.5269,0.7210,0.0397,0.2498,0.4017,0.9293,0.4781,2.8683,161,206,93,42,106,608
"[5, 34, 150]",0.5318,0.8382,-0.0650,0.3875,0.3960,0.7769,0.4776,2.8654,227,267,134,51,127,806
"[13, 25, 50]",0.2061,0.9642,0.3521,0.0581,0.2714,0.9896,0.4736,2.8415,164,240,119,43,113,679
"[5, 34, 60]",0.5500,0.7858,-0.0369,0.3394,0.3771,0.8247,0.4733,2.8400,181,233,110,46,119,689
"[10, 30, 40]",0.6233,0.7112,0.1072,0.1294,0.4592,0.8028,0.4722,2.8331,116,156,71,32,94,469
"[21, 34, 233]",0.6813,0.1457,0.2843,0.3108,0.7835,0.6206,0.4710,2.8261,175,232,129,40,99,675
"[8, 30, 50]",0.7687,0.3115,0.1802,0.3820,0.1967,0.9855,0.4708,2.8246,155,191,84,40,108,578
"[15, 25, 55]",0.3347,0.7898,0.2922,0.0386,0.5250,0.8198,0.4667,2.8001,177,257,119,44,115,712
"[15, 25, 75]",0.4126,0.7458,0.2534,0.1762,0.4398,0.7701,0.4663,2.7980,188,267,127,49,120,751
"[10, 21, 34]",0.7143,0.8382,0.1531,-0.1830,0.5692,0.7012,0.4655,2.7931,180,237,111,30,120,678
"[5, 30, 60]",0.6355,0.9803,0.1120,0.2463,0.1784,0.6366,0.4649,2.7891,206,265,117,36,127,751
"[10, 30, 89]",0.5010,0.6337,0.0340,0.3029,0.3950,0.9164,0.4638,2.7829,170,213,102,42,107,634
"[5, 34, 144]",0.4647,0.8361,-0.1507,0.4003,0.4547,0.7765,0.4636,2.7815,225,265,133,50,126,799
"[15, 30, 89]",0.5865,0.5341,-0.0755,0.1382,0.6261,0.9546,0.4607,2.7639,164,202,112,40,102,620
"[8, 30, 75]",0.6561,0.5458,0.0535,0.4054,0.1419,0.9494,0.4587,2.7520,178,210,99,42,114,643
"[5, 30, 40]",0.7024,0.8267,0.1327,0.2251,0.2519,0.6070,0.4576,2.7458,172,223,100,32,116,643
"[13, 25, 75]",0.3616,0.8195,0.2735,0.1758,0.1598,0.9538,0.4573,2.7440,191,262,131,48,120,752
"[10, 25, 89]",0.5250,0.8740,0.2702,0.0964,0.3447,0.6143,0.4541,2.7247,189,260,128,44,115,736
"[21, 34, 75]",0.6365,0.2639,0.2166,0.1662,0.8421,0.5987,0.4540,2.7241,150,205,108,33,94,590
"[10, 25, 34]",0.1854,0.8142,0.3094,0.1317,0.5458,0.7284,0.4525,2.7149,122,175,95,28,89,509
"[8, 30, 100]",0.6258,0.5098,0.0161,0.4518,0.2000,0.9066,0.4517,2.7101,188,229,109,44,115,685
"[10, 25, 100]",0.4819,0.8660,0.2445,0.0933,0.3229,0.6980,0.4511,2.7067,200,269,135,43,116,763
"[13, 30, 89]",0.4502,0.2799,0.0723,0.2255,0.7106,0.9681,0.4511,2.7065,157,204,106,37,103,607
"[15, 25, 89]",0.4165,0.6718,0.1753,0.2195,0.4477,0.7704,0.4502,2.7012,193,271,126,49,119,758
"[15, 25, 100]",0.3724,0.6843,0.1424,0.2133,0.4379,0.8458,0.4493,2.6960,204,277,132,48,121,782
"[5, 34, 89]",0.5382,0.9754,-0.1270,0.3164,0.2739,0.7173,0.4491,2.6943,201,253,123,46,119,742
"[8, 15, 34]",0.1475,0.6387,0.1858,-0.1467,0.8820,0.9839,0.4485,2.6912,305,344,200,62,163,1074
"[13, 25, 89]",0.3632,0.7309,0.2153,0.2230,0.2345,0.9187,0.4476,2.6856,200,265,129,49,122,765
"[5, 30, 55]",0.6445,0.8801,0.1257,0.2112,0.1730,0.6457,0.4467,2.6803,202,258,114,36,124,734
"[15, 30, 75]",0.5258,0.5957,-0.0445,0.1102,0.5980,0.8932,0.4464,2.6785,157,197,106,38,99,597
"[21, 34, 200]",0.5735,0.0705,0.2850,0.3133,0.8008,0.6326,0.4460,2.6758,178,233,131,41,98,681
"[13, 25, 100]",0.3223,0.7215,0.1819,0.1850,0.2243,1.0371,0.4454,2.6722,210,269,136,48,123,786
"[13, 30, 75]",0.3913,0.3494,0.0794,0.1752,0.7054,0.9687,0.4449,2.6696,151,196,98,37,101,583
"[8, 30, 40]",0.7907,0.3948,0.1504,0.2638,0.1870,0.8664,0.4422,2.6530,135,163,76,36,100,510
"[5, 34, 75]",0.5197,0.9034,-0.0928,0.3479,0.2923,0.6763,0.4411,2.6468,195,235,116,45,117,708
"[21, 34, 150]",0.5696,0.1167,0.2437,0.2633,0.7995,0.6503,0.4405,2.6431,176,227,123,41,97,664
"[21, 34, 89]",0.6285,0.2953,0.1303,0.1878,0.8173,0.5803,0.4399,2.6395,162,214,114,36,95,621
"[5, 30, 50]",0.5878,0.8018,0.1261,0.2242,0.2017,0.6976,0.4398,2.6391,195,247,112,36,121,711
"[5, 30, 144]",0.6336,0.9275,-0.1002,0.2882,0.2649,0.6075,0.4369,2.6215,239,298,136,44,132,849
"[21, 34, 100]",0.6480,0.2876,0.1998,0.1938,0.7096,0.5821,0.4368,2.6209,163,219,119,37,94,632
"[5, 34, 40]",0.6023,0.5595,-0.0662,0.3170,0.5685,0.6274,0.4347,2.6084,159,194,99,41,107,600
"[5, 30, 100]",0.6093,1.0362,-0.0600,0.3283,0.2022,0.4910,0.4345,2.6069,229,285,130,37,130,811
"[8, 34, 200]",0.3578,0.6751,-0.2409,0.1520,0.7736,0.8818,0.4332,2.5994,214,232,135,36,112,729
"[8, 30, 89]",0.6249,0.4686,-0.0086,0.4152,0.1519,0.9115,0.4272,2.5635,188,220,106,43,113,670
"[5, 30, 150]",0.5930,0.8768,-0.0413,0.2696,0.2493,0.6107,0.4264,2.5582,244,302,137,43,132,858
"[21, 34, 144]",0.5711,0.1771,0.1832,0.2590,0.7151,0.6482,0.4256,2.5537,175,224,122,41,95,657
"[5, 30, 34]",0.7408,0.8476,0.0935,0.1041,0.2515,0.5075,0.4241,2.5449,159,204,90,31,106,590
"[13, 25, 40]",0.1614,0.7096,0.2938,0.0681,0.3043,0.9878,0.4208,2.5250,146,212,105,36,100,599
"[15, 25, 50]",0.2300,0.7070,0.2702,0.0372,0.4969,0.7834,0.4208,2.5248,171,251,116,43,108,689
"[8, 40, 150]",0.4497,0.4652,-0.1214,0.1994,0.4953,1.0310,0.4199,2.5192,164,215,105,37,104,625
"[5, 30, 75]",0.6296,1.0823,0.0088,0.1986,0.0666,0.5195,0.4175,2.5052,221,266,124,35,126,772
"[21, 34, 50]",0.4584,0.1410,0.2671,0.1705,0.8945,0.5664,0.4163,2.4979,128,183,92,27,81,511
"[21, 34, 60]",0.5118,0.1750,0.2381,0.2000,0.8393,0.5225,0.4144,2.4866,141,199,105,30,84,559
"[8, 34, 233]",0.4672,0.5300,-0.2204,0.1294,0.7226,0.8576,0.4144,2.4864,213,235,137,36,110,731
"[8, 34, 55]",0.3323,1.0364,-0.1869,0.1336,0.3644,0.7966,0.4127,2.4764,156,188,99,32,96,571
"[8, 34, 50]",0.3564,0.9017,-0.1929,0.1309,0.4369,0.8229,0.4093,2.4559,154,180,92,32,95,553
"[21, 34, 55]",0.5064,0.1642,0.2353,0.1667,0.8462,0.5312,0.4083,2.4500,136,191,98,27,83,535
"[13, 30, 40]",0.3576,0.3108,0.1028,0.1590,0.7784,0.7086,0.4029,2.4172,113,147,75,27,84,446
"[8, 40, 144]",0.4497,0.3662,-0.1777,0.2049,0.5061,1.0420,0.3985,2.3913,163,213,103,38,102,619
"[5, 30, 89]",0.5840,1.0515,-0.0317,0.1599,0.1371,0.4814,0.3970,2.3823,230,282,125,37,126,800
"[10, 30, 34]",0.6267,0.5696,0.0717,0.0720,0.4203,0.6202,0.3968,2.3805,107,132,63,28,80,410
"[15, 30, 40]",0.2835,0.5370,0.0188,0.1364,0.6748,0.7079,0.3931,2.3584,112,152,81,27,77,449
"[13, 25, 34]",0.1352,0.6379,0.2071,0.1337,0.1867,1.0532,0.3923,2.3538,129,187,90,32,89,527
"[8, 34, 150]",0.2312,0.8360,-0.2423,0.1305,0.4912,0.9042,0.3918,2.3507,209,223,125,34,107,698
"[8, 34, 144]",0.2766,0.8964,-0.3177,0.1372,0.4315,0.9042,0.3880,2.3281,205,222,126,34,105,692
"[8, 40, 200]",0.5733,0.0857,-0.0839,0.2589,0.4597,1.0019,0.3826,2.2956,176,217,108,40,104,645
"[8, 34, 100]",0.4184,1.0731,-0.3008,0.1529,0.0513,0.8783,0.3789,2.2732,188,213,120,36,100,657
"[15, 25, 40]",0.1949,0.5441,0.1974,0.0459,0.4407,0.8287,0.3753,2.2517,152,226,103,37,95,613
"[13, 34, 150]",0.1503,0.6307,-0.0980,0.2804,0.6169,0.6583,0.3731,2.2385,168,203,127,27,100,625
"[8, 34, 75]",0.4139,1.0874,-0.3077,0.0912,0.1346,0.8184,0.3730,2.2377,173,200,102,35,96,606
"[8, 40, 100]",0.5337,0.3705,-0.1628,0.1071,0.2990,1.0830,0.3717,2.2304,149,210,101,36,95,591
"[8, 30, 34]",0.8073,0.2624,0.0990,0.1844,0.2076,0.6597,0.3701,2.2203,124,139,66,31,87,447
"[8, 40, 233]",0.6177,0.0873,-0.0606,0.2414,0.4674,0.8635,0.3695,2.2169,179,218,110,39,103,649
"[10, 34, 50]",0.4161,0.6313,-0.2276,0.0410,0.5222,0.8329,0.3693,2.2158,129,174,93,31,85,512
"[8, 34, 40]",0.2653,0.8802,-0.2722,0.1236,0.4498,0.7591,0.3676,2.2059,136,161,87,29,83,496
"[10, 34, 55]",0.3972,0.7431,-0.2284,0.0433,0.4496,0.8003,0.3675,2.2051,133,182,99,32,86,532
"[10, 34, 150]",0.2357,0.6519,-0.3266,0.0928,0.6631,0.8754,0.3654,2.1923,181,212,126,34,98,651
"[10, 34, 200]",0.2515,0.4504,-0.3217,0.1147,0.8398,0.8544,0.3648,2.1890,188,225,130,37,100,680
"[10, 34, 233]",0.3784,0.3787,-0.3208,0.0920,0.8123,0.8285,0.3615,2.1693,188,227,130,38,100,683
"[8, 40, 89]",0.6117,0.3363,-0.0948,0.1528,0.1658,0.9931,0.3608,2.1648,149,201,94,33,93,570
"[10, 34, 100]",0.4315,0.8387,-0.3747,0.1040,0.2670,0.8872,0.3590,2.1537,161,202,119,35,93,610
"[13, 34, 200]",0.1300,0.4136,-0.0241,0.3002,0.7314,0.5975,0.3581,2.1487,175,207,134,29,101,646
"[13, 34, 233]",0.2590,0.3550,-0.0247,0.2775,0.7037,0.5779,0.3581,2.1484,174,213,132,30,101,650
"[8, 34, 60]",0.3105,1.0121,-0.2753,0.1027,0.1922,0.8050,0.3579,2.1472,163,196,102,34,93,588
"[8, 34, 89]",0.4004,1.0623,-0.3723,0.0881,0.1322,0.8362,0.3578,2.1469,184,210,116,35,97,642
"[10, 60, 150]",0.1967,0.3912,0.0559,0.1509,0.4801,0.8680,0.3571,2.1429,106,125,52,21,77,381
"[10, 60, 144]",0.1967,0.3912,0.0553,0.1529,0.4801,0.8644,0.3568,2.1406,106,125,52,21,77,381
"[13, 34, 144]",0.1517,0.7059,-0.1439,0.2258,0.5444,0.6562,0.3567,2.1402,165,201,126,27,97,616
"[5, 60, 150]",0.1989,0.3781,0.0130,0.1931,0.4224,0.9341,0.3566,2.1396,142,171,85,33,88,519
"[10, 34, 144]",0.2594,0.7261,-0.3737,0.0994,0.5509,0.8754,0.3563,2.1375,175,212,126,34,95,642
"[10, 40, 100]",0.5650,0.4183,-0.1127,0.1637,0.2776,0.7838,0.3493,2.0958,143,177,99,29,86,534
"[5, 60, 144]",0.1989,0.3193,0.0125,0.1892,0.4224,0.9360,0.3464,2.0783,142,171,85,33,87,518
"[21, 34, 40]",0.3733,-0.1136,0.2267,0.1760,0.8606,0.5397,0.3438,2.0627,115,152,87,20,70,444
"[13, 34, 75]",0.2549,0.6853,-0.1246,0.2339,0.3612,0.6398,0.3417,2.0504,139,174,104,28,88,533
"[10, 60, 233]",0.3514,0.2074,0.0506,0.1565,0.4199,0.8641,0.3417,2.0500,111,127,54,24,78,394
"[15, 34, 150]",0.2394,0.4020,-0.0609,0.2162,0.4646,0.7868,0.3414,2.0482,179,200,115,30,103,627
"[13, 34, 100]",0.2577,0.7200,-0.1238,0.2321,0.3072,0.6484,0.3403,2.0417,153,188,117,28,93,579
"[10, 40, 150]",0.4991,0.3018,-0.1322,0.1859,0.4493,0.7329,0.3395,2.0368,160,186,101,32,89,568
"[10, 60, 200]",0.2539,0.2462,0.0565,0.1434,0.4305,0.9042,0.3391,2.0348,113,127,54,23,77,394
"[5, 60, 233]",0.2436,0.3442,0.0257,0.1625,0.3531,0.9033,0.3387,2.0324,143,171,93,37,86,530
"[10, 55, 150]",0.0890,0.3945,0.0174,0.1580,0.5387,0.8193,0.3361,2.0169,116,155,60,25,75,431
"[10, 40, 144]",0.4991,0.3002,-0.1751,0.1933,0.4544,0.7438,0.3360,2.0159,158,184,101,32,88,563
"[10, 60, 100]",0.1425,0.4834,0.0318,0.1761,0.4021,0.7798,0.3360,2.0158,101,114,51,19,74,359
"[10, 34, 40]",0.3109,0.6024,-0.2397,0.0266,0.5304,0.7841,0.3358,2.0147,117,152,86,27,74,456
"[5, 60, 200]",0.2576,0.2807,0.0131,0.1579,0.3577,0.9465,0.3356,2.0135,145,172,89,35,86,527
"[5, 55, 233]",0.2668,0.2614,0.0133,0.2061,0.2913,0.9745,0.3356,2.0134,164,176,86,36,98,560
"[15, 34, 233]",0.3768,0.1801,0.0098,0.2296,0.5545,0.6623,0.3355,2.0131,187,211,120,31,106,655
"[10, 34, 75]",0.4189,0.8197,-0.3826,0.0097,0.3067,0.8381,0.3351,2.0104,148,192,104,33,87,564
"[15, 25, 34]",0.0702,0.4763,0.1125,0.1148,0.3516,0.8812,0.3344,2.0066,137,206,91,32,85,551
"[13, 34, 50]",0.2751,0.5132,0.0253,0.2403,0.3136,0.6376,0.3342,2.0052,122,154,93,24,81,474
"[10, 34, 60]",0.3607,0.7482,-0.3183,0.0124,0.3944,0.8076,0.3342,2.0050,138,186,101,33,84,542
"[15, 34, 200]",0.2478,0.2316,0.0104,0.2507,0.5716,0.6841,0.3327,1.9962,188,209,120,31,106,654
"[13, 60, 150]",0.2364,0.3869,-0.0611,0.0715,0.6225,0.7244,0.3301,1.9806,102,128,52,17,69,368
"[15, 30, 34]",0.3078,0.3886,0.0630,0.1525,0.5285,0.5373,0.3296,1.9777,100,123,72,23,65,383
"[10, 55, 144]",0.0890,0.3945,0.0183,0.1696,0.5387,0.7662,0.3294,1.9764,115,155,62,25,74,431
"[13, 34, 89]",0.2462,0.7009,-0.1896,0.2200,0.3710,0.6134,0.3270,1.9619,150,183,114,28,90,565
"[10, 55, 233]",0.0446,0.3259,0.0118,0.2014,0.4549,0.9058,0.3241,1.9444,120,160,62,27,76,445
"[8, 40, 75]",0.6210,0.3184,-0.1670,0.1183,0.1318,0.9134,0.3227,1.9359,147,195,88,35,87,552
"[10, 34, 89]",0.4100,0.7864,-0.4466,-0.0063,0.3392,0.8451,0.3213,1.9279,160,200,115,34,89,598
"[5, 55, 200]",0.1821,0.1931,0.0111,0.2057,0.3607,0.9745,0.3212,1.9271,164,179,84,36,96,559
"[13, 34, 55]",0.1802,0.5388,0.0376,0.2425,0.3272,0.6002,0.3211,1.9263,125,163,96,25,81,490
"[13, 34, 60]",0.1427,0.5803,-0.0320,0.2755,0.3306,0.6156,0.3188,1.9127,130,168,102,26,82,508
"[15, 34, 144]",0.2409,0.4611,-0.1067,0.1609,0.4080,0.7416,0.3176,1.9058,176,197,114,30,99,616
"[13, 30, 34]",0.3532,0.1683,0.1225,0.1232,0.6358,0.4984,0.3169,1.9015,102,121,65,24,70,382
"[5, 55, 150]",0.0417,0.2756,0.0111,0.1765,0.4565,0.9401,0.3169,1.9015,161,177,85,36,92,551
"[10, 55, 200]",0.0301,0.2580,0.0174,0.1977,0.4766,0.9066,0.3144,1.8864,118,160,59,28,74,439
"[15, 34, 75]",0.3392,0.4847,-0.0969,0.1521,0.2496,0.7509,0.3133,1.8796,152,173,96,29,91,541
"[5, 55, 144]",0.0417,0.2959,0.0120,0.1850,0.4572,0.8870,0.3131,1.8788,159,179,85,36,91,550
"[15, 34, 50]",0.2109,0.3682,0.0274,0.1469,0.2903,0.8343,0.3130,1.8781,130,151,79,23,82,465
"[13, 60, 144]",0.1918,0.4018,-0.0611,0.0696,0.5507,0.7244,0.3128,1.8771,101,128,52,17,67,365
"[10, 60, 75]",0.1227,0.5672,-0.0748,0.2078,0.2843,0.7690,0.3127,1.8762,96,112,43,18,71,340
"[8, 55, 150]",0.0526,0.2050,-0.1205,0.3859,0.6194,0.7263,0.3114,1.8686,140,171,69,28,77,485
"[8, 55, 144]",0.0526,0.2378,-0.1196,0.3969,0.6188,0.6731,0.3099,1.8596,137,173,70,28,76,484
"[10, 40, 233]",0.6067,0.0548,-0.0957,0.2299,0.4757,0.5880,0.3099,1.8594,172,190,114,33,88,597
"[5, 40, 100]",0.3489,0.4885,-0.1737,0.3317,0.1836,0.6794,0.3097,1.8584,207,255,108,41,111,722
"[10, 40, 55]",0.6001,0.3464,-0.0971,0.1454,0.0826,0.7781,0.3093,1.8556,124,152,75,25,77,453
"[13, 55, 150]",0.0905,0.3904,-0.1262,0.1525,0.4428,0.8921,0.3070,1.8421,110,126,59,23,72,390
"[10, 60, 89]",0.1429,0.4988,-0.0285,0.1907,0.2617,0.7731,0.3064,1.8387,100,112,45,19,71,347
"[8, 40, 55]",0.5369,0.1786,-0.1501,0.1389,0.1386,0.9876,0.3051,1.8305,140,186,81,36,84,527
"[10, 40, 200]",0.5080,0.0299,-0.1013,0.2456,0.4676,0.6805,0.3050,1.8302,170,189,110,34,88,591
"[15, 34, 60]",0.2193,0.4406,-0.0475,0.1812,0.3028,0.7273,0.3039,1.8237,140,168,90,25,85,508
"[5, 40, 144]",0.2851,0.3803,-0.2265,0.3584,0.3174,0.7079,0.3038,1.8227,224,258,112,43,115,752
"[13, 55, 233]",0.0532,0.3278,-0.1001,0.1603,0.3605,1.0159,0.3029,1.8175,113,135,63,27,74,412
"[5, 60, 100]",0.1260,0.2988,-0.0089,0.1780,0.3551,0.8629,0.3020,1.8120,142,163,81,31,85,502
"[8, 40, 60]",0.4864,0.2111,-0.1564,0.1407,0.1598,0.9682,0.3016,1.8099,146,192,84,36,85,543
"[13, 34, 40]",0.2215,0.4396,0.0169,0.2653,0.2858,0.5781,0.3012,1.8073,108,130,84,20,72,414
"[13, 60, 200]",0.2760,0.2595,-0.0604,0.0543,0.5024,0.7621,0.2990,1.7938,108,133,55,18,68,382
"[15, 34, 100]",0.3681,0.5150,-0.0995,0.1247,0.1819,0.7000,0.2984,1.7903,164,190,108,30,93,585
"[13, 55, 144]",0.0905,0.3904,-0.1253,0.1499,0.4428,0.8390,0.2979,1.7873,110,126,59,23,71,389
"[5, 40, 150]",0.2851,0.3819,-0.2275,0.3425,0.3066,0.6970,0.2976,1.7856,227,257,115,42,115,756
"[10, 40, 60]",0.5621,0.3313,-0.0922,0.1483,0.1128,0.7187,0.2968,1.7809,131,159,79,25,77,471
"[10, 40, 89]",0.5753,0.3835,-0.2091,0.1734,0.1246,0.7329,0.2968,1.7806,141,170,90,26,81,508
"[8, 60, 150]",0.1733,0.0615,0.0681,0.2012,0.4034,0.8725,0.2966,1.7799,120,149,73,25,70,437
"[8, 60, 144]",0.1733,0.0615,0.0676,0.1973,0.4034,0.8689,0.2953,1.7718,120,149,71,25,70,435
"[13, 60, 100]",0.1911,0.5032,-0.0812,0.1145,0.4581,0.5861,0.2953,1.7718,94,118,51,17,63,343
"[8, 40, 50]",0.5402,0.0802,-0.1884,0.1326,0.1698,1.0334,0.2946,1.7678,136,178,74,36,81,505
"[10, 55, 60]",-0.0683,0.4918,0.0091,0.1694,0.4075,0.7484,0.2930,1.7578,95,128,41,29,58,351
"[15, 34, 89]",0.3489,0.5233,-0.1652,0.1024,0.2449,0.6972,0.2919,1.7515,163,183,104,30,92,572
"[13, 55, 200]",0.0599,0.2387,-0.1025,0.1603,0.3787,1.0137,0.2915,1.7488,112,135,62,25,72,406
"[8, 55, 200]",0.0624,0.1163,-0.1205,0.4138,0.5278,0.7473,0.2912,1.7471,144,174,66,30,77,491
"[15, 34, 55]",0.2351,0.3985,-0.0058,0.1490,0.2506,0.7119,0.2899,1.7394,135,164,84,24,82,489
"[5, 55, 100]",0.0827,0.3788,-0.0374,0.1768,0.3015,0.8347,0.2895,1.7371,151,173,80,32,88,524
"[10, 40, 75]",0.6213,0.3567,-0.1669,0.1269,0.1215,0.6707,0.2884,1.7301,137,163,84,25,77,486
"[10, 40, 50]",0.5877,0.2669,-0.1341,0.1771,0.0148,0.8085,0.2868,1.7208,120,143,69,25,73,430
"[8, 55, 233]",0.0998,0.0302,-0.1183,0.4175,0.5066,0.7831,0.2865,1.7191,143,174,70,31,76,494
"[5, 55, 60]",0.0593,0.3707,-0.0362,0.0873,0.3142,0.9117,0.2845,1.7071,139,161,75,33,82,490
"[13, 60, 233]",0.2674,0.2224,-0.0572,0.0646,0.4842,0.7145,0.2827,1.6960,109,131,55,19,68,382
"[10, 55, 75]",0.0137,0.4354,-0.0464,0.2249,0.3396,0.6960,0.2772,1.6631,99,138,47,29,57,370
"[15, 60, 150]",0.3304,0.2131,0.0307,0.0207,0.5235,0.5428,0.2769,1.6612,94,115,42,20,62,333
"[5, 40, 89]",0.4311,0.4214,-0.1411,0.3657,0.0787,0.5054,0.2769,1.6612,207,250,102,38,106,703
"[5, 40, 200]",0.3693,-0.0089,-0.2127,0.4058,0.4320,0.6676,0.2755,1.6531,243,257,125,42,118,785
"[8, 60, 233]",0.1767,0.0144,0.0617,0.1545,0.3369,0.9077,0.2753,1.6519,122,151,75,28,69,445
"[21, 40, 55]",0.4780,0.2543,0.0517,0.2724,0.2656,0.3291,0.2752,1.6511,113,135,76,21,66,411
"[21, 40, 100]",0.4045,0.3034,0.0962,0.2167,0.2668,0.3585,0.2744,1.6461,142,159,88,28,76,493
"[10, 55, 100]",0.0519,0.4190,-0.0945,0.1509,0.3774,0.7316,0.2727,1.6364,108,143,52,29,61,393
"[10, 55, 89]",0.0272,0.4190,-0.0851,0.2258,0.2896,0.7396,0.2693,1.6161,106,141,48,29,59,383
"[5, 40, 75]",0.4050,0.3857,-0.1779,0.4103,0.1189,0.4724,0.2691,1.6144,197,241,99,41,100,678
"[21, 75, 233]",0.5072,0.1036,-0.0461,0.1434,0.4417,0.4471,0.2662,1.5969,65,85,36,26,45,257
"[8, 55, 60]",-0.0191,0.2854,-0.1768,0.3996,0.4031,0.6972,0.2649,1.5895,116,146,51,25,67,405
"[5, 40, 50]",0.3103,0.2814,-0.1805,0.3488,0.2919,0.5372,0.2649,1.5892,186,212,94,41,95,628
"[8, 60, 200]",0.1526,-0.0476,0.0676,0.1413,0.3470,0.9266,0.2646,1.5875,124,150,73,26,68,441
"[13, 60, 89]",0.1916,0.5188,-0.0793,0.0557,0.3162,0.5844,0.2646,1.5873,90,113,46,17,60,326
"[13, 60, 75]",0.1720,0.5799,-0.0975,0.0597,0.3073,0.5629,0.2641,1.5844,91,109,46,16,61,323
"[15, 55, 233]",0.2411,0.2907,-0.1837,0.1652,0.4686,0.6010,0.2638,1.5829,106,143,61,27,66,403
"[5, 55, 89]",0.0715,0.3828,-0.0745,0.1291,0.2143,0.8480,0.2619,1.5712,155,171,76,33,87,522
"[15, 34, 40]",0.1315,0.2704,-0.0529,0.1669,0.2851,0.7651,0.2610,1.5661,117,125,73,18,71,404
"[15, 55, 150]",0.2870,0.2847,-0.2098,0.1589,0.5518,0.4914,0.2607,1.5639,100,134,58,22,62,376
"[21, 40, 60]",0.4523,0.2217,0.0293,0.2736,0.2691,0.3164,0.2604,1.5623,118,142,78,23,66,427
"[21, 40, 200]",0.3530,-0.0029,0.1362,0.3000,0.4544,0.3186,0.2599,1.5592,163,182,102,26,82,555
"[15, 60, 200]",0.3454,0.1477,0.0551,0.0098,0.4155,0.5851,0.2598,1.5587,99,121,44,21,63,348
"[8, 55, 100]",0.0091,0.2194,-0.2080,0.4331,0.4230,0.6703,0.2578,1.5469,128,162,64,25,72,451
"[5, 55, 75]",0.0605,0.3835,-0.1291,0.1583,0.2165,0.8572,0.2578,1.5469,151,167,74,33,85,510
"[15, 60, 144]",0.2858,0.2127,0.0307,0.0214,0.4517,0.5428,0.2575,1.5451,94,115,42,20,60,331
"[10, 89, 233]",0.3699,0.0615,0.0684,0.3415,0.2836,0.4061,0.2552,1.5310,83,88,42,25,49,287
"[5, 40, 233]",0.4156,0.0154,-0.1681,0.3859,0.3931,0.4870,0.2548,1.5290,245,257,126,43,117,788
"[21, 75, 200]",0.4413,0.1098,-0.0294,0.1423,0.4552,0.4068,0.2543,1.5259,68,87,36,27,45,263
"[21, 40, 150]",0.3351,0.1414,0.1430,0.2363,0.4489,0.2208,0.2542,1.5255,155,169,98,28,78,528
"[5, 60, 89]",0.1544,0.2767,-0.0539,0.1126,0.2111,0.8240,0.2542,1.5249,140,162,73,30,80,485
"[21, 40, 144]",0.3306,0.1393,0.1052,0.2465,0.4706,0.2318,0.2540,1.5239,153,168,94,28,77,520
"[15, 55, 200]",0.2475,0.2043,-0.1861,0.1652,0.4858,0.5988,0.2526,1.5155,105,142,60,25,64,396
"[15, 55, 144]",0.2870,0.2847,-0.2089,0.1565,0.5518,0.4382,0.2516,1.5093,100,134,58,22,61,375
"[5, 60, 75]",0.2373,0.3360,-0.1016,0.1082,0.1624,0.7661,0.2514,1.5084,139,160,70,28,79,476
"[21, 40, 75]",0.4134,0.2704,-0.0029,0.2796,0.2435,0.3011,0.2508,1.5051,130,148,81,25,69,453
"[8, 55, 89]",0.0082,0.2166,-0.2000,0.4656,0.3340,0.6774,0.2503,1.5017,126,158,58,25,71,438
"[13, 55, 100]",0.0640,0.3991,-0.1362,0.1561,0.2716,0.7403,0.2491,1.4949,101,119,50,20,64,354
"[21, 40, 233]",0.3304,-0.0178,0.1611,0.2889,0.4603,0.2640,0.2478,1.4870,166,187,103,27,81,564
"[8, 75, 200]",0.0611,0.2375,-0.1194,0.2729,0.3145,0.7092,0.2460,1.4758,127,132,57,27,68,411
"[8, 75, 233]",0.0878,0.1967,-0.1184,0.2552,0.3773,0.6750,0.2456,1.4735,127,129,58,28,68,410
"[21, 75, 150]",0.2915,0.0646,-0.0339,0.1333,0.5948,0.4187,0.2449,1.4692,68,77,35,25,44,249
"[8, 60, 100]",0.1074,0.0160,0.0353,0.1606,0.3415,0.8068,0.2446,1.4676,120,135,72,22,67,416
"[15, 60, 233]",0.3059,0.1464,0.0600,0.0181,0.3983,0.5385,0.2445,1.4672,100,119,45,23,62,349
"[8, 55, 75]",-0.0053,0.2133,-0.2338,0.4642,0.3548,0.6658,0.2432,1.4589,121,156,57,25,69,428
"[21, 60, 150]",0.0925,0.1919,-0.0292,0.0864,0.6059,0.5087,0.2427,1.4562,85,112,44,20,56,317
"[5, 40, 60]",0.3305,0.4004,-0.1834,0.3337,0.0619,0.4992,0.2404,1.4423,196,228,96,41,97,658
"[8, 75, 150]",-0.0193,0.2082,-0.1165,0.2406,0.3537,0.7752,0.2403,1.4419,126,126,54,23,68,397
"[10, 89, 200]",0.3917,0.0451,0.0712,0.3415,0.1522,0.4357,0.2396,1.4374,86,87,44,24,48,289
"[13, 89, 233]",0.4265,-0.0102,0.1084,0.3467,0.2509,0.3138,0.2393,1.4361,70,83,43,18,46,260
"[21, 75, 144]",0.2548,0.0735,-0.0315,0.1211,0.5940,0.4187,0.2384,1.4306,68,76,36,25,43,248
"[21, 89, 144]",0.3726,0.3965,0.0799,0.2508,0.0983,0.2317,0.2383,1.4298,51,71,34,20,42,218
"[8, 75, 144]",-0.0193,0.1960,-0.1165,0.2247,0.3660,0.7752,0.2377,1.4261,125,127,55,24,67,398
"[15, 60, 100]",0.2884,0.2562,0.0364,0.0531,0.4014,0.3821,0.2363,1.4177,87,104,40,21,55,307
"[5, 40, 55]",0.3440,0.3701,-0.1849,0.3304,0.0589,0.4976,0.2360,1.4161,193,219,92,41,96,641
"[21, 89, 150]",0.3938,0.3586,0.0810,0.2508,0.0983,0.2317,0.2357,1.4142,52,72,35,20,42,221
"[21, 89, 233]",0.4553,0.2342,0.1553,0.2571,0.1255,0.1851,0.2354,1.4126,57,75,37,21,43,233
"[15, 60, 75]",0.2449,0.3792,0.0567,0.0027,0.3639,0.3574,0.2341,1.4049,82,93,35,20,54,284
"[13, 55, 75]",0.0267,0.4915,-0.1835,0.1708,0.2140,0.6742,0.2323,1.3935,95,112,48,21,60,336
"[21, 40, 89]",0.3612,0.2380,0.0037,0.2717,0.1648,0.3501,0.2316,1.3895,140,150,85,26,71,472
"[13, 55, 89]",0.0394,0.3991,-0.1296,0.1717,0.1940,0.7125,0.2312,1.3870,101,118,48,21,62,350
"[15, 55, 60]",0.1017,0.4837,-0.0980,0.1421,0.3782,0.3774,0.2309,1.3853,76,102,41,22,51,292
"[13, 89, 100]",0.4040,0.0565,0.2059,0.2336,0.0827,0.3903,0.2288,1.3730,71,76,43,13,46,249
"[21, 60, 144]",0.0479,0.1919,-0.0292,0.1152,0.5247,0.5094,0.2267,1.3599,84,114,44,20,54,316
"[13, 89, 200]",0.4342,0.0105,0.1136,0.3467,0.0974,0.3514,0.2256,1.3538,72,84,43,18,45,262
"[13, 55, 60]",-0.1182,0.4713,-0.1258,0.1143,0.3063,0.6996,0.2246,1.3475,92,106,42,21,57,318
"[15, 60, 89]",0.2652,0.3185,0.0779,-0.0012,0.3098,0.3750,0.2242,1.3451,83,101,36,19,53,292
"[15, 89, 233]",0.2564,-0.0474,0.0421,0.3457,0.3866,0.3506,0.2223,1.3341,59,84,42,18,41,244
"[10, 89, 144]",0.3327,0.0770,0.0086,0.3106,0.1782,0.4257,0.2221,1.3328,84,88,43,23,46,284
"[21, 55, 150]",0.3373,0.5034,-0.0415,0.0126,0.4497,0.0636,0.2208,1.3251,94,135,59,33,44,365
"[21, 89, 200]",0.4203,0.2342,0.1553,0.2571,0.0462,0.2109,0.2207,1.3241,55,74,35,20,41,225
"[21, 40, 50]",0.4247,0.1286,0.0226,0.3004,0.1397,0.3067,0.2205,1.3227,109,128,71,17,57,382
"[15, 55, 100]",0.2601,0.2978,-0.1872,0.1712,0.3733,0.4051,0.2200,1.3203,92,123,48,21,56,340
"[10, 89, 150]",0.3327,0.0657,0.0097,0.3106,0.1782,0.4028,0.2166,1.2997,86,89,43,23,46,287
"[21, 60, 100]",0.0732,0.2483,-0.0531,0.1034,0.4697,0.4287,0.2117,1.2702,79,103,42,18,51,293
"[13, 75, 200]",0.3843,0.1801,-0.0597,0.1123,0.3549,0.2956,0.2112,1.2675,85,98,58,27,45,313
"[8, 60, 89]",0.0645,0.0133,-0.0159,0.1984,0.2046,0.7994,0.2107,1.2644,120,131,67,22,64,404
"[21, 55, 144]",0.3373,0.4832,-0.0417,0.0111,0.4497,0.0105,0.2083,1.2500,95,134,59,33,43,364
"[13, 40, 233]",0.2617,0.1293,-0.1077,-0.1353,0.4403,0.6592,0.2079,1.2474,174,191,92,30,82,569
"[13, 89, 144]",0.3633,0.0417,0.0820,0.2881,0.1324,0.3390,0.2078,1.2465,71,81,42,18,43,255
"[21, 60, 200]",0.0569,0.1547,-0.0286,0.0955,0.4367,0.5279,0.2072,1.2432,91,115,47,20,55,328
"[5, 75, 150]",-0.1356,0.5079,-0.2679,0.0432,0.4672,0.6278,0.2071,1.2427,146,133,65,23,74,441
"[15, 55, 75]",0.2394,0.3289,-0.1571,0.1801,0.2848,0.3599,0.2060,1.2360,87,111,47,21,54,320
"[13, 40, 200]",0.2203,0.0511,-0.1115,-0.1256,0.4321,0.7675,0.2056,1.2339,174,188,91,29,84,566
"[13, 75, 233]",0.4004,0.1540,-0.0750,0.0738,0.3660,0.3039,0.2038,1.2230,85,97,57,26,44,309
"[10, 89, 100]",0.4075,-0.0301,0.0790,0.2776,0.0622,0.4250,0.2036,1.2213,86,88,41,20,45,280
"[15, 55, 89]",0.2601,0.2978,-0.1908,0.1810,0.2973,0.3760,0.2035,1.2213,92,121,47,21,55,336
"[8, 60, 75]",0.0630,0.0817,-0.0798,0.1918,0.1927,0.7693,0.2031,1.2187,118,130,63,20,63,394
"[21, 55, 60]",0.1645,0.5645,0.0972,0.0249,0.3329,0.0330,0.2028,1.2170,67,94,46,31,39,277
"[13, 89, 150]",0.3633,0.0294,0.0832,0.2881,0.1324,0.3161,0.2021,1.2125,73,82,42,18,43,258
"[13, 75, 150]",0.1928,0.1779,-0.0367,0.0885,0.4657,0.3168,0.2008,1.2049,83,92,53,23,44,295
"[5, 75, 144]",-0.1356,0.4929,-0.2679,0.0213,0.4672,0.5973,0.1959,1.1753,146,132,65,23,73,439
"[21, 55, 75]",0.2683,0.5028,0.0828,0.0142,0.3291,-0.0220,0.1959,1.1753,77,103,49,33,41,303
"[15, 89, 200]",0.1856,-0.0266,0.0421,0.3457,0.2396,0.3882,0.1958,1.1746,61,84,42,17,39,243
"[21, 60, 233]",0.0276,0.1708,-0.0271,0.0955,0.4232,0.4786,0.1948,1.1687,91,115,46,21,54,327
"[13, 75, 144]",0.1928,0.1487,-0.0367,0.0701,0.4709,0.3168,0.1937,1.1625,83,91,54,23,43,294
"[8, 89, 233]",0.1575,0.2173,0.0677,0.2964,0.2592,0.1622,0.1934,1.1603,104,103,44,26,52,329
"[15, 89, 100]",0.0658,0.0315,0.1282,0.2343,0.2251,0.4651,0.1917,1.1499,62,74,43,14,39,232
"[8, 89, 100]",0.2018,0.2476,0.1761,0.1941,0.1131,0.2160,0.1914,1.1486,102,104,44,19,51,320
"[13, 40, 100]",0.2744,0.2369,-0.2140,-0.1921,0.2457,0.7974,0.1914,1.1484,157,170,80,29,76,512
"[8, 89, 144]",0.2350,0.2578,0.0664,0.2665,0.1587,0.1583,0.1905,1.1427,105,101,44,24,51,325
"[13, 40, 150]",0.1898,0.2202,-0.1907,-0.1853,0.3895,0.7173,0.1901,1.1406,173,182,87,28,82,552
"[5, 89, 100]",0.2163,0.3301,0.0193,0.1686,-0.0714,0.4767,0.1899,1.1396,127,122,53,21,62,385
"[21, 55, 100]",0.2895,0.5388,-0.0094,-0.0461,0.3471,0.0131,0.1888,1.1331,84,119,51,33,40,327
"[21, 89, 100]",0.3138,0.2891,0.0621,0.1881,0.0471,0.2320,0.1887,1.1322,48,65,31,17,36,197
"[21, 55, 233]",0.3155,0.5100,-0.0416,0.0195,0.1995,0.1169,0.1866,1.1198,102,145,59,25,59,390
"[5, 75, 200]",-0.0547,0.3992,-0.2713,0.0602,0.3376,0.6342,0.1842,1.1051,147,139,67,26,72,451
"[21, 55, 89]",0.2888,0.5388,0.0127,-0.0384,0.2914,0.0100,0.1839,1.1034,82,113,50,34,40,319
"[13, 40, 55]",0.2132,0.1893,-0.1999,-0.1196,0.1888,0.8249,0.1828,1.0968,134,142,70,23,71,440
"[21, 60, 89]",0.0855,0.2120,-0.0326,0.0294,0.3778,0.4215,0.1823,1.0936,76,98,36,28,35,273
"[5, 75, 233]",0.0120,0.3542,-0.2681,0.0362,0.3368,0.6182,0.1815,1.0892,147,135,68,27,72,449
"[8, 89, 150]",0.1588,0.2465,0.0675,0.2665,0.1833,0.1583,0.1801,1.0808,105,102,44,24,50,325
"[8, 89, 200]",0.1955,0.1763,0.0681,0.2964,0.1283,0.2138,0.1797,1.0785,104,100,45,26,50,325
"[15, 89, 144]",0.1175,-0.0025,0.0139,0.2890,0.2806,0.3763,0.1791,1.0748,60,81,42,17,37,237
"[21, 55, 200]",0.3193,0.4400,-0.0429,0.0195,0.2130,0.1162,0.1775,1.0650,100,141,60,24,57,382
"[15, 89, 150]",0.1175,-0.0148,0.0150,0.2890,0.2806,0.3763,0.1773,1.0636,61,82,42,17,37,239
"[21, 75, 100]",0.1616,0.0687,-0.0516,0.1038,0.4556,0.3054,0.1739,1.0435,66,67,36,20,36,225
"[13, 40, 144]",0.1898,0.2175,-0.2349,-0.1893,0.3277,0.7283,0.1732,1.0391,172,183,84,28,80,547
"[21, 60, 75]",0.0362,0.2711,-0.0229,0.0193,0.4102,0.3158,0.1716,1.0298,73,91,36,26,34,260
"[21, 75, 89]",0.1645,0.0687,-0.0591,0.0804,0.4315,0.3170,0.1672,1.0032,64,67,36,19,34,220
"[13, 40, 89]",0.2533,0.2088,-0.2124,-0.1573,0.1225,0.7872,0.1670,1.0021,154,161,75,27,73,490
"[10, 75, 144]",0.0147,0.2074,-0.1504,0.0631,0.3344,0.5090,0.1630,0.9783,110,104,60,27,50,351
"[13, 40, 75]",0.2628,0.1748,-0.2241,-0.1506,0.1518,0.7592,0.1623,0.9739,150,155,73,26,71,475
"[15, 75, 150]",0.1758,0.1050,-0.1145,0.0923,0.5788,0.1330,0.1617,0.9704,79,87,49,28,26,269
"[10, 75, 200]",0.1133,0.2460,-0.1791,0.1298,0.2236,0.4342,0.1613,0.9678,112,108,61,31,51,363
"[13, 40, 60]",0.2011,0.1601,-0.2128,-0.1179,0.1576,0.7722,0.1600,0.9603,143,149,72,24,71,459
"[15, 75, 144]",0.1758,0.1050,-0.1145,0.0740,0.5839,0.1330,0.1595,0.9572,80,86,50,28,26,270
"[13, 40, 50]",0.2017,0.1319,-0.2238,-0.0912,0.0900,0.8445,0.1588,0.9531,132,133,67,21,67,420
"[5, 89, 200]",0.1328,0.1971,-0.0759,0.1545,0.0674,0.4658,0.1570,0.9418,134,113,53,28,59,387
"[10, 75, 150]",0.0147,0.2377,-0.1504,0.0814,0.2470,0.5090,0.1566,0.9395,110,105,59,27,50,351
"[15, 75, 233]",0.3784,0.0053,-0.1543,0.1017,0.4697,0.1156,0.1527,0.9163,82,95,48,29,28,282
"[15, 75, 200]",0.3404,0.0233,-0.1390,0.1007,0.4700,0.1118,0.1512,0.9072,83,97,50,29,28,287
"[5, 89, 144]",0.0499,0.2457,-0.0783,0.1421,0.0754,0.4692,0.1507,0.9040,133,113,53,28,58,385
"[10, 75, 233]",0.1284,0.2014,-0.1781,0.0912,0.2356,0.4147,0.1489,0.8933,114,106,60,31,50,361
"[8, 75, 89]",0.0393,-0.1576,-0.0991,0.2723,0.2809,0.5314,0.1445,0.8672,123,120,56,21,55,375
"[5, 89, 233]",0.1250,0.1965,-0.0851,0.1545,0.0575,0.4053,0.1423,0.8537,138,115,53,28,60,394
"[8, 75, 100]",-0.0106,-0.1042,-0.1009,0.2521,0.2757,0.5328,0.1408,0.8450,122,124,57,20,55,378
"[5, 89, 150]",-0.0282,0.2457,-0.0771,0.1421,0.0754,0.4692,0.1378,0.8271,133,113,53,28,57,384
"[15, 40, 233]",0.2415,0.0841,-0.0269,-0.0461,0.2508,0.3227,0.1377,0.8261,166,192,98,30,73,559
"[15, 40, 200]",0.1845,0.0395,-0.0300,-0.0529,0.2427,0.3568,0.1234,0.7406,167,188,98,29,73,555
"[15, 40, 150]",0.1613,0.1820,-0.1145,-0.1209,0.2187,0.2853,0.1020,0.6119,168,179,93,29,70,539
"[13, 75, 100]",0.0652,0.1031,-0.1528,0.0294,0.3859,0.1710,0.1003,0.6018,82,83,57,19,33,274
"[15, 40, 100]",0.2324,0.2221,-0.1416,-0.1293,0.0405,0.3672,0.0985,0.5913,155,167,87,29,65,503
"[15, 40, 55]",0.2563,0.2161,-0.1277,-0.0419,-0.0672,0.3182,0.0923,0.5537,128,140,73,24,56,421
"[13, 75, 89]",0.0662,0.0637,-0.1318,0.0292,0.3324,0.1924,0.0920,0.5519,81,81,55,19,31,267
"[15, 40, 144]",0.1613,0.2148,-0.1523,-0.1263,0.1569,0.2962,0.0918,0.5508,167,178,91,29,69,534
"[5, 75, 89]",-0.1714,0.1555,-0.0918,0.0745,0.3016,0.2712,0.0899,0.5394,149,133,68,20,60,430
"[15, 75, 100]",0.0651,0.0383,-0.1460,0.0385,0.4995,0.0002,0.0826,0.4956,80,76,52,27,17,252
"[15, 75, 89]",0.0640,0.0214,-0.1397,0.0711,0.4487,0.0226,0.0813,0.4880,80,74,51,27,17,249
"[15, 40, 60]",0.2041,0.1592,-0.1420,-0.0403,-0.0960,0.3334,0.0697,0.4184,138,147,76,25,57,443
"[15, 40, 89]",0.2127,0.1604,-0.1412,-0.0730,-0.1007,0.3570,0.0692,0.4151,152,157,83,27,61,480
"[5, 75, 100]",-0.1712,0.1785,-0.2611,0.0157,0.2960,0.3536,0.0686,0.4115,149,132,68,20,60,429
"[15, 40, 75]",0.2657,0.1264,-0.1517,-0.0664,-0.0706,0.3067,0.0683,0.4101,148,151,81,27,59,466
"[10, 75, 89]",-0.0431,0.0357,-0.2193,0.1321,0.1938,0.3101,0.0682,0.4092,104,101,57,22,39,323
"[15, 40, 50]",0.2363,0.1040,-0.1508,-0.0176,-0.1442,0.2939,0.0536,0.3215,127,132,68,22,50,399
"[10, 75, 100]",-0.0937,0.0740,-0.2373,0.0480,0.2353,0.2772,0.0506,0.3034,108,102,59,23,38,330
